id;veroeffentlicht;titel;auftraggeber;ort;wert_eur;frist;cpv;score;url
447978-2026;;Deutschland – Gebäudereinigung – IGM 26E1002 - Staatliches Baumanagement Braunschweig, Fachbereich Gebäudemanagement - Behördenzentrum Lüneburg, Auf der Hude 2 - Unterhalts- und Glasreinigung;Land Niedersachsen vertreten durch das Staatliche Baumanagement Niedersachsen;Braunschweig;886720;2026-08-11T07:30:00.000Z;90911200 90911300;95;https://ted.europa.eu/bg/notice/-/detail/447978-2026
449628-2026;;Deutschland – Reinigungsdienste – Unterhalts-, Grund- und Sonderreinigung (Los 1) sowie Glas- und Rahmenreinigung (Los 2) in der Liegenschaft des BMWE am Dienstsitz Bonn;Bundesministerium für Wirtschaft und Energie;Berlin;3024000;2026-08-06T21:59:00.000Z;90910000 90911200 90919200 90911300 90919100;95;https://ted.europa.eu/bg/notice/-/detail/449628-2026
467987-2026;;Deutschland – Wohnungs-, Gebäude- und Fensterreinigung – Reinigungsleistung in Objekten der Sennegemeinde Hövelhof;Sennegemeinde Hövelhof;Hövelhof;1011000;2026-08-06T08:00:00.000Z;90911000;95;https://ted.europa.eu/bg/notice/-/detail/467987-2026
469202-2026;;Deutschland – Reinigungsdienste – Unterhalts- und Grundreinigung in 73 städtischen Objekten 2027;Stadt Sindelfingen;Böblingen;11819537;2026-08-17T07:59:00.000Z;90910000;95;https://ted.europa.eu/bg/notice/-/detail/469202-2026
476515-2026;;Deutschland – Gebäudereinigung – Unterhaltsreinigung der Büroflächen ab 2027;Verbraucherzentrale Bundesverband e.V.;Berlin;217000;2026-08-17T10:00:00.000Z;90911200 90910000 90911300;95;https://ted.europa.eu/bg/notice/-/detail/476515-2026
479431-2026;;Deutschland – Gebäudereinigung – Grund- und Veranstaltungsreinigung der Sparkassen-Arena in Bernau bei Berlin;Stadt Bernau bei Berlin;Bernau bei Berlin;291600;2026-08-10T07:00:00.000Z;90911200;95;https://ted.europa.eu/bg/notice/-/detail/479431-2026
496848-2026;;Deutschland – Reinigungsdienste – Casinoreinigung;Deutsche Welle, Standort Bonn;Bonn;917250.88;2026-08-19T08:00:00.000Z;90910000;95;https://ted.europa.eu/bg/notice/-/detail/496848-2026
498680-2026;;Deutschland – Reinigungsdienste – Industriereinigung MHKW;Technische Werke Ludwigshafen am Rhein AG;Ludwigshafen;2400000;2026-08-16T21:59:00.000Z;90910000;95;https://ted.europa.eu/bg/notice/-/detail/498680-2026
512256-2026;;Deutschland – Reinigungsdienste – PRO-2880457089 - Provision of Cleaning Services all buildings;European Central Bank;Frankfurt am Main;16500000;2026-08-27T10:00:00.000Z;90910000;95;https://ted.europa.eu/bg/notice/-/detail/512256-2026
431960-2026;;Deutschland – Gebäudereinigung – Offenes Verfahren (EU-weit) zur Vergabe von Gebäudereinigungsleistungen (Unterhaltsreinigung) für mehrere Liegenschaften in Bayern (Niederbayern) - VOEK 070-26;Bundesanstalt für Immobilienaufgaben;Bonn;;2026-08-11T07:00:00.000Z;90911200;83;https://ted.europa.eu/bg/notice/-/detail/431960-2026
436703-2026;;Deutschland – Gebäudereinigung – UHR Günderrodeschule;Stadt Frankfurt am Main, Amt für Bau und Immobilien;Frankfurt am Main;;2026-08-25T10:00:00.000Z;90911200;83;https://ted.europa.eu/bg/notice/-/detail/436703-2026
436808-2026;;Deutschland – Gebäudereinigung – Reinigungsdienstleistungen im EWE Konzern;EWE AG;Oldenburg;;2036-12-31T11:00:00.000Z;90911200 90910000;83;https://ted.europa.eu/bg/notice/-/detail/436808-2026
437769-2026;;Deutschland – Gebäudereinigung – Abschluss eines Rahmenvertrages über die Unterhaltsreinigung in der Unteroffizier-Friederike-Krüger-Kaserne, 2026/1488 Sch;Bundeswehr-Dienstleistungszentrum Munster;Munster;;2026-08-31T11:00:00.000Z;90911200;83;https://ted.europa.eu/bg/notice/-/detail/437769-2026
438323-2026;;Deutschland – Gebäudereinigung – Offenes Verfahren (EU-weit) zur Vergabe von Gebäudereinigungsleistungen (Unterhaltsreinigungsleistungen) für mehrere Liegenschaften in Passau - VOEK 069-26;Bundesanstalt für Immobilienaufgaben;Bonn;;2026-08-11T07:00:00.000Z;90911200;83;https://ted.europa.eu/bg/notice/-/detail/438323-2026
439431-2026;;Deutschland – Gebäudereinigung – Laufende Innen-, Grund-, Glas- und Kehrreinigung in der Grund- und Mittelschule und Kinderhort, Sperberstr. 85 und Mittagsbetreuung in der Langobardenstr. 15, 90459 Nürnberg;Stadt Nürnberg - Zentrale Dienste;Nürnberg;;2026-08-10T21:59:00.000Z;90911200;83;https://ted.europa.eu/bg/notice/-/detail/439431-2026
440357-2026;;Deutschland – Gebäudereinigung – Unterhalts- sowie Glas- und Rahmenreinigung für das FA Würzburg mit der ASt Ochsenfurt;Freistaat Bayern vertreten durch das Bayerische Landesamt für Steuern - Zentrale Vergabestelle -;München;;2026-08-05T08:00:00.000Z;90911200 90911300;83;https://ted.europa.eu/bg/notice/-/detail/440357-2026
445792-2026;;Deutschland – Gebäudereinigung – Offenes Verfahren (EU-weit) zur Vergabe von Gebäudereinigungsleistungen (Unterhalts- und Glasreinigungsleistungen) für die Bundespolizei in Puttgarden (Fehmarn) VOEK 322-26;Bundesanstalt für Immobilienaufgaben;Bonn;;2026-08-24T07:00:00.000Z;90911200 90911300;83;https://ted.europa.eu/bg/notice/-/detail/445792-2026
448122-2026;;Deutschland – Gebäudereinigung – Objektreinigungen im Stadtteil Neckarstadt West - Teil 1;Stadt Mannheim - Fachbereich Bau- und Immobilienmanagement;Mannheim;;2026-08-11T08:15:00.000Z;90911200 90911300;83;https://ted.europa.eu/bg/notice/-/detail/448122-2026
448199-2026;;Deutschland – Gebäudereinigung – WEG - Unterhalts-, Glas- und Rahmenreinigung;Wirtschaftsentwicklungsgesellschaft Bochum mbH;Bochum;;2026-08-20T09:00:00.000Z;90911200 90911000 90919200 90910000 90911300;83;https://ted.europa.eu/bg/notice/-/detail/448199-2026
453285-2026;;Deutschland – Gebäudereinigung – UHR Schule am Ried;Stadt Frankfurt am Main, Amt für Bau und Immobilien;Frankfurt am Main;;2026-08-11T10:00:00.000Z;90911200;83;https://ted.europa.eu/bg/notice/-/detail/453285-2026
454392-2026;;Deutschland – Gebäudereinigung – RV Gebäudereinigung StOBereich Leer_Ramsloh 6003073293-BwDLZ Leer;Bundeswehr-Dienstleistungszentrum Leer;Leer;;2026-08-12T11:00:00.000Z;90911200;83;https://ted.europa.eu/bg/notice/-/detail/454392-2026
456715-2026;;Deutschland – Gebäudereinigung – Unterhaltsreinigung Finanzamt in Lauterbach;Land Hessen, vertreten durch das Hessische Competence Center -Beschaffungen-;Wiesbaden;;2026-08-06T10:00:00.000Z;90911200;83;https://ted.europa.eu/bg/notice/-/detail/456715-2026
457302-2026;;Deutschland – Reinigungsdienste – Unterhaltsreinigung - TGO Technologie- und Gründerzentrum Oldenburg GmbH;TGO Technologie- und Gründerzentrum Oldenburg GmbH;Oldenburg;;2026-08-06T08:00:00.000Z;90910000 90911000 90911200;83;https://ted.europa.eu/bg/notice/-/detail/457302-2026
457898-2026;;Deutschland – Gebäudereinigung – IGM26E580018: PI Verden/Osterholz - Unterhaltsreinigung;Staatliches Baumanagement Region Nord-West;Bad Iburg;;2026-08-05T07:00:00.000Z;90911200;83;https://ted.europa.eu/bg/notice/-/detail/457898-2026
458002-2026;;Deutschland – Gebäudereinigung – RV Gebäudereinigung StOBereich Weener_Emden 6003073292-BwDLZ Leer;Bundeswehr-Dienstleistungszentrum Leer;Leer;;2026-08-12T11:00:00.000Z;90911200;83;https://ted.europa.eu/bg/notice/-/detail/458002-2026
461152-2026;;Deutschland – Gebäudereinigung – Gebäudereinigungsleistungen für das Landratsamt und die Gemeinschaftsunterkünfte in acht Losen;Kreis Weimarer Land;Apolda;;2026-08-10T08:00:00.000Z;90911200;83;https://ted.europa.eu/bg/notice/-/detail/461152-2026
462941-2026;;Deutschland – Gebäudereinigung – OV PDI & IZW Unterhaltsreinigung;Forschungsverbund Berlin e.V.;Berlin;;2026-08-17T09:00:00.000Z;90911200;83;https://ted.europa.eu/bg/notice/-/detail/462941-2026
463288-2026;;Deutschland – Gebäudereinigung – Gebäudereinigung Wasserwirtschaftsamt München;Wasserwirtschaftsamt München - Vergabestelle;München;;2026-08-06T10:00:00.000Z;90911200;83;https://ted.europa.eu/bg/notice/-/detail/463288-2026
463329-2026;;Deutschland – Bauarbeiten für Schulgebäude – 3220 Baureinigung;Zweckverband Staatliche weiterführende Schulen im Südosten des Landkreises München (Schulzweckverband Südost);Neubiberg;;2026-08-11T08:30:00.000Z;90910000 90911300 90911200 90911000;83;https://ted.europa.eu/bg/notice/-/detail/463329-2026
463475-2026;;Deutschland – Gebäudereinigung – UHR Archäologisches Museum + Kaiserpfalz;Stadt Frankfurt am Main, Amt für Bau und Immobilien;Frankfurt am Main;;2026-08-25T10:00:00.000Z;90911200;83;https://ted.europa.eu/bg/notice/-/detail/463475-2026
464250-2026;;Deutschland – Gebäudereinigung – Offenes Verfahren (EU-weit) zur Vergabe von Gebäudereinigungsleistungen (Unterhalts- und Glasreinigungsleistungen) für Bundesliegenschaften in Frankfurt am Main, Offenbach am Main, Bingen am Rhein und Langen, VOEK 158-26;Bundesanstalt für Immobilienaufgaben;Bonn;;2026-08-10T07:00:00.000Z;90911200 90911300;83;https://ted.europa.eu/bg/notice/-/detail/464250-2026
464426-2026;;Deutschland – Gebäudereinigung – EU-weite Vergabe im offenen Verfahren für die Unterhaltsreinigung des SZ Saarn (sanierter Altbau der Gesamtschule und Berufskolleg);Stadt Mülheim an der Ruhr;Mülheim an der Ruhr;;2026-08-13T08:00:00.000Z;90911200;83;https://ted.europa.eu/bg/notice/-/detail/464426-2026
465125-2026;;Deutschland – Fensterreinigung – Glas- und Rahmenreinigung in diversen Gebäuden der Technischen Universität Berlin in drei Losen;Technische Universität Berlin;Berlin;;2026-08-06T09:00:00.000Z;90911300;83;https://ted.europa.eu/bg/notice/-/detail/465125-2026
465159-2026;;Deutschland – Dienstleistungen des Sozialwesens – Betrieb einer städtischen Flüchtlingsunterkunft - Mecklenheidestr. 27 C -;Landeshauptstadt Hannover - Fachbereich Gesellschaftliche Teilhabe;Hannover;;2026-08-20T07:00:00.000Z;90911100;83;https://ted.europa.eu/bg/notice/-/detail/465159-2026
465188-2026;;Deutschland – Reinigungsdienste – Gebäudereinigung - Universität Leipzig, Burgstraße 21/23 (2.UG-5.OG) - Beginn 01.12.2026;Staatsbetrieb Sächsisches Immobilien- und Baumanagement, Zentrale, Zentralstelle Vergabe- und Vertragsmanagement;Dresden;;2026-08-18T07:00:00.000Z;90910000;83;https://ted.europa.eu/bg/notice/-/detail/465188-2026
465366-2026;;Deutschland – Gebäudereinigung – Gebäudereinigung Landkreises Elbe-Elster;Landkreis Elbe-Elster;Herzberg/Elster;;2026-08-06T21:59:00.000Z;90911200;83;https://ted.europa.eu/bg/notice/-/detail/465366-2026
466255-2026;;Deutschland – Büro-, Schul- und Büroausstattungsreinigung – 20260302-3306_Mietservice für Schmutzfangmatten;Bezirksamt Reinickendorf von Berlin;Berlin;;2026-08-07T07:00:00.000Z;90919000;83;https://ted.europa.eu/bg/notice/-/detail/466255-2026
466444-2026;;Deutschland – Gebäudereinigung – Ausschreibung Gebäudereinigung - Gemeinde Eichenau;Gemeinde Eichenau;Eichenau;;2026-08-11T08:00:00.000Z;90911200 90910000 90919300;83;https://ted.europa.eu/bg/notice/-/detail/466444-2026
467281-2026;;Deutschland – Gebäudereinigung – Unterhaltsreinigungsleistungen für die Büroflächen des IQWiG;Stiftung für Qualität und Wirtschaftlichkeit im Gesundheitswesen;Köln;;2026-08-06T10:00:00.000Z;90911200;83;https://ted.europa.eu/bg/notice/-/detail/467281-2026
467927-2026;;Deutschland – Reinigungs- und Hygienedienste – Reinigungsdienstleistungen für den Klinikneubau, Bauteil 6.1 des Klinikum Fürths;Klinikum Fürth;Fürth;;2026-08-05T21:59:00.000Z;90911200;83;https://ted.europa.eu/bg/notice/-/detail/467927-2026
467957-2026;;Deutschland – Wohnungs-, Gebäude- und Fensterreinigung – Unterhalts- und Glasreinigung PI Passau;Polizeipräsidium Niederbayern;Straubing;;2026-08-23T10:00:00.000Z;90911000;83;https://ted.europa.eu/bg/notice/-/detail/467957-2026
468180-2026;;Deutschland – Gebäudereinigung – Offenes Verfahren (EU-weit) zur Vergabe von Gebäudereinigungsleistungen (Unterhaltsreinigung) für drei Liegenschaften in Rosenheim und Bad Endorf, VOEK 066-26;Bundesanstalt für Immobilienaufgaben;Bonn;;2026-08-12T07:00:00.000Z;90911200;83;https://ted.europa.eu/bg/notice/-/detail/468180-2026
470007-2026;;Deutschland – Reinigungsdienste – ZV - Verein Sonderpädagogik - Unterhalts-, Grund- und Glasreinigung private Förderzentren;Verein Sonderpädagogik für Kinder im Coburger Land e.V.;Coburg;;2026-08-05T07:00:00.000Z;90910000;83;https://ted.europa.eu/bg/notice/-/detail/470007-2026
470011-2026;;Deutschland – Gebäudereinigung – Unterhaltsreinigung (ohne Glas) Gereon-Kaserne, Köln;Bundeswehr-Dienstleistungszentrum Köln;Köln;;2026-08-26T11:00:00.000Z;90911200 90911100;83;https://ted.europa.eu/bg/notice/-/detail/470011-2026
471097-2026;;Deutschland – Gebäudereinigung – Gebäudereinigung Grete-Weil-Str. 32;Landeshauptstadt München, Direktorium, Vergabestelle 1, SG 1;München;;2026-08-13T21:59:00.000Z;90911200 90911300;83;https://ted.europa.eu/bg/notice/-/detail/471097-2026
471313-2026;;Deutschland – Gebäudereinigung – Sporthalle Steinrausch Unterhaltsreinigung mit 1 x jährl. Grundreinigung;Kreisstadt Saarlouis;Saarlouis;;2026-08-10T08:00:00.000Z;90911200;83;https://ted.europa.eu/bg/notice/-/detail/471313-2026
471527-2026;;Deutschland – Gebäudereinigung – Gebäudereinigung Landkreises Elbe-Elster;Landkreis Elbe-Elster;Herzberg/Elster;;2026-08-06T21:59:00.000Z;90911200;83;https://ted.europa.eu/bg/notice/-/detail/471527-2026
472413-2026;;Deutschland – Reinigung von Unterkünften – Gebäudereinigung von Gemeinschaftsunterkünften;Landeshauptstadt München, Direktorium, Vergabestelle 1, SG 1;München;;2026-09-21T21:59:00.000Z;90911100 90911200 90911300;83;https://ted.europa.eu/bg/notice/-/detail/472413-2026
472436-2026;;Deutschland – Gebäudereinigung – Rahmenvereinbarung: Technische Reinigungsleistungen in gebäudetechnischen Betriebsräumen;Norddeutscher Rundfunk;Hamburg;;2026-08-10T10:00:00.000Z;90911200 90910000;83;https://ted.europa.eu/bg/notice/-/detail/472436-2026
473788-2026;;Deutschland – Reinigungsdienste – Unterhalts- und Grundreinigung bei der Hochschule Esslingen am Standort Göppingen;Vermögen und Bau Baden-Württemberg, Amt Schwäbisch Gmünd;Schwäbisch Gmünd;;2026-08-11T08:30:00.000Z;90910000;83;https://ted.europa.eu/bg/notice/-/detail/473788-2026
474898-2026;;Deutschland – Wohnungs-, Gebäude- und Fensterreinigung – 26E0301 Unterhalts- und Glasreinigung im Hauptjustizgebäude Koblenz;Land Rheinland-Pfalz, vertreten durch das Ministerium der Justiz und für Verbraucherschutz RLP, vertreten durch den Präsidenten des Amts- und Landgericht Koblenz;Koblenz;;2026-09-01T08:00:00.000Z;90911000;83;https://ted.europa.eu/bg/notice/-/detail/474898-2026
475240-2026;;Deutschland – Reinigungsdienste – Rahmenvertrag Haltestellenreinigung Kassel;Kasseler Verkehrs-Gesellschaft AG Das Vergabeverfahren erfolgt durch die Städtische Werke Netz + Service GmbH Eisenacher Str. 12 34123 Kassel;Kassel;;2026-08-12T08:00:00.000Z;90910000;83;https://ted.europa.eu/bg/notice/-/detail/475240-2026
475514-2026;;Deutschland – Gebäudereinigung – UR Sportleistungszentrum_Olympiastützpunkt_Erika-Fisch-Stadion;Landeshauptstadt Hannover - Fachbereich Personal und Organisation;Hannover;;2026-08-12T07:30:00.000Z;90911200;83;https://ted.europa.eu/bg/notice/-/detail/475514-2026
475876-2026;;Deutschland – Gebäudereinigung – Offenes Verfahren (EU-weit) zur Vergabe von Gebäudereinigungsleistungen (Unterhalts- und Glasreinigungsleistungen) für die FBS/ ZBMD Löbau und einen BImA Handwerkerstützpunkt, Bundesanstalt für Immobilienaufgaben, Direktion Erfurt VOEK 198-26;Bundesanstalt für Immobilienaufgaben;Bonn;;2026-08-31T07:00:00.000Z;90911200 90911300;83;https://ted.europa.eu/bg/notice/-/detail/475876-2026
476970-2026;;Deutschland – Gebäudereinigung – Abschluss Rahmenvertrag Unterhaltsreinigung/Glasreinigung in Bundeswehrliegenschaften am Standort Bad Frankenhausen;Bundeswehr-Dienstleistungszentrum Weißenfels;Weißenfels;;2026-08-12T11:00:00.000Z;90911200 90911300;83;https://ted.europa.eu/bg/notice/-/detail/476970-2026
477401-2026;;Deutschland – Reinigungsdienste – Externe Reinigungsleistungen des rbz steinburg;Regionales Berufsbildungszentrum;Itzehoe;;2026-08-17T21:59:00.000Z;90910000 90911000 90911200 90911300;83;https://ted.europa.eu/bg/notice/-/detail/477401-2026
477661-2026;;Deutschland – Reinigungsdienste – Reinigungsdienstleistungen DG Stralsund;DRV Bund Einkaufsmanagement;Berlin;;2026-08-13T08:00:00.000Z;90910000;83;https://ted.europa.eu/bg/notice/-/detail/477661-2026
477895-2026;;Deutschland – Gebäudereinigung – Reinigung PWC-Anlagen AS Kassel;Die Autobahn GmbH des Bundes - NL Nordwest;Hannover;;2026-08-10T09:00:00.000Z;90911200;83;https://ted.europa.eu/bg/notice/-/detail/477895-2026
478022-2026;;Deutschland – Gebäudereinigung – Unterhalts- sowie Glas- und Rahmenreinigung für das FA München, Abteilung IV;Freistaat Bayern vertreten durch das Bayerische Landesamt für Steuern - Zentrale Vergabestelle -;München;;2026-08-21T08:00:00.000Z;90911200 90911300;83;https://ted.europa.eu/bg/notice/-/detail/478022-2026
478291-2026;;Deutschland – Gebäudereinigung – Unterhaltsreinigung für das FA Mittelfranken-Ost, Standort Erlangen;Freistaat Bayern vertreten durch das Bayerische Landesamt für Steuern - Zentrale Vergabestelle -;München;;2026-08-20T08:00:00.000Z;90911200;83;https://ted.europa.eu/bg/notice/-/detail/478291-2026
478844-2026;;Deutschland – Gebäudereinigung – Unterhaltsreinigung;Landkreis Stade;Stade;;2026-08-26T21:59:00.000Z;90911200;83;https://ted.europa.eu/bg/notice/-/detail/478844-2026
479169-2026;;Deutschland – Gebäudereinigung – Objektreinigungen im Stadtteil Neckarau;Stadt Mannheim Fachbereich 25 - Bau- und Immobilienmanagement;Mannheim;;2026-08-11T08:45:00.000Z;90911200 90911300;83;https://ted.europa.eu/bg/notice/-/detail/479169-2026
479179-2026;;Deutschland – Gebäudereinigung – Gebäudereinigungsleistungen für das Förderzentrum der Lebenshilfe im Fichtelgebirge e.V.;Lebenshilfe im Fichtelgebirge e. V.;Marktredwitz;;2026-08-10T08:00:00.000Z;90911200 90911300;83;https://ted.europa.eu/bg/notice/-/detail/479179-2026
479961-2026;;Deutschland – Gebäudereinigung – Baufeinreinigung;Stadibau GmbH Gesellschaft für den Staatsbediensteten Wohnungsbau in Bayern mbH;München;;2026-08-14T10:00:00.000Z;90911200;83;https://ted.europa.eu/bg/notice/-/detail/479961-2026
480022-2026;;Deutschland – Reinigung von Schulen – Reinigung Grundschule Thomas Müntzer, Sporthalle Gehren;Landratsamt Ilm-Kreis;Arnstadt;;2026-08-20T11:00:00.000Z;90911300 90919300;83;https://ted.europa.eu/bg/notice/-/detail/480022-2026
480298-2026;;Deutschland – Reinigungs- und Hygienedienste – Unterhaltsreinigung;Max-Planck-Institut für Biologie des Alterns;Köln;;2026-08-17T10:00:00.000Z;90910000;83;https://ted.europa.eu/bg/notice/-/detail/480298-2026
480759-2026;;Deutschland – Gebäudereinigung – Unterhaltsreinigungsarbeiten an verschiedenen Standorten des Landkreises Schwäbisch Hall;Landratsamt Schwäbisch Hall;Schwäbisch Hall;;2026-08-10T08:00:00.000Z;90911200;83;https://ted.europa.eu/bg/notice/-/detail/480759-2026
481258-2026;;Deutschland – Wohnungs-, Gebäude- und Fensterreinigung – Reinigungsdienstleistungen der Stadt Ludwigsburg;Stadt Ludwigsburg;Ludwigsburg;;2026-08-10T09:00:00.000Z;90911000 90911200 90911300 90919200 90919300;83;https://ted.europa.eu/bg/notice/-/detail/481258-2026
481461-2026;;Deutschland – Reinigung von Schulen – Reinigung Gym. Goetheschule Haus 1, Internat Ilmenau;Landratsamt Ilm-Kreis;Arnstadt;;2026-08-25T11:00:00.000Z;90911300 90919300;83;https://ted.europa.eu/bg/notice/-/detail/481461-2026
482650-2026;;Deutschland – Reinigungsdienste – Gebäudereinigungsleistungen in den Objekten der medizinischen Einrichtungen des Bezirks Oberpfalz – KU (Anstalt des öffentlichen Rechts) Los 1, Los 2, Los 3 Unterhaltsreinigung und Zusatzleistungen an den Objekten der medbo in Wöllershof, Weiden und Parsberg;medbo - KU;Regensburg;;2026-08-14T08:00:00.000Z;90910000 90911200;83;https://ted.europa.eu/bg/notice/-/detail/482650-2026
482661-2026;;Deutschland – Reinigung von Schulen – Reinigung Grundschule und Sporthalle Ziolkowski, Ilmenau;Landratsamt Ilm-Kreis;Arnstadt;;2026-08-20T11:00:00.000Z;90911300 90919300;83;https://ted.europa.eu/bg/notice/-/detail/482661-2026
482723-2026;;Deutschland – Reinigung von Schulen – Reinigung RS Geschwister Scholl Ilmenau;Landratsamt Ilm-Kreis;Arnstadt;;2026-08-25T11:00:00.000Z;90911300 90919300;83;https://ted.europa.eu/bg/notice/-/detail/482723-2026
482735-2026;;Deutschland – Reinigungsdienste – 25EU/26 Unterhaltsreinigung Berufsbildende Schule Trier - Werk-/Dienstvertrag;Stadt Trier;Trier;;2026-08-18T09:00:00.000Z;90910000;83;https://ted.europa.eu/bg/notice/-/detail/482735-2026
484115-2026;;Deutschland – Fensterreinigung – BLB /Z /NL Aachen/Infrastrukturelle Gebäudedienstleistungen/Glas/Los 2.3_100-26-00148;Bau- und Liegenschaftsbetrieb NRW Zentrale;Düsseldorf;;2026-08-14T09:00:00.000Z;90911300;83;https://ted.europa.eu/bg/notice/-/detail/484115-2026
484195-2026;;Deutschland – Gebäudereinigung – Gebäudereinigung Landkreises Elbe-Elster;Landkreis Elbe-Elster;Herzberg/Elster;;2026-08-06T21:59:00.000Z;90911200;83;https://ted.europa.eu/bg/notice/-/detail/484195-2026
484927-2026;;Deutschland – Reinigungsdienste – Rahmenvereinbarung über die Reinigung von Dienst- und Schutzkleidung sowie sonstiger Textilien für die Feuerwehr der Stadt Hamm;Stadt Hamm, Bauverwaltungsamt, Zentrales Beschaffungsmanagement;Hamm;;2026-08-17T04:00:00.000Z;90910000;83;https://ted.europa.eu/bg/notice/-/detail/484927-2026
484929-2026;;Deutschland – Wohnungs-, Gebäude- und Fensterreinigung – Glas- und Gebäudereinigung Betriebsbereich östliche Emscher.;Emschergenossenschaft;Essen;;2026-09-15T08:00:00.000Z;90911000 90911200 90911300;83;https://ted.europa.eu/bg/notice/-/detail/484929-2026
485602-2026;;Deutschland – Gebäudereinigung – Rathaus Plauen;Stadt Plauen, Vergabestelle;Plauen;;2026-08-13T08:00:00.000Z;90911200;83;https://ted.europa.eu/bg/notice/-/detail/485602-2026
486600-2026;;Deutschland – Gebäudereinigung – BON Gebäudereinigung, Berufliche Oberschule der Stadt Nürnberg - BON 13, Nürnberg;WBG KOMMUNAL GmbH;Nürnberg;;2026-08-18T08:00:00.000Z;90911200;83;https://ted.europa.eu/bg/notice/-/detail/486600-2026
486882-2026;;Deutschland – Gebäudereinigung – Jobcenter Kreis Groß-Gerau, Unterhaltsreinigung;Kommunales Vergabezentrum Kreis Groß-Gerau für das Kommunale Jobcenter Groß-Gerau;Groß-Gerau;;2026-09-01T08:00:00.000Z;90911200;83;https://ted.europa.eu/bg/notice/-/detail/486882-2026
487443-2026;;Deutschland – Reinigungsdienste – Gebäudereinigung in Objekten der Gemeinde Krailling;Gemeinde Krailling;Krailling;;2026-08-14T08:00:00.000Z;90910000 90911000 90911200 90911300;83;https://ted.europa.eu/bg/notice/-/detail/487443-2026
487781-2026;;Deutschland – Gebäudereinigung – Baufeinreinigungsarbeiten;Staatliches Bauamt München 2;München;;2026-08-17T11:00:00.000Z;90911200 90911300;83;https://ted.europa.eu/bg/notice/-/detail/487781-2026
487904-2026;;Deutschland – Gebäudereinigung – Reinigungsdienstleistungen an diversen Stuttgarter Schulen;Landeshauptstadt Stuttgart, Haupt- und Personalamt, Abt. Allgemeiner Service, Zentraler Einkauf;Stuttgart;;2026-08-14T08:00:00.000Z;90911200;83;https://ted.europa.eu/bg/notice/-/detail/487904-2026
488280-2026;;Deutschland – Gebäudereinigung – Offenes Verfahren (EU-weit) zur Vergabe von Gebäudereinigungsleistungen (Unterhalts- und Glasreinigungsleistungen) für zwei Zollliegenschaften in Lübeck, Bundesanstalt für Immobilienaufgaben, Direktion Rostock, VOEK 210-26;Bundesanstalt für Immobilienaufgaben;Bonn;;2026-09-09T07:00:00.000Z;90911200 90911300;83;https://ted.europa.eu/bg/notice/-/detail/488280-2026
488395-2026;;Deutschland – Wohnungs-, Gebäude- und Fensterreinigung – Durchführung der tägl. Unterhaltsreinigung und einer jährl. WC-Grundreinigung (LOS 1), sowie einer jährl. Glasreinigung (LOS 2) an div. Verwaltungsobjekten in FB von 01/2027 - 12/30 + 4x 12 Monate;Wetteraukreis;Friedberg;;2026-08-18T07:00:00.000Z;90911000;83;https://ted.europa.eu/bg/notice/-/detail/488395-2026
488649-2026;;Deutschland – Gebäudereinigung – Gebäudereinigung 2027;Hochschule für Angewandte Wissenschaften Landshut;Landshut;;2026-09-18T10:00:00.000Z;90911200 90911000;83;https://ted.europa.eu/bg/notice/-/detail/488649-2026
489734-2026;;Deutschland – Reinigung von Schulen – Reinigung Dienstgebäude MBK & Staatl. Förderschule Lebach;Ministerium für Bildung und Kultur;Saarbrücken;;2026-08-14T10:00:00.000Z;90911200 90919300;83;https://ted.europa.eu/bg/notice/-/detail/489734-2026
489833-2026;;Deutschland – Gebäudereinigung – Gebäudereinigung Landkreises Elbe-Elster;Landkreis Elbe-Elster;Herzberg/Elster;;2026-08-06T21:59:00.000Z;90911200;83;https://ted.europa.eu/bg/notice/-/detail/489833-2026
490332-2026;;Deutschland – Gebäudereinigung – Gebäudereinigung der städtischen Gebäude der Stadt Schifferstadt;Stadtverwaltung Schifferstadt;Schifferstadt;;2026-08-31T08:00:00.000Z;90911200;83;https://ted.europa.eu/bg/notice/-/detail/490332-2026
490393-2026;;Deutschland – Gebäudereinigung – Ausschreibung Gebäudereinigung - Fraunhofer Institut (IMS);Fraunhofer Gesellschaft zur Förderung der angewandten Forschung e.V.;München;;2026-08-19T08:00:00.000Z;90911200 90910000 90911000 90911300 90919200;83;https://ted.europa.eu/bg/notice/-/detail/490393-2026
491113-2026;;Deutschland – Gebäudereinigung – Grund- und Mittelschule Auf der Schanz;Stadt Ingolstadt;Ingolstadt;;2026-08-18T08:45:00.000Z;90911200;83;https://ted.europa.eu/bg/notice/-/detail/491113-2026
491333-2026;;Deutschland – Gebäudereinigung – Unterhaltsreinigung der Etagen 5 und 6;Universitätsklinikum Aachen AöR;Aachen;;2026-08-14T06:00:00.000Z;90911200;83;https://ted.europa.eu/bg/notice/-/detail/491333-2026
491434-2026;;Deutschland – Gebäudereinigung – Kindergarten SZSW, Haus der Jugend und Jugendherberge;Stadt Ingolstadt;Ingolstadt;;2026-08-18T08:15:00.000Z;90911200;83;https://ted.europa.eu/bg/notice/-/detail/491434-2026
491524-2026;;Deutschland – Gebäudereinigung – Objektreinigungen im Stadtteil Hochstätt und Friedrichsfeld;Stadt Mannheim Fachbereich 25 - Bau- und Immobilienmanagement;Mannheim;;2026-08-18T08:15:00.000Z;90911200 90911300;83;https://ted.europa.eu/bg/notice/-/detail/491524-2026
491879-2026;;Deutschland – Gebäudereinigung – Rahmenvereinbarung über Gebäudereinigung Standortbereich Hagenow;Bundeswehr-Dienstleistungszentrum Rostock;Rostock;;2026-08-25T11:00:00.000Z;90911200;83;https://ted.europa.eu/bg/notice/-/detail/491879-2026
491984-2026;;Deutschland – Reinigungsdienste – Unterhaltsreinigung und Grundreinigung der Liegenschaften der Stadt Wesseling 2026/2028;Stadt Wesseling - Der Bürgermeister;Wesseling;;2026-08-18T08:00:00.000Z;90910000 90911000;83;https://ted.europa.eu/bg/notice/-/detail/491984-2026
492414-2026;;Deutschland – Gebäudereinigung – EU-weit Offens Verfahren der Stadt Barntrup für die laufende Unterhaltsreinigung, optionale Sonder- und Grundreinigung;Stadt Barntrup;Barntrup;;2026-08-19T10:00:00.000Z;90911200;83;https://ted.europa.eu/bg/notice/-/detail/492414-2026
492514-2026;;Deutschland – Reinigungsdienste – Reinigungs- und Pflegedienste - Unterhalts-, Grund-, Glas- und Sonderreinigung;Land Berlin – Sondervermögen Immobilien des Landes Berlin (SILB) c/o BIM Berliner Immobilienmanagement GmbH;Berlin;;2026-08-18T07:50:00.000Z;90910000 90911200 90911300;83;https://ted.europa.eu/bg/notice/-/detail/492514-2026
492526-2026;;Deutschland – Gebäudereinigung – UHR / GRR AELF Kaufbeuren;Freistaat Bayern, vertreten durch das Amt für Ernährung, Landwirtschaft und Forsten Kaufbeuren;Kaufbeuren;;2026-08-18T08:00:00.000Z;90911200 90911300 90919100 90919200;83;https://ted.europa.eu/bg/notice/-/detail/492526-2026
492803-2026;;Deutschland – Gebäudereinigung – Objektreinigungen im Stadtteil Neckarau;Stadt Mannheim Fachbereich 25 - Bau- und Immobilienmanagement;Mannheim;;2026-08-11T08:45:00.000Z;90911200 90911300;83;https://ted.europa.eu/bg/notice/-/detail/492803-2026
493410-2026;;Deutschland – Gebäudereinigung – Ausschreibung Gebäudereinigung - Stadt Aulendorf;Stadt Aulendorf;Aulendorf;;2026-08-20T08:00:00.000Z;90911200 90910000 90911000 90911300 90919200 90919300;83;https://ted.europa.eu/bg/notice/-/detail/493410-2026
493419-2026;;Deutschland – Büroreinigung – Unterhalts-, Grund- und Glasreinigung in Objekten der StädteRegion Aachen;Vergabekammer Westfalen;Münster;;2026-08-13T08:00:00.000Z;90919200 90911200 90910000 90911300 90919300;83;https://ted.europa.eu/bg/notice/-/detail/493419-2026
494560-2026;;Deutschland – Gebäudereinigung – UHR Palmengarten;Stadt Frankfurt am Main, Amt für Bau und Immobilien;Frankfurt am Main;;2026-08-18T10:00:00.000Z;90911200;83;https://ted.europa.eu/bg/notice/-/detail/494560-2026
495197-2026;;Deutschland – Reinigungsdienste – 26E70164 - NLStBV GAN (UR/GlasR) und NLWKN Hildesheim (UR) - Unterhalts- und Glasreinigung;Land Niedersachsen vertreten durch das Staatliche Baumanagement Niedersachsen;Clausthal-Zellerfeld;;2026-08-20T08:00:00.000Z;90910000 90911200 90911300;83;https://ted.europa.eu/bg/notice/-/detail/495197-2026
495340-2026;;Deutschland – Reinigungsdienste – UHR HdBA Schwerin;Bundesagentur für Arbeit (BA), vertreten durch den Vorstand, hier vertreten durch die Leitung des Geschäftsbereiches Einkauf im BA-Service-Haus;Nürnberg;;2026-08-20T10:00:00.000Z;90910000;83;https://ted.europa.eu/bg/notice/-/detail/495340-2026
496855-2026;;Deutschland – Reinigungsdienste – Unterhaltsreinigung, Grundreinigung und Glasreinigung;Stadtverwaltung Mühlacker;Mühlacker;;2026-08-27T09:00:00.000Z;90910000 90911200 90911300;83;https://ted.europa.eu/bg/notice/-/detail/496855-2026
496960-2026;;Deutschland – Gebäudereinigung – Rahmenvereinbarung für die Vergabe von Gebäudeinnenreinigungsleistungen im Polizeiauftrag der Kreispolizeibehörde Unna;Kreispolizeibehörde Unna;Unna;;2026-08-06T10:00:00.000Z;90911200;83;https://ted.europa.eu/bg/notice/-/detail/496960-2026
498236-2026;;Deutschland – Wohnungs-, Gebäude- und Fensterreinigung – Gebäudereinigung EH und SP;Grün Berlin GmbH;Berlin;;2026-08-17T10:00:00.000Z;90911000;83;https://ted.europa.eu/bg/notice/-/detail/498236-2026
498581-2026;;Deutschland – Wohnungs-, Gebäude- und Fensterreinigung – RV Dachrinnenreinigung 600308343 (4 Jahre) - 1.1b/QC558;Bundeswehr-Dienstleistungszentrum Kiel;Kiel;;2026-08-21T11:00:00.000Z;90911000;83;https://ted.europa.eu/bg/notice/-/detail/498581-2026
499587-2026;;Deutschland – Gebäudereinigung – Familien- und Gesundheitszentrum - Unterhaltsreinigung;Landkreis Schaumburg - Vergabestelle;Stadthagen;;2026-08-18T08:00:00.000Z;90911200;83;https://ted.europa.eu/bg/notice/-/detail/499587-2026
499870-2026;;Deutschland – Gebäudereinigung – Kindergarten SZSW, Haus der Jugend und Jugendherberge;Stadt Ingolstadt;Ingolstadt;;2026-08-18T08:15:00.000Z;90911200;83;https://ted.europa.eu/bg/notice/-/detail/499870-2026
500007-2026;;Deutschland – Gebäudereinigung – Objektgruppe 3: Unterhaltsreinigung und Einpflege;Stadt Bocholt;Bocholt;;2026-08-17T07:00:00.000Z;90911200 90919000 90919200 90919300;83;https://ted.europa.eu/bg/notice/-/detail/500007-2026
500098-2026;;Deutschland – Bauarbeiten – Baureinigung - Neubau der Goetheschule in Marl;Stadt Marl - Amt für Klimaschutz und Nachhaltigkeit - Zentrale Vergabestelle;Marl;;2026-08-19T08:00:00.000Z;90911200;83;https://ted.europa.eu/bg/notice/-/detail/500098-2026
500612-2026;;Deutschland – Büroreinigung – Unterhalts-, Grund- und Glasreinigung in Objekten der StädteRegion Aachen;StädteRegion Aachen;Aachen;;2026-08-13T08:00:00.000Z;90919200 90911200 90910000 90911300 90919300;83;https://ted.europa.eu/bg/notice/-/detail/500612-2026
500694-2026;;Deutschland – Bauarbeiten – VG Maifeld - Energetische Sanierung Grundschule Ochtendung: Baureinigungsarbeiten;Verbandsgemeinde Maifeld;Polch;;2026-08-18T08:00:00.000Z;90919000 90911200 90919300;83;https://ted.europa.eu/bg/notice/-/detail/500694-2026
500731-2026;;Deutschland – Wohnungs-, Gebäude- und Fensterreinigung – Unterhalts-, Grund- und Sonderreinigung und Küchenhilfdienste Wuppertal-Ronsdorf - Rahmenvereinbarung;Stadt Wuppertal;Wuppertal;;2026-08-18T06:00:00.000Z;90911000 90911200;83;https://ted.europa.eu/bg/notice/-/detail/500731-2026
501053-2026;;Deutschland – Wohnungs-, Gebäude- und Fensterreinigung – Unterhalts-, Grund- und Glasreinigung in verschiedenen Objekten der Gemeinde Salzatal;Gemeinde Salzatal;Salzatal;;2026-08-19T08:00:00.000Z;90911000 90911200;83;https://ted.europa.eu/bg/notice/-/detail/501053-2026
501135-2026;;Deutschland – Gebäudereinigung – Unterhaltsreinigung berlinovo Portfolio;Berlinovo Immobilien Gesellschaft mbH;Berlin;;2026-08-18T08:00:00.000Z;90911200 90910000 90911000 90911100;83;https://ted.europa.eu/bg/notice/-/detail/501135-2026
501329-2026;;Deutschland – Reinigungsdienste – Beschaffung einer Gebäudereinigungsdienstleistung für die Glemstal-Gemeinschaftsschule in Schwieberdingen;Gemeindeverwaltung Schwieberdingen;Schwieberdingen;;2026-08-20T08:00:00.000Z;90910000 90911000 90911200 90911300;83;https://ted.europa.eu/bg/notice/-/detail/501329-2026
503026-2026;;Deutschland – Gebäudereinigung – SWG - Reinigungsleistung Barbarossa-Thermen, Schulbad, Freibad, 5-Täler-Bad;Stadtverwaltung Göppingen, Vergabestelle;Göppingen;;2026-08-17T07:00:00.000Z;90911200;83;https://ted.europa.eu/bg/notice/-/detail/503026-2026
503493-2026;;Deutschland – Gebäudereinigung – Offenes Verfahren (EU-weit) zur Vergabe von Gebäudereinigungsleistungen (Unterhalts- und Glasreinigungsleistungen) für Bundesliegenschaften in Kassel, VOEK 077-26;Bundesanstalt für Immobilienaufgaben;Bonn;;2026-08-25T07:00:00.000Z;90911200 90911300;83;https://ted.europa.eu/bg/notice/-/detail/503493-2026
504461-2026;;Deutschland – Gebäudereinigung – Reinigungsleistungen für das Gymnasium Gröbenzell, die Realschule Unterpfaffenhofen und das Schulzentrum Fürstenfeldbruck;Landratsamt Fürstenfeldbruck - Kreiseigener Hochbau;Fürstenfeldbruck;;2026-08-28T08:00:00.000Z;90911200 90911000 90910000 90919000;83;https://ted.europa.eu/bg/notice/-/detail/504461-2026
505554-2026;;Deutschland – Gebäudereinigung – Technische Industriereinigung VAM;Berliner Stadtreinigungsbetriebe AöR;Berlin;;2026-09-14T08:00:00.000Z;90911200;83;https://ted.europa.eu/bg/notice/-/detail/505554-2026
505817-2026;;Deutschland – Gebäudereinigung – Unterhalts- und Glasreinigung AELF Abensberg- Landshut;Freistaat Bayern, vertreten durch das AELF Abensberg-Landshut;Abensberg;;2026-08-21T08:00:00.000Z;90911200 90911300;83;https://ted.europa.eu/bg/notice/-/detail/505817-2026
506341-2026;;Deutschland – Gebäudereinigung – Gebäudereinigung ab 01.01.2027;Stadt Langenfeld Rhld. - ZVS;Langenfeld;;2026-08-21T08:00:00.000Z;90911200 90911300;83;https://ted.europa.eu/bg/notice/-/detail/506341-2026
506448-2026;;Deutschland – Gebäudereinigung – Unterhalts- und Grundreinigung für die Grundschule im Ortsteil Hangelsberg der Gemeinde Grünheide;Gemeinde Grünheide (Mark);Grünheide (Mark);;2026-08-21T08:00:00.000Z;90911200;83;https://ted.europa.eu/bg/notice/-/detail/506448-2026
506520-2026;;Deutschland – Gebäudereinigung – SV-EME-260720-002 - UR HKW Nord inkl. Glasreinigung;SWM Infrastruktur GmbH & Co. KG;München;;2026-08-24T08:00:00.000Z;90911200 90911300;83;https://ted.europa.eu/bg/notice/-/detail/506520-2026
506593-2026;;Deutschland – Gebäudereinigung – Unterhaltsreinigung Bereich Los 3 ab 01.01.2027;WISTA.Service GmbH;Berlin;;2026-08-20T08:00:00.000Z;90911200 90919200;83;https://ted.europa.eu/bg/notice/-/detail/506593-2026
506833-2026;;Deutschland – Gebäudereinigung – Unterhaltsreinigung Behördenhaus Fulda;Land Hessen, vertreten durch das Hessische Competence Center -Beschaffungen-;Wiesbaden;;2026-08-25T10:00:00.000Z;90911200;83;https://ted.europa.eu/bg/notice/-/detail/506833-2026
507212-2026;;Deutschland – Reinigungs- und Hygienedienste – Gebäudereinigungsausschreibung für den Betriebshof Bad Homburg von der Höhe;Betriebshof Bad Homburg v. d. Höhe;Bad Homburg v. d. Höhe;;2026-08-21T08:00:00.000Z;90910000 90911000 90911300;83;https://ted.europa.eu/bg/notice/-/detail/507212-2026
508130-2026;;Deutschland – Gebäudereinigung – Offenes Verfahren (EU-weit) zur Vergabe von Gebäudereinigungsleistungen (Treppenhaus- und Glasreinigungsleistungen) für diverse Wohnliegenschaften in Schwerin, Sanitz, Stralsund, Greifswald und auf Rügen - VOEK 175-26;Bundesanstalt für Immobilienaufgaben;Bonn;;2026-09-10T07:00:00.000Z;90911200 90911300;83;https://ted.europa.eu/bg/notice/-/detail/508130-2026
508251-2026;;Deutschland – Wohnungs-, Gebäude- und Fensterreinigung – Gebäudeinnenreinigung, Glasreinigung, Küchenreinigung mit Spüldienst - optional Gartenarbeiten;Regensburg Tourismus GmbH;Regensburg;;2026-09-13T21:59:59.000Z;90911000;83;https://ted.europa.eu/bg/notice/-/detail/508251-2026
508745-2026;;Deutschland – Gebäudereinigung – Projekt Umbau Btf. Nord 2. BA - VE505 Baustellendienstleistung;Kölner Verkehrs-Betriebe AG;Köln;;2026-08-24T08:00:00.000Z;90911200;83;https://ted.europa.eu/bg/notice/-/detail/508745-2026
508789-2026;;Deutschland – Gebäudereinigung – Unterhaltsreinigung LWK-NRW Bildungszentrum Gartenbau und Landwirtschaft Münster - Wolbeck;Landwirtschaftskammer Nordrhein-Westfalen;Münster;;2026-08-31T08:00:00.000Z;90911200;83;https://ted.europa.eu/bg/notice/-/detail/508789-2026
508825-2026;;Deutschland – Reinigung von Schulen – Reinigung in Schulen, Sporthallen und öffentlichen Gebäuden;Stadt Kaltenkirchen;Kaltenkirchen;;2026-08-25T07:00:00.000Z;90911200 90919300;83;https://ted.europa.eu/bg/notice/-/detail/508825-2026
508872-2026;;Deutschland – Gebäudereinigung – UR, SR Regionale Kriminalinspektion Sulzbach;Land Hessen, vertreten durch das Hessische Competence Center -Beschaffungen-;Wiesbaden;;2026-08-27T10:00:00.000Z;90911200;83;https://ted.europa.eu/bg/notice/-/detail/508872-2026
509311-2026;;"Deutschland – Komplett- oder Teilbauleistungen im Hochbau sowie Tiefbauarbeiten – ÖPP-Projekt „Postblockareal Nord (PBN), Berlin-Mitte | Neubau für ministerielle Nutzung"" - VOEK 637-25";Bundesanstalt für Immobilienaufgaben;Bonn;;2026-09-15T07:00:00.000Z;90911200 90911300;83;https://ted.europa.eu/bg/notice/-/detail/509311-2026
509373-2026;;Deutschland – Abwasser- und Abfallbeseitigungs-, Reinigungs- und Umweltschutzdienste – Reinigung von Fettabluftanlagen;Land Schleswig-Holstein vertreten durch die Gebäudemanagement Schleswig-Holstein AöR;Kiel;;2026-08-28T05:30:00.000Z;90910000;83;https://ted.europa.eu/bg/notice/-/detail/509373-2026
510307-2026;;Deutschland – Gebäudereinigung – Rahmenvereinbarung Unterhaltsreinigung Liegenschaften ABK für 24 Monate;Landeshauptstadt Kiel - Der Oberbürgermeister;Kiel;;2026-08-27T06:40:00.000Z;90911200;83;https://ted.europa.eu/bg/notice/-/detail/510307-2026
510318-2026;;Deutschland – Reinigungsdienste – Gebäudereinigung - Bibliothek der Westsächsischen Hochschule Zwickau (WHZ);Staatsbetrieb Sächsisches Immobilien- und Baumanagement, Zentrale, Zentralstelle Vergabe- und Vertragsmanagement;Dresden;;2026-08-25T07:00:00.000Z;90910000 90911000 90911200 90911300;83;https://ted.europa.eu/bg/notice/-/detail/510318-2026
510681-2026;;Deutschland – Reinigungs- und Hygienedienste – Unterhaltsreinigung für die Achimer Bäder;Stadt Achim c/o Landkreis Verden - Zentrale Vergabestelle;Verden;;2026-08-24T07:00:00.000Z;90910000 90911200;83;https://ted.europa.eu/bg/notice/-/detail/510681-2026
512489-2026;;Deutschland – Gebäudereinigung – Abschluss eines Rahmenvertrages über die Unterhaltsreinigung in der Unteroffizier-Friederike-Krüger-Kaserne, 2026/1488 Sch;Bundeswehr-Dienstleistungszentrum Munster;Munster;;2026-08-31T11:00:00.000Z;90911200;83;https://ted.europa.eu/bg/notice/-/detail/512489-2026
512493-2026;;Deutschland – Gebäudereinigung – Familien- und Gesundheitszentrum - Unterhaltsreinigung;Landkreis Schaumburg - Vergabestelle;Stadthagen;;2026-08-25T08:00:00.000Z;90911200;83;https://ted.europa.eu/bg/notice/-/detail/512493-2026
512903-2026;;Deutschland – Gebäudereinigung – Reinigungsleistungen - LWL-Klinikum Gütersloh;Landschaftsverband Westfalen-Lippe;Münster;;2026-08-25T09:00:00.000Z;90911200;83;https://ted.europa.eu/bg/notice/-/detail/512903-2026
512943-2026;;Deutschland – Wohnungs-, Gebäude- und Fensterreinigung – Gebäude- und Glasreinigung für das Amtsgericht Straubing;Freistaat Bayern - vertreten durch den Direktor des Amtsgerichts Straubing;Straubing;;2026-09-10T10:00:00.000Z;90911000 90911200 90911300;83;https://ted.europa.eu/bg/notice/-/detail/512943-2026
513923-2026;;Deutschland – Reinigungs- und Hygienedienste – Reinigungsdienstleistungen für den Klinikneubau, Bauteil 6.1 des Klinikum Fürths;Klinikum Fürth;Fürth;;2026-09-01T21:59:00.000Z;90911200;83;https://ted.europa.eu/bg/notice/-/detail/513923-2026
514223-2026;;Deutschland – Gebäudereinigung – Durchführung der Unterhalts- und Grundreinigung sowie Glas- und Rahmenreinigung städtischer Objekte und Einrichtungen der Stadt Blankenburg (Harz) und Ortsteile;Stadt Blankenburg (Harz);Blankenburg (Harz);;2026-08-24T08:00:00.000Z;90911200 90911300;83;https://ted.europa.eu/bg/notice/-/detail/514223-2026
514228-2026;;Deutschland – Büroreinigung – Reinigungsleistungen für die Außenstandorte der BAnst PT;Bundesanstalt für Post und Telekommunikation - Deutsche Bundespost;Bonn;;2026-08-27T10:00:00.000Z;90919200 90911300;83;https://ted.europa.eu/bg/notice/-/detail/514228-2026
514707-2026;;Deutschland – Wohnungs-, Gebäude- und Fensterreinigung – Reinigungsdienstleistungen am BLKA Standort München;Bayerisches Landeskriminalamt;München;;2026-09-02T09:00:00.000Z;90911000;83;https://ted.europa.eu/bg/notice/-/detail/514707-2026
432925-2026;;Deutschland – Fensterreinigung – Glasreinigung 2026-2028, 20 Lose;Die Autobahn GmbH des Bundes - NL Ost;Halle (Saale);151209.87;;90911300 90910000;80;https://ted.europa.eu/bg/notice/-/detail/432925-2026
434673-2026;;Deutschland – Reparatur von Bekleidungsartikeln und Textilien – Vereinbarung über die Ausstattung des niedersächsischen Straßenwartungspersonals mit Warnkleidung im Leasingverfahren sowie die Reinigung und Instandhaltung;Niedersächsische Landesbehörde für Straßenbau und Verkehr;Hannover;4000000;;90910000;80;https://ted.europa.eu/bg/notice/-/detail/434673-2026
438621-2026;;Deutschland – Wohnungs-, Gebäude- und Fensterreinigung – Stadt Michelstadt - Reinigungsleistungen für die städtischen Einrichtungen für Kinder und Jugendliche 2026- 2028;Magistrat der Stadt Michelstadt;Michelstadt;356288.88;;90911000 90911200;80;https://ted.europa.eu/bg/notice/-/detail/438621-2026
440545-2026;;Deutschland – Gebäudereinigung – Gebäudereinigung Gefahrenabwehrzentrum, Am Anger 28, 07743 Jena;Kommunale Immobilien Jena;Jena;491337.15;;90911200;80;https://ted.europa.eu/bg/notice/-/detail/440545-2026
441704-2026;;Deutschland – Gebäudereinigung – Unterhaltsreinigung, Küchen- und Wirtschaftsdienst der Kindertageseinrichtungen der Stadt Schmölln;Stadtverwaltung Schmölln;Schmölln;379000;2026-08-04T07:00:00.000Z;90911200;80;https://ted.europa.eu/bg/notice/-/detail/441704-2026
442167-2026;;Deutschland – Gebäudereinigung – Reinigungsleistung Kaufmännische Schule Marburg (KSM) und Martin-Luther-Schule (MLS);Magistrat der Universitätsstadt Marburg;Marburg;869309;;90911200 90911300 90911000 90919300;80;https://ted.europa.eu/bg/notice/-/detail/442167-2026
442578-2026;;Deutschland – Wohnungs-, Gebäude- und Fensterreinigung – Gebäude- und Glasreinigung Heilbronn;Deutsche Rentenversicherung Baden-Württemberg Abt. 22 - Finanzen und Vermögen, Referat 2 Beschaffung;Karlsruhe;593000;;90911000;80;https://ted.europa.eu/bg/notice/-/detail/442578-2026
442847-2026;;Deutschland – Gebäudereinigung – Offenes Verfahren (EU-weit) zur Vergabe von Gebäudereinigungsleistungen (Unterhalts- und Glasreinigungsleistungen) für die Bundesanstalt für Arbeitsschutz und Arbeitsmedizin in Dresden VOEK 667-25;Bundesanstalt für Immobilienaufgaben;Bonn;232647.3;;90911200 90911300;80;https://ted.europa.eu/bg/notice/-/detail/442847-2026
443583-2026;;Deutschland – Reinigungsdienste – BAW 04/2025 Reinigungsdienstleistungen sowie Pförtner- und Hausmeisterdienstleistungen für die Standorte Karlsruhe und Hamburg;Bundesrepublik Deutschland, vertreten durch das Bundesministerium für Verkehr, dieses wiederum vertreten durch die Bundesanstalt für Wasserbau (BAW);Karlsruhe;2521008.4;;90910000 90911200 90919200 90911300;80;https://ted.europa.eu/bg/notice/-/detail/443583-2026
444388-2026;;Deutschland – Gebäudereinigung – Reinigung städtischer Liegenschaften;Stadt Cloppenburg;Cloppenburg;958145.15;;90911200 90911300;80;https://ted.europa.eu/bg/notice/-/detail/444388-2026
444475-2026;;Deutschland – Gebäudereinigung – Unterhalts- und Glasreinigung;Westfälische Hochschule;Gelsenkirchen;3200000;2026-07-27T11:00:00.000Z;90911200 90911300;80;https://ted.europa.eu/bg/notice/-/detail/444475-2026
445747-2026;;Deutschland – Gebäudereinigung – Offenes Verfahren (EU-weit) zur Vergabe von Gebäudereinigungsleistungen (Unterhalts- und Glasreinigungsleistungen) für die KEV in Zittau des HZA Dresden VOEK 671-25;Bundesanstalt für Immobilienaufgaben;Bonn;152438.1;;90911200 90911300;80;https://ted.europa.eu/bg/notice/-/detail/445747-2026
447470-2026;;Deutschland – Gebäudereinigung – Glas- und Gebäudereinigung im Helmut-Schmidt-Gymnasium, Krieterstraße 5, 21109 Hamburg ab dem 20.08.2026 unbefristet;BVC Behörde für Finanzen und Bezirke;Hamburg;170249.97;;90911200 90911300;80;https://ted.europa.eu/bg/notice/-/detail/447470-2026
447603-2026;;Deutschland – Gebäudereinigung – Offenes Verfahren (EU-weit) zur Vergabe von Gebäudereinigungsleistungen (Unterhalts- und Glasreinigungsleistungen) für das HZA in Löbau VOEK 670-25;Bundesanstalt für Immobilienaufgaben;Bonn;235832.58;;90911200 90911300;80;https://ted.europa.eu/bg/notice/-/detail/447603-2026
448481-2026;;Deutschland – Gebäudereinigung – Vergabe von Reinigungsdienstleistungen (Unterhalts-, sowie Glas- und Fensterreinigung und Sonderreinigungen) in den Gerichten und Justizbehörden Dessau-Roßlau.;Zentrale Beschaffungsstelle bei dem Landgericht Magdeburg;Magdeburg;1469939.45;;90911200 90911300;80;https://ted.europa.eu/bg/notice/-/detail/448481-2026
448962-2026;;Deutschland – Fensterreinigung – Glasreinigung an den Verwaltungsstandorten;Berufsgenossenschaft Holz und Metall;Mainz;307256.2;;90911300;80;https://ted.europa.eu/bg/notice/-/detail/448962-2026
449412-2026;;Deutschland – Reinigung von Schulen – Reinigungsdienstleistung - Schulgebäude;Stadt Filderstadt, Haupt- und Personalamt;Filderstadt;1335233;;90910000 90919300;80;https://ted.europa.eu/bg/notice/-/detail/449412-2026
450114-2026;;Deutschland – Gebäudereinigung – Gebäudereinigungsleistungen im Bereich des LBM Diez;LBM Rheinland-Pfalz Zentrale;Koblenz;212421.25;;90911200 90911300;80;https://ted.europa.eu/bg/notice/-/detail/450114-2026
450497-2026;;Deutschland – Gebäudereinigung – Reinigung der Schulen im Stadtgebiet Selb und im Ortsteil Erkersreuth;Große Kreisstadt Selb;Selb;565171.2;;90911200 90911300 90919300;80;https://ted.europa.eu/bg/notice/-/detail/450497-2026
450722-2026;;Deutschland – Gebäudereinigung – Offenes Verfahren (EU-weit) zur Vergabe von Gebäudereinigungsleistungen (Unterhalts- und Glasreinigungsleistungen) für Bürogebäude der Bundesdienststelle in Bautzen VOEK 668-25;Wackler Service Group GmbH Co. KG;Chemnitz;232639.38;;90911200 90911300;80;https://ted.europa.eu/bg/notice/-/detail/450722-2026
451766-2026;;Deutschland – Gebäudereinigung – RV Reinigungsdienstleistung LDI 2027;Landesbetrieb Daten und Information Rheinland-Pfalz (LDI);Mainz;647000;2026-07-31T10:00:00.000Z;90911200;80;https://ted.europa.eu/bg/notice/-/detail/451766-2026
453533-2026;;Deutschland – Gebäudereinigung – Reinigung (auch Glas/Rahmen) von Gebäuden der Stadt Wegberg;Stadt Wegberg;Wegberg;262896.93;;90911200 90911300;80;https://ted.europa.eu/bg/notice/-/detail/453533-2026
454430-2026;;Deutschland – Gebäudereinigung – Unterhaltsreinigungen an den Verwaltungsstandorten;Berufsgenossenschaft Holz und Metall;Mainz;5324114;;90911200;80;https://ted.europa.eu/bg/notice/-/detail/454430-2026
457874-2026;;Deutschland – Fensterreinigung – Rahmenvereinbarung Innen- und Außenglasreinigung;Hochschule Düsseldorf;Düsseldorf;400000;2026-08-03T08:00:00.000Z;90911300;80;https://ted.europa.eu/bg/notice/-/detail/457874-2026
459139-2026;;Deutschland – Reinigung von Schulen – Unterhalts- und Grundreinigung;Landesschulamt Sachsen-Anhalt;Halle;580836.1;;90919000 90910000 90919300;80;https://ted.europa.eu/bg/notice/-/detail/459139-2026
460032-2026;;Deutschland – Reinigungsdienste – 2026-38 - Unterhaltsreinigung BV Köln;Berufsgenossenschaft für Gesundheitsdienst und Wohlfahrtspflege (BGW);Hamburg;188900;;90910000;80;https://ted.europa.eu/bg/notice/-/detail/460032-2026
463393-2026;;Deutschland – Wohnungs-, Gebäude- und Fensterreinigung – EU-weit Offenes Verfahren Unterhalts- und Glasreinigung;Samtgemeinde Bersenbrück;Bersenbrück;861008.78;;90911000 90911200 90911300 90919200 90919300;80;https://ted.europa.eu/bg/notice/-/detail/463393-2026
463821-2026;;Deutschland – Gebäudereinigung – Unterhalts- und Grundreinigung;Landkreis Augsburg - Vergabestelle;Augsburg;2127228.22;;90911200;80;https://ted.europa.eu/bg/notice/-/detail/463821-2026
465004-2026;;Deutschland – Gebäudereinigung – Gebäudereinigung im Gymnasium Kaifu, Kaiser-Friedrich-Ufer 6, 20259 Hamburg ab dem 01.10.2026 unbefristet;BVC Behörde für Finanzen und Bezirke;Hamburg;104806.79;;90911200;80;https://ted.europa.eu/bg/notice/-/detail/465004-2026
465946-2026;;Deutschland – Gebäudereinigung – Glas- und Gebäudereinigung im Bildungszentrum Tor zur Welt, Krieterstraße 2, 21109 Hamburg ab dem 20.08.2026 unbefristet;BVC Behörde für Finanzen und Bezirke;Hamburg;331112.85;;90911200 90911300;80;https://ted.europa.eu/bg/notice/-/detail/465946-2026
466170-2026;;Deutschland – Gebäudereinigung – UR Kulturhaus und Sporthalle Hainholz;Landeshauptstadt Hannover - Fachbereich Personal und Organisation;Hannover;432009.12;;90911200 90911100;80;https://ted.europa.eu/bg/notice/-/detail/466170-2026
466226-2026;;Deutschland – Reinigungsdienste – Unterhalts-Grund- und Glasreinigung, sowie Sonderreinigung;Vermögen und Bau Baden-Württemberg, Amt Ravensburg;Ravensburg;256185.68;;90910000;80;https://ted.europa.eu/bg/notice/-/detail/466226-2026
467088-2026;;Deutschland – Reinigung von Schulen – Stadt Cottbus OV 79-2026 Reinigungsleistungen Verwaltungsstandorte - 2 Lose;Stadtverwaltung Cottbus;Cottbus;206953.62;;90911200 90911300 90919300;80;https://ted.europa.eu/bg/notice/-/detail/467088-2026
467381-2026;;Deutschland – Gebäudereinigung – Vergabe Unterhaltsreinigung;Zweckverband Staatliche weiterführende Schulen im Osten des Landkreises München;Kirchheim bei München;879190.05;;90911200;80;https://ted.europa.eu/bg/notice/-/detail/467381-2026
468079-2026;;Deutschland – Gebäudereinigung – IGM 26E1001 - Staatliches Baumanagement Braunschweig, Fachbereich Gebäudemanagement - Ostfalia-Hochschule WF/WOB/SZ/Suderburg - Unterhaltsreinigung;Land Niedersachsen vertreten durch das Staatliche Baumanagement Niedersachsen;Braunschweig;8587701.43;;90911200;80;https://ted.europa.eu/bg/notice/-/detail/468079-2026
468262-2026;;Deutschland – Fensterreinigung – BLB /Z /NL Aachen/Infrastrukturelle Gebäudedienstleistungen/Lose 2 und 6_100-26-00036;Bau- und Liegenschaftsbetrieb NRW Zentrale;Düsseldorf;1224349.05;;90911300;80;https://ted.europa.eu/bg/notice/-/detail/468262-2026
468947-2026;;Deutschland – Reinigungsdienste – Gebäudereinigung eines Kulturzentrums der Gemeinde Alfdorf;Gemeinde Alfdorf;Alfdorf;158420.41;;90910000 90911000 90911200 90911300;80;https://ted.europa.eu/bg/notice/-/detail/468947-2026
473715-2026;;Deutschland – Gebäudereinigung – Unterhaltsreinigung für fünf Schulen und ein Verwaltungsgebäude in Pritzwalk;Landkreis Prignitz;Perleberg;889087.43;;90911200;80;https://ted.europa.eu/bg/notice/-/detail/473715-2026
473724-2026;;Deutschland – Reinigungsdienste – Gebäudereinigung - Justizvollzugsanstalt Dresden;Staatsbetrieb Sächsisches Immobilien- und Baumanagement, Zentrale, Zentralstelle Vergabe- und Vertragsmanagement;Dresden;220699.78;;90910000;80;https://ted.europa.eu/bg/notice/-/detail/473724-2026
474244-2026;;Deutschland – Gebäudereinigung – Reinigung VG Ritterstraße/Villa;Landratsamt Ilm-Kreis;Arnstadt;112451.83;;90911200 90911300 90919200;80;https://ted.europa.eu/bg/notice/-/detail/474244-2026
474548-2026;;Deutschland – Gebäudereinigung – Rahmenvertrag zur Unterhalts- und Sonderreinigung;Nordwasser GmbH;Rostock;381769.31;;90911200 90911300 90919200;80;https://ted.europa.eu/bg/notice/-/detail/474548-2026
474750-2026;;Deutschland – Gebäudereinigung – Unterhaltsreinigung für vier Schulen und eine Mehrzweckhalle in Perleberg;Landkreis Prignitz;Perleberg;842153.95;;90911200;80;https://ted.europa.eu/bg/notice/-/detail/474750-2026
474972-2026;;Deutschland – Gebäudereinigung – Unterhalts- und Glasreinigung;Stadt Kreuztal;Kreuztal;294641.26;;90911200 90911300;80;https://ted.europa.eu/bg/notice/-/detail/474972-2026
475846-2026;;Deutschland – Gebäudereinigung – Unterhaltsreinigung Dortmund Mengede;Vergabe und Beschaffungszentrum Dortmund;Dortmund;2501056.2;;90911200;80;https://ted.europa.eu/bg/notice/-/detail/475846-2026
476212-2026;;Deutschland – Gebäudereinigung – Dienstleistung Reinigung;Stadtverwaltung Gotha;Gotha;159706;;90911200;80;https://ted.europa.eu/bg/notice/-/detail/476212-2026
476360-2026;;Deutschland – Wohnungs-, Gebäude- und Fensterreinigung – Reinigungsleistungen LASuV Leipzig;Staatsbetrieb Sächsisches Immobilien- und Baumanagement, Zentrale, Zentralstelle Vergabe- und Vertragsmanagement;Dresden;266488.39;;90911000;80;https://ted.europa.eu/bg/notice/-/detail/476360-2026
476539-2026;;Deutschland – Büroreinigung – BEREITSTELLUNG VON REINIGUNGSDIENSTLEISTUNGEN UND -MATERIAL;European Insurance and Occupational Pensions Authority;Frankfurt;400000;;90919200 90910000;80;https://ted.europa.eu/bg/notice/-/detail/476539-2026
477267-2026;;Deutschland – Wohnungs-, Gebäude- und Fensterreinigung – OsnabrückHalle und INNOVATORIUM: Reinigungsleistungen;Stadt Osnabrück - FD Öffentliche Aufträge;Osnabrück;266161.13;;90911000 90910000 90911200;80;https://ted.europa.eu/bg/notice/-/detail/477267-2026
477384-2026;;Deutschland – Reinigungsdienste – Unterhalts- und Grundreinigung in diversen Objekten;Magistrat der Wissenschaftsstadt Darmstadt Eigenbetrieb für kommunale Aufgaben und Dienstleistungen (EAD) vertreten durch die Betriebsleitung;Darmstadt;768331.65;;90910000 90911200;80;https://ted.europa.eu/bg/notice/-/detail/477384-2026
479514-2026;;Deutschland – Gebäudereinigung – Laufende Unterhaltsreinigung und optionale Sonder- und Grundreinigung auf Abruf für zwei Objekte;Kreis Wesel;Wesel;762836.92;;90911200 90919000 90919300;80;https://ted.europa.eu/bg/notice/-/detail/479514-2026
479532-2026;;Deutschland – Wohnungs-, Gebäude- und Fensterreinigung – Unterhaltsreinigung, optionale, Sonder- und Grundreinigung auf Abruf in verschiedenen Objekten der Stadt Marsberg;Stadt Marsberg;Marsberg;510085.18;;90911000 90911200 90919200 90919300;80;https://ted.europa.eu/bg/notice/-/detail/479532-2026
479778-2026;;Deutschland – Gebäudereinigung – Vergabe von Reinigungsleistungen Gemeinde Hüttenberg;Gemeinde Hüttenberg;Hüttenberg;292963.82;;90911200;80;https://ted.europa.eu/bg/notice/-/detail/479778-2026
480346-2026;;Deutschland – Gebäudereinigung – SL 71-25O Unterhalts- und Grundreinigung für den Landkreis Vorpommern-Rügen (Ribnitz-Damgarten);Landkreis Vorpommern-Rügen;Stralsund;247548.5;;90911200;80;https://ted.europa.eu/bg/notice/-/detail/480346-2026
480534-2026;;Deutschland – Reinigungsdienste – Reinigungsdienstleistungen für die Bezirksverwaltung;Bezirk Oberbayern;München;1989186.56;;90910000 90911200 90919200;80;https://ted.europa.eu/bg/notice/-/detail/480534-2026
481201-2026;;Deutschland – Gebäudereinigung – Unterhaltsreinigung Dortmund Eving;Vergabe und Beschaffungszentrum Dortmund;Dortmund;2130521.04;;90911200;80;https://ted.europa.eu/bg/notice/-/detail/481201-2026
481965-2026;;Deutschland – Reinigungsdienste – Unterhaltsreinigung: Gesamtschule Niederkassel Clustergebäude, Mehrzweckhalle + Mensa SZN;Stadt Niederkassel - Der Bürgermeister;Niederkassel;510000;;90910000 90911000 90911200;80;https://ted.europa.eu/bg/notice/-/detail/481965-2026
482816-2026;;Deutschland – Gebäudereinigung – Dienstleistung Reinigung;Stadtverwaltung Gotha;Gotha;142424;;90911200;80;https://ted.europa.eu/bg/notice/-/detail/482816-2026
483384-2026;;Deutschland – Gebäudereinigung – Unterhalts-, Grund- und Glasreinigung verschiedener Objekte der Stadt Landshut;Stadt Landshut;Landshut;1320116.52;;90911200 90911300;80;https://ted.europa.eu/bg/notice/-/detail/483384-2026
486877-2026;;Deutschland – Gebäudereinigung – Vergabe Unterhaltsreinigung;Gemeinde Laberweinting;Laberweinting;531410.85;;90911200 90919200;80;https://ted.europa.eu/bg/notice/-/detail/486877-2026
486928-2026;;Deutschland – Wohnungs-, Gebäude- und Fensterreinigung – WT, Justizareal, Unterhalts-, Vertretungs-, Grund- und Glasreinigung;Vermögen und Bau Baden-Württemberg, Amt Konstanz;Konstanz;249621.85;;90911000;80;https://ted.europa.eu/bg/notice/-/detail/486928-2026
487716-2026;;Deutschland – Gebäudereinigung – Offenes Verfahren zur Vergabe von Dienstleistungsverträgen über die Gebäudeinnen- und Sonder-, sowie die Glas- und Fensterreinigung für das Landgericht Magdeburg, die Außenstelle des Ministeriums für Justiz und Verbraucherschutz inkl. Landesjustizprüfungsamt und den Sozialen Dienst der Justiz Magdeburg.;Zentrale Beschaffungsstelle bei dem Landgericht Magdeburg;Halberstädter Straße 8;1149406.55;;90911200 90911300;80;https://ted.europa.eu/bg/notice/-/detail/487716-2026
487852-2026;;Deutschland – Gebäudereinigung – Gebäudereinigung in Schuleinrichtungen 6 Lose;Land Berlin, vertreten durch das Bezirksamt Treptow-Köpenick von Berlin;Berlin;9596526.99;;90911200;80;https://ted.europa.eu/bg/notice/-/detail/487852-2026
488825-2026;;Deutschland – Gebäudereinigung – Gebäudereinigungn in Schuleinrichtungen 2 Lose;Land Berlin, vertreten durch das Bezirksamt Treptow-Köpenick von Berlin;Berlin;4375806.03;;90911200;80;https://ted.europa.eu/bg/notice/-/detail/488825-2026
488956-2026;;Deutschland – Gebäudereinigung – Reinigungsdienstleistungen Schwarmstadt, Soltau und Bomlitz;Landkreis Heidekreis, Der Landrat;Soltau;4289233.4;;90911200 90911300;80;https://ted.europa.eu/bg/notice/-/detail/488956-2026
490522-2026;;Deutschland – Gebäudereinigung – Offenes Verfahren zur Vergabe von Dienstleistungsverträgen über die Gebäudeinnen- und Sonderreinigung für das Landgericht Halle und den Sozialen Dienst der Justiz Halle, sowie die Glas- und Fensterreinigung für das Justizzentrum Halle, das Landgericht Halle und den Sozialen Dienst der Justiz Halle.;Zentrale Beschaffungsstelle bei dem Landgericht Magdeburg;Magdeburg;896313;;90911200 90911300;80;https://ted.europa.eu/bg/notice/-/detail/490522-2026
490819-2026;;Deutschland – Wohnungs-, Gebäude- und Fensterreinigung – Gebäude- und Glasreinigung Rostock Ost und Mitte;Staatliches Bau- und Liegenschaftsamt Rostock;Rostock;334989.6;;90911000;80;https://ted.europa.eu/bg/notice/-/detail/490819-2026
491463-2026;;Deutschland – Gebäudereinigung – Reinigungsdienstleistungen (Unterhalts- und Glasreinigung) für das Behördenzentrum Ilmenau;Thüringer Landesamt für Bau und Verkehr;Erfurt;578422.38;;90911200;80;https://ted.europa.eu/bg/notice/-/detail/491463-2026
491582-2026;;Deutschland – Gebäudereinigung – Offenes Verfahren (EU-weit) zur Vergabe von Gebäudereinigungsleistungen (Unterhalts- und Grundreinigungsleistungen) für zwei Dienstliegenschaften in 10707 und 14057 Berlin, Bundesanstalt für Immobilienaufgaben, Direktion Berlin (VOEK 290-25);Bundesanstalt für Immobilienaufgaben;Bonn;1289944.68;;90911200;80;https://ted.europa.eu/bg/notice/-/detail/491582-2026
492867-2026;;Deutschland – Gebäudereinigung – Offenes Verfahren (EU-weit) zur Vergabe von Gebäudereinigungsleistungen (Unterhalts- und Glasreinigungsleistungen) für zwei Liegenschaften in Rostock, Bundesanstalt für Immobilienaufgaben, Direktion Rostock;Bundesanstalt für Immobilienaufgaben;Bonn;175213.05;;90911200 90911300;80;https://ted.europa.eu/bg/notice/-/detail/492867-2026
493531-2026;;Deutschland – Gebäudereinigung – Offenes Verfahren (EU-weit) zur Vergabe von Gebäudereinigungsleistungen (Unterhalts- und Glasreinigungsleistungen) für eine Dienstliegenschaft in Ebersbach- Neugersdorf VOEK 669-25;Bundesanstalt für Immobilienaufgaben;Bonn;275083.86;;90911200 90911300;80;https://ted.europa.eu/bg/notice/-/detail/493531-2026
493710-2026;;Deutschland – Gebäudereinigung – Nicht offenes Verfahren (EU-weit) zur Vergabe von Gebäudereinigungsleistungen (Unterhalts- und Glasreinigungsleistungen) für eine Dienstliegenschaft Andechser Straße 30 in 82319 Söcking, Bundesanstalt für Immobilienaufgaben, Direktion München (VOEK 288-25);Bundesanstalt für Immobilienaufgaben;Bonn;601756.8;;90911200 90911300;80;https://ted.europa.eu/bg/notice/-/detail/493710-2026
494893-2026;;Deutschland – Gebäudereinigung – BLB /Z /NL Münster/Infrastrukturelle Gebäudedienstleistungen/Unterhaltsreinigung/Los 1.15_100-26-00063;Bau- und Liegenschaftsbetrieb NRW Zentrale;Düsseldorf;362022;;90911200 90910000 90911100;80;https://ted.europa.eu/bg/notice/-/detail/494893-2026
495440-2026;;Deutschland – Gebäudereinigung – Gebäudereinigungsarbeiten im JRC Karlsruhe;Europäische Kommission, Gemeinsame Forschungsstelle (JRC);Eggenstein-Leopoldshafen;1779187.2;;90911200 90919200;80;https://ted.europa.eu/bg/notice/-/detail/495440-2026
495597-2026;;Deutschland – Büroreinigung – Unterhaltsreinigung LRA und Nebenstellen;Kreisausschuss des Hochtaunuskreises;Bad Homburg;1194035.68;;90919200 90911200;80;https://ted.europa.eu/bg/notice/-/detail/495597-2026
497630-2026;;Deutschland – Gebäudereinigung – Neubau GemS Neunkirchen - Gebäudereinigung;Landkreis Neunkirchen;Ottweiler;442104.76;;90911200 90911300 90919300;80;https://ted.europa.eu/bg/notice/-/detail/497630-2026
498167-2026;;Deutschland – Wohnungs-, Gebäude- und Fensterreinigung – 8/2010/S0631 - Gebäudereinigung Standort Bückeburg;Bundeswehr-Dienstleistungszentrum Wunstorf;Wunstorf;3600309.55;;90911000 90911200 90911100 90919200 90910000;80;https://ted.europa.eu/bg/notice/-/detail/498167-2026
498336-2026;;Deutschland – Gebäudereinigung – Gebäudereinigung Finanzamt Karlsruhe-Durlach;Vermögen und Bau Baden-Württemberg, Amt Karlsruhe;Karlsruhe;343195.46;;90911200;80;https://ted.europa.eu/bg/notice/-/detail/498336-2026
499915-2026;;Deutschland – Gebäudereinigung – Unterhaltsreinigung 2026-2028 Waldcampus, FBG und Sonnenvillla;Hochschule für nachhaltige Entwicklung Eberswalde;Eberswalde;579270.77;;90911200 90910000;80;https://ted.europa.eu/bg/notice/-/detail/499915-2026
501810-2026;;Deutschland – Reinigungsdienste – Offenes Verfahren (EU-weit) zur Vergabe von Dachrinnenreinigung in diversen Liegenschaften in Bremen und Niedersachsen Bundesanstalt für Immobilienaufgaben Wohnen, Kundencenter Hannover VOEK 545-24;Bundesanstalt für Immobilienaufgaben;Bonn;392058.24;;90910000;80;https://ted.europa.eu/bg/notice/-/detail/501810-2026
502199-2026;;Deutschland – Gebäudereinigung – Gebäudereinigung im Emilie-Wüstenfeld-Gymnasium, Bundesstraße 78, Gustav-Falke-Straße 21, 20144 Hamburg ab dem 15.09.2026 unbefristet;BVC Behörde für Finanzen und Bezirke;Hamburg;163856.92;;90911200;80;https://ted.europa.eu/bg/notice/-/detail/502199-2026
502315-2026;;Deutschland – Gebäudereinigung – Unterhalts-, Grund- und Sonderreinigung HGT;Landkreis Traunstein;Traunstein;107289.97;;90911200;80;https://ted.europa.eu/bg/notice/-/detail/502315-2026
505524-2026;;Deutschland – Wohnungs-, Gebäude- und Fensterreinigung – Reinigungsdienstleistungen im Elbauenpark, in Veranstaltungshäusern und in Verwaltungsgebäuden der Messe- und Veranstaltungsgesellschaft Magdeburg GmbH sowie der Natur- und Kulturpark Elbaue GmbH;Messe- und Veranstaltungsgesellschaft Magdeburg GmbH;Magdeburg;150371.16;;90911000 90911200 90911300;80;https://ted.europa.eu/bg/notice/-/detail/505524-2026
506326-2026;;Deutschland – Gebäudereinigung – Reinigungsleistungen;Fachhochschule Dortmund;Dortmund;599712.66;;90911200;80;https://ted.europa.eu/bg/notice/-/detail/506326-2026
507051-2026;;Deutschland – Gebäudereinigung – Unterhaltsreinigung am LZH;Laser Zentrum Hannover e.V.;Hannover;420000;;90911200;80;https://ted.europa.eu/bg/notice/-/detail/507051-2026
510553-2026;;Deutschland – Gebäudereinigung – Unterhalts- und Grundreinigung an den Sporthallen Liebigschule, Theodor-Litt-Schule und Sporthalle Gießen-Wieseck - Jahresvertrag -;Magistrat der Universitätsstadt Gießen - Haupt- und Personalamt -;Gießen;337073;;90911200;80;https://ted.europa.eu/bg/notice/-/detail/510553-2026
512113-2026;;Deutschland – Wohnungs-, Gebäude- und Fensterreinigung – Umweltfreundliche Glas-, Jalousie- und Unterhaltsreinigung in Liegenschaften des Deutschen Bundestages;Deutscher Bundestag - Vergabereferat;Berlin;4188064.72;;90911000 90911200 90911300;80;https://ted.europa.eu/bg/notice/-/detail/512113-2026
512514-2026;;Deutschland – Wohnungs-, Gebäude- und Fensterreinigung – Reinigungsleistungen AG Grimma, Staatsanwaltschaft Leipzig Ast. Grimma, Sozialer Dienst LG Leipzig;Staatsbetrieb Sächsisches Immobilien- und Baumanagement, Zentrale, Zentralstelle Vergabe- und Vertragsmanagement;Dresden;394407.12;;90911000;80;https://ted.europa.eu/bg/notice/-/detail/512514-2026
514638-2026;;Deutschland – Gebäudereinigung – Vergabe Unterhaltsreinigung;Staatstheater am Gärtnerplatz;München;2227319.55;;90911200;80;https://ted.europa.eu/bg/notice/-/detail/514638-2026
432170-2026;;Deutschland – Gebäudereinigung – Unterhaltsreinigung in der Bayerischen Staatskanzlei;Bayerische Staatskanzlei;München;1900000;2026-07-15T10:00:00.000Z;90911200;75;https://ted.europa.eu/bg/notice/-/detail/432170-2026
443077-2026;;Deutschland – Gebäudereinigung – Sundern Gebäudereinigung;Stadt Sundern ( Sauerland);Sundern;1;2026-08-19T08:00:00.000Z;90911200 90911000 90910000 90919200 90919100 90919000 90911300 90919300;75;https://ted.europa.eu/bg/notice/-/detail/443077-2026
452390-2026;;Deutschland – Gebäudereinigung – Unterhaltsreinigung in der Bayerischen Staatskanzlei;Bayerische Staatskanzlei;München;1900000;2026-07-15T10:00:00.000Z;90911200;75;https://ted.europa.eu/bg/notice/-/detail/452390-2026
458305-2026;;Deutschland – Gebäudereinigung – Unterhalts- und Glasreinigung für die Justizgebäude Strafjustizgebäude Gögginger Str. 101, Edisonstr. 7 und Depotstr. 5 in Augsburg;Freistaat Bayern, vertreten durch den Präsidenten des Landgerichts Augsburg;Augsburg;0;2026-08-19T09:00:00.000Z;90911200 90911300;75;https://ted.europa.eu/bg/notice/-/detail/458305-2026
460071-2026;;Deutschland – Reinigungsdienste – Unterhalts- und Grundreinigung sowie Gästezimmerreinigung für die Akademie für Lehrerfortbildung u. Personalführung (ALP) in Dillingen a. d. D.;Freistaat Bayern Vertreten durch die Akademie für Lehrerfortbildung und Personalführung (ALP);Dillingen;2971705.33;2026-07-09T07:00:00.000Z;90910000 90911100 90911200 90919000;75;https://ted.europa.eu/bg/notice/-/detail/460071-2026
461449-2026;;Deutschland – Reinigungsdienste – Stadt Helmstedt - Gebäudereinigung;Stadt Helmstedt;Helmstedt;1;2026-08-12T08:00:00.000Z;90910000 90911000 90919000 90919200 90911300 90919300;75;https://ted.europa.eu/bg/notice/-/detail/461449-2026
462251-2026;;Deutschland – Gebäudereinigung – Unterhaltsreinigung in der Bayerischen Staatskanzlei;Bayerische Staatskanzlei;München;1900000;2026-07-15T10:00:00.000Z;90911200;75;https://ted.europa.eu/bg/notice/-/detail/462251-2026
471147-2026;;Deutschland – Gebäudereinigung – Unterhaltsreinigung in der Bayerischen Staatskanzlei;Bayerische Staatskanzlei;München;1900000;2026-07-15T10:00:00.000Z;90911200;75;https://ted.europa.eu/bg/notice/-/detail/471147-2026
475730-2026;;Deutschland – Gebäudereinigung – Unterhaltsreinigung in der Bayerischen Staatskanzlei;Bayerische Staatskanzlei;München;1900000;2026-07-21T10:00:00.000Z;90911200;75;https://ted.europa.eu/bg/notice/-/detail/475730-2026
487773-2026;;Deutschland – Gebäudereinigung – Unterhalts- und Glasreinigung für die Justizgebäude Strafjustizgebäude Gögginger Str. 101, Edisonstr. 7 und Depotstr. 5 in Augsburg;Freistaat Bayern, vertreten durch den Präsidenten des Landgerichts Augsburg;Augsburg;0;2026-08-19T09:00:00.000Z;90911200 90911300;75;https://ted.europa.eu/bg/notice/-/detail/487773-2026
493959-2026;;Deutschland – Hausmeisterdienste – Brühlstraße 11-13_Andertsche Wiese_Torhaus_Hannover;Bayerische Versorgungskammer;München;1;2026-08-24T10:00:00.000Z;90911000;75;https://ted.europa.eu/bg/notice/-/detail/493959-2026
501452-2026;;Deutschland – Reinigungs- und Hygienedienste – Liegenschaften und Fähren;Stadtwerke Konstanz GmbH;Konstanz;0.02;2026-08-19T08:00:00.000Z;90919200 90917000;75;https://ted.europa.eu/bg/notice/-/detail/501452-2026
505515-2026;;Deutschland – Gebäudereinigung – Unterhalts- und Glasreinigung für die Justizgebäude Strafjustizgebäude Gögginger Str. 101, Edisonstr. 7 und Depotstr. 5 in Augsburg;Freistaat Bayern, vertreten durch den Präsidenten des Landgerichts Augsburg;Augsburg;0;2026-08-19T09:00:00.000Z;90911200 90911300;75;https://ted.europa.eu/bg/notice/-/detail/505515-2026
437545-2026;;Deutschland – Wohnungs-, Gebäude- und Fensterreinigung – Stadt Rüsselsheim: Ausschreibung für die Gebäudereinigung (Unterhalts- und Glasreinigung);Stadt Rüsselsheim am Main;Rüsselsheim am Main;28589820;;90911000 90911200 90911300;70;https://ted.europa.eu/bg/notice/-/detail/437545-2026
431880-2026;;Deutschland – Gebäudereinigung – 6003061639-Gebäudereinigung Frankenberg (Eder);Bundeswehr-Dienstleistungszentrum Homberg/EFZE;Homberg/EFZE;;2026-07-27T11:00:00.000Z;90911200;68;https://ted.europa.eu/bg/notice/-/detail/431880-2026
434287-2026;;Deutschland – Reinigungsdienste – Gebäudeinnen- und Glasreinigung sowie Managementleistungen für Eigenreinigung;Stadt Lörrach, Recht/Baurecht/Vergabe;Lörrach;;2026-07-27T09:00:00.000Z;90910000;68;https://ted.europa.eu/bg/notice/-/detail/434287-2026
434804-2026;;Deutschland – Gebäudereinigung – Offenes Verfahren (EU-weit) zur Vergabe von Gebäudereinigungsleistungen (Unterhaltsreinigung) für mehrere Liegenschaften in Ober- und Niederbayern - VOEK 068-26;Bundesanstalt für Immobilienaufgaben;Bonn;;2026-08-04T07:00:00.000Z;90911200 90911300;68;https://ted.europa.eu/bg/notice/-/detail/434804-2026
434879-2026;;"Deutschland – Wohnungs-, Gebäude- und Fensterreinigung – Gebäudereinigungsleistungen Zentrale Ausländerbehörde (ZAB); Gesundheitsstrecke";Staatsbetrieb Sächsisches Immobilien- und Baumanagement, Zentrale, Zentralstelle Vergabe- und Vertragsmanagement;Dresden;;2026-07-30T07:00:00.000Z;90911000;68;https://ted.europa.eu/bg/notice/-/detail/434879-2026
435138-2026;;Deutschland – Gebäudereinigung – Unterhaltsreinigung Neubau FM Detmold;LWL-Freilichtmuseum Detmold;Detmold;;;90911200;68;https://ted.europa.eu/bg/notice/-/detail/435138-2026
435162-2026;;Deutschland – Gebäudereinigung – Unterhaltsreinigung für das Jobcenter Köln ab 10/26;Jobcenter Köln;Köln;;2026-07-27T10:00:00.000Z;90911200;68;https://ted.europa.eu/bg/notice/-/detail/435162-2026
435203-2026;;Deutschland – Fensterreinigung – Gebäudereinigung - Montabaur;Verbandsgemeinde Montabaur;Montabaur;;2026-07-30T08:00:00.000Z;90911300 90911000 90911200;68;https://ted.europa.eu/bg/notice/-/detail/435203-2026
435411-2026;;Deutschland – Bauarbeiten – Sanierung Freibad Stockheide, Bauendreinigung;Vergabe und Beschaffungszentrum Dortmund;Dortmund;;2026-08-03T18:00:00.000Z;90911200;68;https://ted.europa.eu/bg/notice/-/detail/435411-2026
435636-2026;;Deutschland – Reinigungsdienste – Unterhalts- und Glasreinigung Ankerdependance Garmisch-Partenkirchen, Abrams Kaserne;Regierung von Oberbayern;München;;2026-07-28T08:00:00.000Z;90910000 90911300;68;https://ted.europa.eu/bg/notice/-/detail/435636-2026
436160-2026;;Deutschland – Gebäudereinigung – Unterhalts- und Grundreinigung für Neubau Realschule Osterhofen;Landkreis Deggendorf;Deggendorf;;2026-07-30T08:00:00.000Z;90911200;68;https://ted.europa.eu/bg/notice/-/detail/436160-2026
436307-2026;;Deutschland – Reinigung von Unterkünften – Interimsvergabe Unterhalts- und Gästehausreinigung;Deutsches Elektronen-Synchrotron DESY;Hamburg;;;90911100;68;https://ted.europa.eu/bg/notice/-/detail/436307-2026
436672-2026;;Deutschland – Gebäudereinigung – Reinigung an diversen kommunalen Gebäuden der Stadt Esslingen am Neckar;Stadt Esslingen am Neckar, Städtische Gebäude, Baurechtsamt, Vergabestelle;Esslingen am Neckar;;;90911200 90911300;68;https://ted.europa.eu/bg/notice/-/detail/436672-2026
437446-2026;;Deutschland – Reinigung von Schulen – Gebäudereinigung in diversen Objekten der Gemeinde Stuhr;Gemeinde Stuhr;Stuhr;;2026-07-29T08:00:00.000Z;90911300 90911200 90919300;68;https://ted.europa.eu/bg/notice/-/detail/437446-2026
437455-2026;;Deutschland – Gebäudereinigung – Gebäudereinigung in div. Schulcontainern;Stadt Bottrop;Bottrop;;;90911200 90911300;68;https://ted.europa.eu/bg/notice/-/detail/437455-2026
438373-2026;;Deutschland – Reinigungsdienste – Vertretungsreinigungen in städtischen Objekten - Vertretungsreinigung;Gebäudemanagementbetrieb der Landeshauptstadt Saarbrücken - GMS;Saarbrücken;;;90910000;68;https://ted.europa.eu/bg/notice/-/detail/438373-2026
438584-2026;;Deutschland – Gebäudereinigung – UHR Boehleschule + Turnhalle;Stadt Frankfurt am Main, Amt für Bau und Immobilien;Frankfurt am Main;;;90911200;68;https://ted.europa.eu/bg/notice/-/detail/438584-2026
438973-2026;;Deutschland – Gebäudereinigung – Unterhaltsreinigung;Stiftung Topographie des Terrros;Berlin;;;90911200;68;https://ted.europa.eu/bg/notice/-/detail/438973-2026
439666-2026;;Deutschland – Gebäudereinigung – Unterhaltsreinigung Gebäude, Fensterreinigung, Unterhaltsreinigung Großgaragen;Gewobag Wohnungsbau-Aktiengesellschaft Berlin;Berlin;;2026-07-27T10:00:00.000Z;90911200 90911300 90914000;68;https://ted.europa.eu/bg/notice/-/detail/439666-2026
439724-2026;;Deutschland – Reinigungsdienste – Reinigungsdienstleistungen DG Heilbronner Straße;DRV Bund Einkaufsmanagement;Berlin;;;90910000;68;https://ted.europa.eu/bg/notice/-/detail/439724-2026
439732-2026;;Deutschland – Reinigungs- und Hygienedienste – Glasreinigung;Universitätsklinikum Düsseldorf;Düsseldorf;;;90911300 90911200;68;https://ted.europa.eu/bg/notice/-/detail/439732-2026
439786-2026;;Deutschland – Gebäudereinigung – Unterhalts- und Grundreinigung im Rathaus 2, Friedrich-Ebert-Straße 160, 34119 Kassel;Magistrat der Stadt Kassel;Kassel;;2026-07-30T07:00:00.000Z;90911200;68;https://ted.europa.eu/bg/notice/-/detail/439786-2026
440441-2026;;Deutschland – Gebäudereinigung – Rahmenvereinbarung für die Vergabe von Gebäudeinnenreinigungsleistungen im Polizeiauftrag der Kreispolizeibehörde Unna;Kreispolizeibehörde Unna;Unna;;2026-07-28T10:00:00.000Z;90911200;68;https://ted.europa.eu/bg/notice/-/detail/440441-2026
440493-2026;;Deutschland – Reinigungs- und Hygienedienste – Unterhalts- und Glasreinigung für das Bundesarchiv in Berlin Lichterfelde;Bundesrepublik Deutschland, vertreten durch das Bundesministerium des Innern, vertreten durch das Beschaffungsamt des BMI;Bonn;;2026-07-27T09:30:00.000Z;90910000 90911200 90911300;68;https://ted.europa.eu/bg/notice/-/detail/440493-2026
440745-2026;;Deutschland – Reinigungs- und Hygienedienste – Reinigungsdienstleistungen;Landkreis Aschaffenburg - A5 Kreishochbauverwaltung;Aschaffenburg;;2026-07-27T09:00:00.000Z;90910000;68;https://ted.europa.eu/bg/notice/-/detail/440745-2026
440765-2026;;Deutschland – Gebäudereinigung – Unterhaltsreinigung ab 01.09.2026 im Objekt Benrodestraße;Landeshauptstadt Düsseldorf, Der Oberbürgermeister, Amt für Recht, Vergabe und Versicherungen, Zentrale Vergabestelle;Düsseldorf;;2026-07-27T09:00:00.000Z;90911200;68;https://ted.europa.eu/bg/notice/-/detail/440765-2026
440795-2026;;Deutschland – Reinigungsdienste – Unterhaltsreinigung ab 01.10.2026 in 4 Losen;Landeshauptstadt Düsseldorf, Der Oberbürgermeister, Amt für Recht, Vergabe und Versicherungen, Zentrale Vergabestelle;Düsseldorf;;2026-07-27T08:30:00.000Z;90910000 90911200;68;https://ted.europa.eu/bg/notice/-/detail/440795-2026
441408-2026;;Deutschland – Gebäudereinigung – Gebäudereinigung kommunale Objekte in Neuenhagen bei Berlin;Gemeindeverwaltung Neuenhagen bei Berlin;Neuenhagen bei Berlin;;2026-07-28T10:00:00.000Z;90911200 90919000;68;https://ted.europa.eu/bg/notice/-/detail/441408-2026
441415-2026;;Deutschland – Gebäudereinigung – Unterhalts- und Grundreinigung für Neubau Realschule Osterhofen;Landkreis Deggendorf;Deggendorf;;2026-07-30T08:00:00.000Z;90911200;68;https://ted.europa.eu/bg/notice/-/detail/441415-2026
441725-2026;;Deutschland – Wohnungs-, Gebäude- und Fensterreinigung – Gebäudeunterhaltsreinigung im JKI Quedlinburg;Julius Kühn-Institut (JKI);Quedlinburg;;2026-07-27T10:00:00.000Z;90911000;68;https://ted.europa.eu/bg/notice/-/detail/441725-2026
441739-2026;;Deutschland – Reinigung von Abwässerkanälen – Reinigung unter den Bahnsteigen auf den Bahnhöfen der U8 - in 3 Losen;Berliner Verkehrsbetriebe, Bereich Einkauf/ Materialwirtschaft;Berlin;;2026-07-27T06:00:00.000Z;90911200 90910000;68;https://ted.europa.eu/bg/notice/-/detail/441739-2026
442059-2026;;Deutschland – Gebäudereinigung – Unterhalts- und Grundreinigung an 18 Schulen des Regionalverbandes Saarbrücken (4 Lose);Regionalverband Saarbrücken;Saarbrücken;;;90911200;68;https://ted.europa.eu/bg/notice/-/detail/442059-2026
442156-2026;;Deutschland – Gebäudereinigung – LK - Schule am Kanstein (inkl. Sporthalle) u. KatS-Zentrum Marienau - Gebäudereinigungsdienstleistungen;Landkreis Hameln-Pyrmont;Hameln;;2026-08-04T08:00:00.000Z;90911200;68;https://ted.europa.eu/bg/notice/-/detail/442156-2026
442532-2026;;Deutschland – Reinigungsdienste – Gebäudereinigung Anmietung ehem. Kaufhaus Schocken - SIB, Niederlassung Zwickau;Staatsbetrieb Sächsisches Immobilien- und Baumanagement, Zentrale, Zentralstelle Vergabe- und Vertragsmanagement;Dresden;;2026-07-29T07:00:00.000Z;90910000;68;https://ted.europa.eu/bg/notice/-/detail/442532-2026
442736-2026;;Deutschland – Fensterreinigung – Schulen und Verwaltungsgebäude des Werra-Meißner-Kreises_Glas- und Rahmenreinigung;Werra-Meißner-Kreis, Der Kreisausschuss;Eschwege;;;90911300;68;https://ted.europa.eu/bg/notice/-/detail/442736-2026
443331-2026;;Deutschland – Gebäudereinigung – Unterhaltsreinigung im Rathaus Neukölln;Bezirksamt Neukölln von Berlin;Berlin;;2026-07-30T08:00:00.000Z;90911200;68;https://ted.europa.eu/bg/notice/-/detail/443331-2026
443780-2026;;Deutschland – Reinigungsdienste – Unterhalts- und Glasreinigung in Gebäuden der Stadt Müncheberg;Stadt Müncheberg;Müncheberg;;2026-07-28T07:00:00.000Z;90910000 90911000;68;https://ted.europa.eu/bg/notice/-/detail/443780-2026
444212-2026;;Deutschland – Gebäudereinigung – Technisches Rathaus Mannheim;Stadt Mannheim - Fachbereich Bau- und Immobilienmanagement;Mannheim;;;90911200;68;https://ted.europa.eu/bg/notice/-/detail/444212-2026
444530-2026;;Deutschland – Reinigungsdienste – Reinigung von Parkscheinautomaten;Stadt Leipzig;Leipzig;;2026-07-28T07:00:00.000Z;90910000;68;https://ted.europa.eu/bg/notice/-/detail/444530-2026
444613-2026;;Deutschland – Wohnungs-, Gebäude- und Fensterreinigung – Gebäudereinigung Hauptfeuerwache;Stadt Leipzig;Leipzig;;;90911000 90911200 90911300;68;https://ted.europa.eu/bg/notice/-/detail/444613-2026
444718-2026;;Deutschland – Gebäudereinigung – Reinigungsdienstleistung der Bädergesellschaft Düsseldorf mbH;Bädergesellschaft Düsseldorf mbH;Düsseldorf;;2026-07-27T08:00:00.000Z;90911200;68;https://ted.europa.eu/bg/notice/-/detail/444718-2026
445903-2026;;Deutschland – Gebäudereinigung – 6003021338-Unterhaltsreinigung Hauptfeldwebel-Lagenstein Kaserne;Bundeswehr-Dienstleistungszentrum Hannover;Hannover;;;90911200;68;https://ted.europa.eu/bg/notice/-/detail/445903-2026
447840-2026;;Deutschland – Reinigungsdienste – PWC-Reinigung AM Erkner 2026-2028;Die Autobahn GmbH des Bundes - NL Nordost;Hohen Neuendorf OT Stolpe;;;90910000;68;https://ted.europa.eu/bg/notice/-/detail/447840-2026
448425-2026;;Deutschland – Gebäudereinigung – Unterhaltsreinigung der Etagen E, 1 und 2 im UBFT;Universitätsklinikum Aachen AöR;Aachen;;;90911200;68;https://ted.europa.eu/bg/notice/-/detail/448425-2026
448622-2026;;Deutschland – Gebäudereinigung – Reinigungsdienstleistung im Objekt Lingnerallee 3, 01069 Dresden;Landeshauptstadt Dresden, GB Umwelt und Klima, Recht und Ordnung, RB Zentrale Technische Dienstleistungen;Dresden;;2026-07-30T13:00:00.000Z;90911200;68;https://ted.europa.eu/bg/notice/-/detail/448622-2026
448655-2026;;Deutschland – Gebäudereinigung – Unterhaltsreinigung Grundschule Am Sonnenberg;Stadt Salzgitter;Salzgitter;;2026-08-03T07:30:00.000Z;90911200;68;https://ted.europa.eu/bg/notice/-/detail/448655-2026
448731-2026;;Deutschland – Gebäudereinigung – Reinigung der öffentlichen WC-Anlagen der Stadt Mölln;Stadt Mölln - Der Bürgermeister;Mölln;;2026-07-31T09:00:00.000Z;90911200;68;https://ted.europa.eu/bg/notice/-/detail/448731-2026
450705-2026;;Deutschland – Gebäudereinigung – Unterhaltsreinigung (LOS 1) und Fenster- u. Glasreinigung (LOS 2) eines Verwaltungsgebäudes der VBG - Bezirksverwaltung Berlin;Verwaltungs-Berufsgenossenschaft (VBG) - Hauptverwaltung Hamburg;Hamburg;;2026-07-31T08:00:00.000Z;90911200 90911300;68;https://ted.europa.eu/bg/notice/-/detail/450705-2026
452138-2026;;Deutschland – Gebäudereinigung – Unterhalts- und Glasreinigung Flughafen Köln/Bonn;Generalzolldirektion Zentrale Beschaffungsstelle der Bundesfinanzverwaltung;Freiburg;;;90911200 90911300;68;https://ted.europa.eu/bg/notice/-/detail/452138-2026
452376-2026;;Deutschland – Wohnungs-, Gebäude- und Fensterreinigung – Unterhalts- und Grundreinigung von Schulen im Landkreis Gotha;Landkreis Gotha, vertreten durch den Landrat;Gotha;;;90911000 90911200 90919000;68;https://ted.europa.eu/bg/notice/-/detail/452376-2026
452771-2026;;Deutschland – Gebäudereinigung – Reinigungsdienstleistung der Bädergesellschaft Düsseldorf mbH;Bädergesellschaft Düsseldorf mbH;Düsseldorf;;2026-07-27T08:00:00.000Z;90911200;68;https://ted.europa.eu/bg/notice/-/detail/452771-2026
454565-2026;;Deutschland – Gebäudereinigung – UHR Grundschule Kalbach;Stadt Frankfurt am Main, Amt für Bau und Immobilien;Frankfurt am Main;;2026-08-03T10:00:00.000Z;90911200;68;https://ted.europa.eu/bg/notice/-/detail/454565-2026
454670-2026;;Deutschland – Reinigungsdienste – Reinigungsdienstleistungen Stadt Giengen;Eigenbetrieb Gebäudemanagement Stadt Giengen;Giengen;;2026-08-04T09:00:00.000Z;90910000 90911000;68;https://ted.europa.eu/bg/notice/-/detail/454670-2026
455814-2026;;Deutschland – Gebäudereinigung – Unterhaltsreinigung ab 01.12.2026 Bezirk 3 (3Objekte);Landeshauptstadt Düsseldorf, Der Oberbürgermeister, Amt für Recht, Vergabe und Versicherungen, Zentrale Vergabestelle;Düsseldorf;;2026-08-03T08:00:00.000Z;90911200;68;https://ted.europa.eu/bg/notice/-/detail/455814-2026
457157-2026;;Deutschland – Gebäudereinigung – Objektreinigungen im Stadtteil Vogelstang;Stadt Mannheim - Fachbereich Bau- und Immobilienmanagement;Mannheim;;2026-08-04T08:15:00.000Z;90911200 90911300;68;https://ted.europa.eu/bg/notice/-/detail/457157-2026
459062-2026;;Deutschland – Gebäudereinigung – Unterhalts-, Grund- u. Sonderreinigung in Schulen und Rathäusern Chemnitz;Stadt Chemnitz;Chemnitz;;2026-08-03T07:30:00.000Z;90911200;68;https://ted.europa.eu/bg/notice/-/detail/459062-2026
460218-2026;;Deutschland – Gebäudereinigung – Gebäudereinigung Kreis Euskirchen;Kreis Euskirchen;Euskirchen;;;90911200 90919200 90919300;68;https://ted.europa.eu/bg/notice/-/detail/460218-2026
461279-2026;;"Deutschland – Abwasser- und Abfallbeseitigungs-, Reinigungs- und Umweltschutzdienste – Unterhalts- und Glasreinigung der AOK Rheinland/Hamburg - Die Gesundheitskasse - AOK-Haus Düsseldorf; Steinstraße";AOK Rheinland/Hamburg;Düsseldorf;;2026-08-04T10:00:00.000Z;90910000 90911200 90911300 90919100 90919200;68;https://ted.europa.eu/bg/notice/-/detail/461279-2026
461824-2026;;Deutschland – Gebäudereinigung – Gebäudereinigung in öffentlichen Gebäuden der Gemeinde Eningen unter Achalm;Gemeinde Eningen unter Achalm;Eningen unter Achalm;;2026-08-04T08:00:00.000Z;90911200 90910000 90911300 90919200 90919300;68;https://ted.europa.eu/bg/notice/-/detail/461824-2026
462151-2026;;Deutschland – Gebäudereinigung – HD, Maaßstr. 32: Finanzamt Heidelberg_Unterhalts-und Grundreinigung;Vermögen und Bau Baden-Württemberg, Amt Mannheim und Heidelberg Dienstsitz Mannheim;Mannheim;;2026-08-03T21:59:00.000Z;90911200;68;https://ted.europa.eu/bg/notice/-/detail/462151-2026
462441-2026;;Deutschland – Reinigungsdienste – Magistrat der Stadt Hünfeld, Straßen- und Flächenreinigung;Interkommunale Vergabestelle des Landkreises Fulda im Auftrag der Stadt Hünfeld;Fulda;;2026-08-04T08:00:00.000Z;90910000;68;https://ted.europa.eu/bg/notice/-/detail/462441-2026
463900-2026;;Deutschland – Gebäudereinigung – Abschluss einer Rahmenvereinbarung über die Unterhaltsreinigung und Fensterreinigung in Havelberg;Bundeswehr-Dienstleistungszentrum Burg;Burg;;;90911200 90911300 90911000;68;https://ted.europa.eu/bg/notice/-/detail/463900-2026
464059-2026;;Deutschland – Wohnungs-, Gebäude- und Fensterreinigung – Reinigungsleistungen - LWL-Kliniken Bochum, Herten u. Herne;Landschaftsverband Westfalen-Lippe;Münster;;;90911000 90911200 90911300;68;https://ted.europa.eu/bg/notice/-/detail/464059-2026
465391-2026;;Deutschland – Gebäudereinigung – Durchführung der täglichen Unterhaltsreinigung und einer jährlichen Grundreinigung in zwei Flüchtlingsunterkünften in 61169 Friedberg, im Zeitraum 10/2026 bis 09/2030, inkl. einer Verlängerungsoption;Wetteraukreis, Fachstelle 5.5.2, Gebäudereinigung;Friedberg;;;90911200;68;https://ted.europa.eu/bg/notice/-/detail/465391-2026
465718-2026;;Deutschland – Gebäudereinigung – Unterhaltsreinigung verschiedener Gebäude der Kreisstadt Homburg (Saar);Kreisstadt Homburg/Saar;Homburg/Saar;;;90911200;68;https://ted.europa.eu/bg/notice/-/detail/465718-2026
467603-2026;;Deutschland – Gebäudereinigung – Gebäudeinnenreinigung 11 Schulen im Stadtgebiet Wiesbaden;Landeshauptstadt Wiesbaden - Hochbauamt;Wiesbaden;;;90911200;68;https://ted.europa.eu/bg/notice/-/detail/467603-2026
467641-2026;;Deutschland – Gebäudereinigung – Gebäudereinigung für 9 Schulen in Bremen, Immobilien Bremen - Eigenbetrieb der Stadtgemeinde Bremen;Immobilien Bremen - Eigenbetrieb der Stadtgemeinde Bremen;Bremen;;;90911200;68;https://ted.europa.eu/bg/notice/-/detail/467641-2026
467933-2026;;Deutschland – Reinigungsdienste – WC-Reinigung A96 AM Wangen A7 AM Sulzber;Die Autobahn GmbH des Bundes - NL Südbayern;München;;;90910000;68;https://ted.europa.eu/bg/notice/-/detail/467933-2026
468225-2026;;Deutschland – Gebäudereinigung – Abschluss RV Gebäudereinigung Standort Landsberg am Lech;Bundeswehr-Dienstleistungszentrum Landsberg am Lech;Landsberg am Lech;;;90911200;68;https://ted.europa.eu/bg/notice/-/detail/468225-2026
468868-2026;;Deutschland – Reinigungsdienste – Unterhaltsreinigung von Treppenhäusern in 04107/04109 Leipzig (Zentrum);Leipziger Wohnungs-und Baugesellschaft mbH;Leipzig;;;90910000 90911000 90911200 90911300;68;https://ted.europa.eu/bg/notice/-/detail/468868-2026
472497-2026;;Deutschland – Gebäudereinigung – Unterhaltsreinigung Region Elbe-Weser;AOK - Die Gesundheitskasse für Niedersachsen;Hannover;;;90911200;68;https://ted.europa.eu/bg/notice/-/detail/472497-2026
472913-2026;;Deutschland – Gebäudereinigung – Offenes Verfahren (EU-weit) zur Vergabe von Gebäudereinigungsleistungen (Unterhalts- und Glasreinigungsleistungen) für die Bundespolizei-Inspektion Hannover, Bildungs- und Wissenschaftszentrum Hannover, Informationstechnikzentrum (ITZ Bund) Hannover und die Bundespolizei Direktion Hannover, VOEK 618-25;Bundesanstalt für Immobilienaufgaben;Bonn;;2026-07-27T07:00:00.000Z;90911200 90911300;68;https://ted.europa.eu/bg/notice/-/detail/472913-2026
476430-2026;;Deutschland – Wohnungs-, Gebäude- und Fensterreinigung – Unterhalts-, Grund- und Glasreinigung in verschiedenen Objekten der Gemeinde Salzatal;Gemeinde Salzatal;Salzatal;;;90911000 90911200;68;https://ted.europa.eu/bg/notice/-/detail/476430-2026
482245-2026;;Deutschland – Fensterreinigung – Glas- und Rahmenreinigung Polizeipräsidium Frankfurt;Land Hessen, vertreten durch das Hessische Competence Center -Delivery Center Beschaffungen-;Wiesbaden;;;90911300;68;https://ted.europa.eu/bg/notice/-/detail/482245-2026
482700-2026;;Deutschland – Gebäudereinigung – Amt Stralendorf - Neubau einer Zweifeldsporthalle in 19073 Stralendorf - Los 25 Baureinigung;Amt Stralendorf - Der Amtsvorsteher;Stralendorf;;;90911200;68;https://ted.europa.eu/bg/notice/-/detail/482700-2026
484096-2026;;Deutschland – Reinigungsdienste – Gebäudereinigung in den Objekten des Landkreis Wittmund;Landkreis Wittmund;Wittmund;;;90910000 90911200 90919000 90919200 90919300;68;https://ted.europa.eu/bg/notice/-/detail/484096-2026
485009-2026;;Deutschland – Gebäudereinigung – Reinigung des THW in Hoya und Dörverden;Bundesrepublik Deutschland, vertreten durch das Bundesministerium des Innern, vertreten durch das Beschaffungsamt des BMI;Bonn;;;90911200;68;https://ted.europa.eu/bg/notice/-/detail/485009-2026
485818-2026;;Deutschland – Gebäudereinigung – Gebäudereinigung Bildungscampus Freiham;Landeshauptstadt München, Direktorium, Vergabestelle 1, SG 1;München;;;90911200 90911300;68;https://ted.europa.eu/bg/notice/-/detail/485818-2026
486118-2026;;Deutschland – Reinigungsdienste – PWC-Reinigung von 4 WC-Anlagen AM Michendorf;Die Autobahn GmbH des Bundes - NL Nordost;Hohen Neuendorf OT Stolpe;;;90910000 90911200;68;https://ted.europa.eu/bg/notice/-/detail/486118-2026
488030-2026;;Deutschland – Gebäudereinigung – Unterhalts-, Grund- und Glas-/Rahmenreinigung Paula-Fürst-Schule Oberderdingen, Kindergarten Kieselsteine KA und Kreisarchiv TRIWO Park Bruchsal;Landratsamt Karlsruhe, Amt für Gebäudemanagement, Zentrale Vergabestelle;Karlsruhe;;;90911200 90911000;68;https://ted.europa.eu/bg/notice/-/detail/488030-2026
489062-2026;;Deutschland – Reinigungsdienste – SL 21-26O - Reinigungsdienstleistungen an den Standorten Stralsund, Ribnitz-Damgarten und Bergen auf Rügen des Eigenbetrieb Jobcenter;Landkreis Vorpommern-Rügen;Stralsund;;;90910000 90911200;68;https://ted.europa.eu/bg/notice/-/detail/489062-2026
489866-2026;;Deutschland – Gebäudereinigung – Rahmenvereinbarung für die Vergabe von Gebäudeinnenreinigungsleistungen im Polizeiauftrag der Kreispolizeibehörde Unna;Kreispolizeibehörde Unna;Unna;;2026-08-04T10:00:00.000Z;90911200;68;https://ted.europa.eu/bg/notice/-/detail/489866-2026
490744-2026;;Deutschland – Reinigungsdienste – Unterhaltsreinigung ab 01.10.2026 in 4 Losen;Landeshauptstadt Düsseldorf, Der Oberbürgermeister, Amt für Recht, Vergabe und Versicherungen, Zentrale Vergabestelle;Düsseldorf;;2026-08-03T08:30:00.000Z;90910000 90911200;68;https://ted.europa.eu/bg/notice/-/detail/490744-2026
490861-2026;;Deutschland – Gebäudereinigung – UR, SR für das Objekt Regierungspräsidium in Gießen (RP-Gießen);Land Hessen, vertreten durch das Hessische Competence Center -Beschaffungen-;Wiesbaden;;;90911200;68;https://ted.europa.eu/bg/notice/-/detail/490861-2026
492207-2026;;Deutschland – Gebäudereinigung – UHR IGS Eschersheim;Stadt Frankfurt am Main, Amt für Bau und Immobilien;Frankfurt am Main;;;90911200;68;https://ted.europa.eu/bg/notice/-/detail/492207-2026
494619-2026;;Deutschland – Reinigungs- und Hygienedienste – Gebäudereinigung Rechtsrheinisch;Stadt Konstanz, Personal- und Organisationsamt-Zentrale Vergabestelle;Konstanz;;2026-07-28T09:00:00.000Z;90910000;68;https://ted.europa.eu/bg/notice/-/detail/494619-2026
496806-2026;;Deutschland – Gebäudereinigung – Gebäudereinigung Lerchenauer Str. 322 und weitere Objekte;Landeshauptstadt München, Direktorium, Vergabestelle 1, SG 1;München;;;90911200 90911300;68;https://ted.europa.eu/bg/notice/-/detail/496806-2026
500788-2026;;Deutschland – Gebäudereinigung – Unterhalts- und Fensterreinigung - Fraunhofer ITMP - PR 1149492-3640-I;Fraunhofer-Gesellschaft - Einkauf B12;München;;;90911200 90911300;68;https://ted.europa.eu/bg/notice/-/detail/500788-2026
502817-2026;;Deutschland – Gebäudereinigung – Unterhaltsreinigung Museums- und Verwaltungsgebäude;Historisches Museum der Pfalz - Stiftung des öffentlichen Rechts;Speyer;;;90911200;68;https://ted.europa.eu/bg/notice/-/detail/502817-2026
503359-2026;;Deutschland – Gebäudereinigung – Unterhaltsreinigung Campus Ost 3. Teil;Technische Universität Braunschweig;Braunschweig;;;90911200;68;https://ted.europa.eu/bg/notice/-/detail/503359-2026
503868-2026;;Deutschland – Gebäudereinigung – Unterhalts-, Sonder- und teilweise Ergänzungsreinigung in 8 Objekten der Stadt Bielefeld für den Zeitraum vom 01.06.2026 bis zum 31.05.2027 plus drei Verlängerungsoptionen von jeweils 12 Monaten;Stadt Bielefeld - Amt für Zentrale Leistungen;Bielefeld;;;90911200;68;https://ted.europa.eu/bg/notice/-/detail/503868-2026
506031-2026;;Deutschland – Gebäudereinigung – Laufende Unterhaltsreinigung, 1x jährliche feste Grundreinigung sowie optionale Sonder- und Grundreinigung auf Abruf;Stadt Selm;Selm;;;90911200;68;https://ted.europa.eu/bg/notice/-/detail/506031-2026
506699-2026;;Deutschland – Gebäudereinigung – Ausschreibung der Gebäudereinigung für den Kreis Kleve;Kreisverwaltung Kleve;Kleve;;;90911200;68;https://ted.europa.eu/bg/notice/-/detail/506699-2026
506823-2026;;Deutschland – Gebäudereinigung – Familien- und Gesundheitszentrum - Unterhaltsreinigung;Landkreis Schaumburg - Vergabestelle;Stadthagen;;;90911200;68;https://ted.europa.eu/bg/notice/-/detail/506823-2026
507235-2026;;Deutschland – Wohnungs-, Gebäude- und Fensterreinigung – Gebäudereinigung (Unterhalts- und Glasflächenreinigung) in der Nordgau-Kaserne Cham und Standortsportanlage Cham ab 01.01.2027;Bundeswehr-Dienstleistungszentrum Bogen;Bogen;;2026-07-29T11:00:00.000Z;90911000 90911200 90911300;68;https://ted.europa.eu/bg/notice/-/detail/507235-2026
507356-2026;;Deutschland – Gebäudereinigung – Gebäudereinigung kommunale Objekte in Neuenhagen bei Berlin;Gemeindeverwaltung Neuenhagen bei Berlin;Neuenhagen bei Berlin;;2026-08-03T09:00:00.000Z;90911200 90919000;68;https://ted.europa.eu/bg/notice/-/detail/507356-2026
507923-2026;;Deutschland – Reinigungsdienste – Unterhaltsreinigung der LWB-Außenstellen im Stadtgebiet Leipzig;Leipziger Wohnungs-und Baugesellschaft mbH;Leipzig;;;90910000 90911000 90911200 90911300;68;https://ted.europa.eu/bg/notice/-/detail/507923-2026
508171-2026;;Deutschland – Gebäudereinigung – Gebäudereinigung Hanselmannstraße 45;Landeshauptstadt München, Direktorium, Vergabestelle 1, SG 1;München;;;90911200 90911300;68;https://ted.europa.eu/bg/notice/-/detail/508171-2026
508432-2026;;Deutschland – Fensterreinigung – Glas- und Jalousiereinigung RTG, RPP, Amtshaus;Deutscher Bundestag;Berlin;;;90911300;68;https://ted.europa.eu/bg/notice/-/detail/508432-2026
511077-2026;;Deutschland – Gebäudereinigung – Gebäudereinigung kommunale Objekte in Neuenhagen bei Berlin;Gemeindeverwaltung Neuenhagen bei Berlin;Neuenhagen bei Berlin;;2026-08-03T09:00:00.000Z;90911200 90919000;68;https://ted.europa.eu/bg/notice/-/detail/511077-2026
511332-2026;;Deutschland – Bauarbeiten – Münster, Umbau und Sanierung des ehem. Offizierskasinos, Gebäude 30 im York-Quartier;NRW.URBAN Kommunale Entwicklung GmbH;Düsseldorf;;;90911200;68;https://ted.europa.eu/bg/notice/-/detail/511332-2026
511821-2026;;Deutschland – Fensterreinigung – Glas- und Fassadenreinigung an den NDR Standorten Lokstedt ( Los 1) und Rothenbaum (Los 2);Norddeutscher Rundfunk;Hamburg;;;90911300;68;https://ted.europa.eu/bg/notice/-/detail/511821-2026
512328-2026;;Deutschland – Gebäudereinigung – Unterhalts- und Grundreinigungsarbeiten des BBZ (Berufliches Bildungszentrum) in Ettlingen;Landratsamt Karlsruhe, Amt für Gebäudemanagement, Zentrale Vergabestelle;Karlsruhe;;;90911200;68;https://ted.europa.eu/bg/notice/-/detail/512328-2026
512763-2026;;Deutschland – Gebäudereinigung – Gebäudereinigung kommunale Objekte in Neuenhagen bei Berlin;Gemeindeverwaltung Neuenhagen bei Berlin;Neuenhagen bei Berlin;;2026-08-03T09:00:00.000Z;90911200 90919000;68;https://ted.europa.eu/bg/notice/-/detail/512763-2026
432973-2026;;Deutschland – Reinigungs- und Hygienedienste – Reinigung Schulcampus Tolkewitz;Landeshauptstadt Dresden, GB Bildung, Jugend und Sport, Amt für Schulen;Dresden;;2026-08-06T13:00:00.000Z;90919300;63;https://ted.europa.eu/bg/notice/-/detail/432973-2026
434028-2026;;Deutschland – Gebäudereinigung – Ausschreibung der Gebäudereinigung für den Kreis Kleve;Kreisverwaltung Kleve;Kleve;;2026-07-06T06:00:00.000Z;90911200;63;https://ted.europa.eu/bg/notice/-/detail/434028-2026
435128-2026;;Deutschland – Reinigungs- und Hygienedienste – Reinigung Gymnasium Dreikönigschule Dresden;Landeshauptstadt Dresden, GB Bildung, Jugend und Sport, Amt für Schulen;Dresden;;2026-08-05T13:00:00.000Z;90919300;63;https://ted.europa.eu/bg/notice/-/detail/435128-2026
435355-2026;;Deutschland – Abwasser- und Abfallbeseitigungs-, Reinigungs- und Umweltschutzdienste – Unterhalts- und Grundreinigung Hauptkläranlage, Bürgerhaus Kinderhaus, Wilhelm-Hittorf-Gymnasium, Grundschule Albachten in 4 Losen;Stadt Münster - Zentrale Rechtsdienstleistungen und Vergabemanagement;Münster;;2026-07-23T05:30:00.000Z;90910000 90911000 90911200 90919000 90919300;63;https://ted.europa.eu/bg/notice/-/detail/435355-2026
435770-2026;;Deutschland – Gebäudereinigung – Unterhaltsreinigung eines Verwaltungsgebäudes der VBG Hauptverwaltung Hamburg-Barmbek;Verwaltungs-Berufsgenossenschaft (VBG) - Hauptverwaltung Hamburg;Hamburg;;2026-07-20T08:00:00.000Z;90911200;63;https://ted.europa.eu/bg/notice/-/detail/435770-2026
436332-2026;;Deutschland – Reinigung von Schulen – Durchführung der Unterhalts-, Grund- und Glasreinigung am Berufskolleg Neheim;Hochsauerlandkreis;Arnsberg;;2026-06-24T07:00:00.000Z;90911200 90911300 90919300;63;https://ted.europa.eu/bg/notice/-/detail/436332-2026
436456-2026;;"Deutschland – Überholungs- und Sanierungsarbeiten – Sanierung des Theaterhauses ""Uckermärkische Bühnen Schwedt"" in 16303 Schwedt/Oder, Berliner Straße 46-48, Los 35 - Reinigungsarbeiten";Stadt Schwedt/Oder;Schwedt/Oder;;2026-07-24T08:00:00.000Z;90910000 90911000;63;https://ted.europa.eu/bg/notice/-/detail/436456-2026
436683-2026;;Deutschland – Reinigungs- und Hygienedienste – Reinigungsleistungen 12. Grundschule;Landeshauptstadt Dresden, GB Bildung, Jugend und Sport, Amt für Schulen;Dresden;;2026-08-06T13:00:00.000Z;90919300;63;https://ted.europa.eu/bg/notice/-/detail/436683-2026
436814-2026;;Deutschland – Reinigungsdienste – Unterhaltsreinigung Gaisburg;Stuttgarter Straßenbahnen AG;Stuttgart;;2026-07-06T09:00:00.000Z;90910000;63;https://ted.europa.eu/bg/notice/-/detail/436814-2026
436976-2026;;Deutschland – Gebäudereinigung – Vergabe Unterhaltsreinigung;Staatstheater am Gärtnerplatz;München;;2026-07-01T10:00:00.000Z;90911200;63;https://ted.europa.eu/bg/notice/-/detail/436976-2026
437826-2026;;Deutschland – Reinigung von Schulen – Unterhalts- & Grundreinigung (Los I) und Glasreinigung (Los II) am LBZ Carpe Diem Halle (Saale);Landesschulamt Sachsen-Anhalt;Halle;;2026-07-03T12:00:00.000Z;90910000 90919300;63;https://ted.europa.eu/bg/notice/-/detail/437826-2026
438112-2026;;Deutschland – Wohnungs-, Gebäude- und Fensterreinigung – Interim Gebäudereinigung in schulischen Einrichtungen der Stadt Leipzig;Stadt Leipzig;Leipzig;;2026-07-10T06:15:00.000Z;90911000;63;https://ted.europa.eu/bg/notice/-/detail/438112-2026
439879-2026;;Deutschland – Fensterreinigung – Reinigungsdienstleistung (Glasreinigung CV III);Universität Stuttgart;Stuttgart;;2026-07-06T08:00:00.000Z;90911300;63;https://ted.europa.eu/bg/notice/-/detail/439879-2026
440584-2026;;Deutschland – Fensterreinigung – Reinigungsdienstleistung (Glasreinigung CS I);Universität Stuttgart;Stuttgart;;2026-07-06T08:00:00.000Z;90911300;63;https://ted.europa.eu/bg/notice/-/detail/440584-2026
440852-2026;;Deutschland – Fensterreinigung – Reinigungsdienstleistung (Glasreinigung CV II);Universität Stuttgart;Stuttgart;;2026-07-06T07:44:00.000Z;90911300;63;https://ted.europa.eu/bg/notice/-/detail/440852-2026
441442-2026;;Deutschland – Fensterreinigung – Reinigungsdienstleistung (Glasreinigung CV I);Universität Stuttgart;Stuttgart;;2026-07-06T08:00:00.000Z;90911300;63;https://ted.europa.eu/bg/notice/-/detail/441442-2026
441903-2026;;Deutschland – Gebäudereinigung – Vergabe Unterhalts- und Glasreinigung der Universität Augsburg;Universität Augsburg;Augsburg;;2026-07-16T08:00:00.000Z;90911200 90919200 90911300;63;https://ted.europa.eu/bg/notice/-/detail/441903-2026
442932-2026;;Deutschland – Reinigung von Schulen – Unterhalts- & Grundreinigung (Los I) und Glasreinigung (Los II) am LBZ Carpe Diem Halle (Saale);Landesschulamt Sachsen-Anhalt;Halle;;2026-07-08T12:00:00.000Z;90910000 90919300;63;https://ted.europa.eu/bg/notice/-/detail/442932-2026
443147-2026;;Deutschland – Reinigungsdienste – Reinigungsleistungen;Eigenbetrieb DEKITA;Dessau-Roßlau;;2026-07-15T08:00:00.000Z;90910000;63;https://ted.europa.eu/bg/notice/-/detail/443147-2026
445545-2026;;Deutschland – Gebäudereinigung – Ausschreibung der Gebäudereinigung für den Kreis Kleve;Kreisverwaltung Kleve;Kleve;;2026-07-06T06:00:00.000Z;90911200;63;https://ted.europa.eu/bg/notice/-/detail/445545-2026
450402-2026;;Deutschland – Gebäudereinigung – Rahmenvertrag Reinigungsleistungen;Kulturstiftung Dessau-Wörlitz;Dessau-Roßlau;;2026-07-06T08:00:00.000Z;90911200 90911300;63;https://ted.europa.eu/bg/notice/-/detail/450402-2026
452864-2026;;Deutschland – Fensterreinigung – Reinigungsdienstleistung (Glasreinigung CV I);Universität Stuttgart;Stuttgart;;2026-07-06T08:00:00.000Z;90911300;63;https://ted.europa.eu/bg/notice/-/detail/452864-2026
453933-2026;;Deutschland – Fensterreinigung – Reinigungsdienstleistung (Glasreinigung CV III);Universität Stuttgart;Stuttgart;;2026-07-06T08:00:00.000Z;90911300;63;https://ted.europa.eu/bg/notice/-/detail/453933-2026
454832-2026;;Deutschland – Fensterreinigung – Reinigungsdienstleistung (Glasreinigung CS I);Universität Stuttgart;Stuttgart;;2026-07-06T08:00:00.000Z;90911300;63;https://ted.europa.eu/bg/notice/-/detail/454832-2026
456502-2026;;Deutschland – Fensterreinigung – Reinigungsdienstleistung (Glasreinigung CV II);Universität Stuttgart;Stuttgart;;2026-07-06T07:44:00.000Z;90911300;63;https://ted.europa.eu/bg/notice/-/detail/456502-2026
462257-2026;;Deutschland – Reinigungs- und Hygienedienste – Reinigung 15. Grundschule;Landeshauptstadt Dresden, GB Bildung, Jugend und Sport, Amt für Schulen;Dresden;;2026-08-10T13:00:00.000Z;90919300;63;https://ted.europa.eu/bg/notice/-/detail/462257-2026
462418-2026;;Deutschland – Gebäudereinigung – Unterhalts- und Grundreinigung der Gebäuden der Stadt Lahr;Stadt Lahr;Lahr;;2026-07-16T08:30:00.000Z;90911200;63;https://ted.europa.eu/bg/notice/-/detail/462418-2026
462438-2026;;Deutschland – Reinigung von Schulen – Unterhalts- & Grundreinigung (Los I) und Glasreinigung (Los II) am LBZ Carpe Diem Halle (Saale);Landesschulamt Sachsen-Anhalt;Halle;;2026-07-13T12:00:00.000Z;90910000 90919300;63;https://ted.europa.eu/bg/notice/-/detail/462438-2026
463062-2026;;Deutschland – Gebäudereinigung – Unterhaltsreinigung eines Verwaltungsgebäudes der VBG Hauptverwaltung Hamburg-Barmbek;Verwaltungs-Berufsgenossenschaft (VBG) - Hauptverwaltung Hamburg;Hamburg;;2026-07-20T08:00:00.000Z;90911200;63;https://ted.europa.eu/bg/notice/-/detail/463062-2026
465781-2026;;Deutschland – Gebäudereinigung – Ausschreibung der Gebäudeunterhalts- und Glasreinigung;Karlsruher Institut für Technologie (KIT);Karlsruhe;;2026-07-17T07:59:00.000Z;90911200 90911300;63;https://ted.europa.eu/bg/notice/-/detail/465781-2026
474784-2026;;Deutschland – Gebäudereinigung – Unterhalts- und Grundreinigung der Gebäuden der Stadt Lahr;Stadt Lahr;Lahr;;2026-07-16T08:30:00.000Z;90911200;63;https://ted.europa.eu/bg/notice/-/detail/474784-2026
475724-2026;;Deutschland – Gebäudereinigung – Friedhöfe und Teilfriedhöfe Stadt IN;Stadt Ingolstadt;Ingolstadt;;2026-07-14T08:45:00.000Z;90911200 90911300;63;https://ted.europa.eu/bg/notice/-/detail/475724-2026
475768-2026;;Deutschland – Reinigungs- und Hygienedienste – Reinigungsleistungen 39. Grundschule;Landeshauptstadt Dresden, GB Bildung, Jugend und Sport, Amt für Schulen;Dresden;;2026-08-17T13:00:00.000Z;90919300;63;https://ted.europa.eu/bg/notice/-/detail/475768-2026
481800-2026;;Deutschland – Ofen- und Kaminreinigung – Rahmenvertrag über Reinigungs- und Strahlarbeiten am MHKW Würzburg;Zweckverband Abfallwirtschaft Raum Würzburg;Würzburg;;2026-08-12T08:00:00.000Z;90915000;63;https://ted.europa.eu/bg/notice/-/detail/481800-2026
483070-2026;;Deutschland – Reinigung und Sanierung des städtischen und ländlichen Raumes, und zugehörige Dienstleistungen – EU-weite Ausschreibung von Straßen- und Flächenreinigungsarbeiten in der Stadt Ochtrup;Stadt Ochtrup;Ochtrup;;2026-08-18T09:00:00.000Z;90914000;63;https://ted.europa.eu/bg/notice/-/detail/483070-2026
483870-2026;;Deutschland – Gebäudereinigung – Objektgruppe 2: Unterhaltsreinigung und Einpflege;Stadt Bocholt;Bocholt;;2026-07-23T07:00:00.000Z;90911200 90919000 90919200 90919300;63;https://ted.europa.eu/bg/notice/-/detail/483870-2026
487828-2026;;Deutschland – Gebäudereinigung – Vergabe Unterhalts- und Glasreinigung der Universität Augsburg;Universität Augsburg;Augsburg;;2026-07-21T08:00:00.000Z;90911200 90919200 90911300;63;https://ted.europa.eu/bg/notice/-/detail/487828-2026
488844-2026;;"Deutschland – Reinigung von Schulen – Berufsbildungszentrum Ahrensburg; Gebäudereinigung";Kreis Stormarn;Bad Oldesloe;;2026-08-14T07:00:00.000Z;90919300;63;https://ted.europa.eu/bg/notice/-/detail/488844-2026
496697-2026;;Deutschland – Gebäudereinigung – Vergabe Unterhaltsreinigung Markt Feucht;Markt Feucht;Feucht;;2026-07-23T10:00:00.000Z;90911200;63;https://ted.europa.eu/bg/notice/-/detail/496697-2026
496929-2026;;Deutschland – Baustelleneinrichtung – Baustelleneinrichtung, Wertstoffhof;Landeshauptstadt München, Baureferat;München;;2026-07-22T09:50:00.000Z;90911200;63;https://ted.europa.eu/bg/notice/-/detail/496929-2026
496932-2026;;Deutschland – Reinigung von Schulen – Unterhaltsreinigung der Gesamtschule Höhscheid, Kanalstraße 20 und Zweigstraße 15-17, 42657 Solingen;Stadt Solingen;Solingen;;2026-08-17T08:00:00.000Z;90919300;63;https://ted.europa.eu/bg/notice/-/detail/496932-2026
498607-2026;;Deutschland – Reinigungs- und Hygienedienste – Busse und Parkhäuser;Stadtwerke Konstanz GmbH;Konstanz;;2026-08-19T08:00:00.000Z;90917000;63;https://ted.europa.eu/bg/notice/-/detail/498607-2026
501371-2026;;Deutschland – Reinigung von Schulen – Unterhalts- und Glasreinigung von Schulstandorten;Katholische Jugendfürsorge der Diözese Augsburg e.V.;Augsburg;;2026-08-25T07:00:00.000Z;90919300;63;https://ted.europa.eu/bg/notice/-/detail/501371-2026
510528-2026;;Deutschland – Reinigungs- und Hygienedienste – Reinigungsleistungen Gemeinschaftsschule Campus Cordis;Landeshauptstadt Dresden, GB Bildung, Jugend und Sport, Amt für Schulen;Dresden;;2026-08-26T13:00:00.000Z;90919300;63;https://ted.europa.eu/bg/notice/-/detail/510528-2026
512302-2026;;Deutschland – Reinigung von Schulen – Unterhaltsreinigung der Gesamtschule Höhscheid, Kanalstraße 20 und Zweigstraße 15-17, 42657 Solingen;Stadt Solingen;Solingen;;2026-08-17T08:00:00.000Z;90919300;63;https://ted.europa.eu/bg/notice/-/detail/512302-2026
432894-2026;;Deutschland – Wohnungs-, Gebäude- und Fensterreinigung – Unterhaltsreinigung in diversen Objekten der Gemeinde Stuhr;Gemeinde Stuhr;Stuhr;0;;90911000;60;https://ted.europa.eu/bg/notice/-/detail/432894-2026
433766-2026;;Deutschland – Gebäudereinigung – Ausschreibung Gebäudereinigung - Gemeinde Bibertal;Gemeinde Bibertal;Bibertal;0;;90911200 90911300;60;https://ted.europa.eu/bg/notice/-/detail/433766-2026
433977-2026;;Deutschland – Gebäudereinigung – Abschluss eines Rahmenvertrages für die Gebäudereinigung Fallschirmjäger-Kaserne Seedorf,6002981076-BwDLZ Rotenburg Wümme;Bundeswehr-Dienstleistungszentrum Rotenburg;Rotenburg/Wümme;-1;;90911200;60;https://ted.europa.eu/bg/notice/-/detail/433977-2026
434620-2026;;Deutschland – Reinigungsdienste – Vergabe von Reinigungsdienstleistungen Gymnasium Sarstedt;Landkreis Hildesheim;Hildesheim;1;;90910000;60;https://ted.europa.eu/bg/notice/-/detail/434620-2026
435744-2026;;Deutschland – Abwasser- und Abfallbeseitigungs-, Reinigungs- und Umweltschutzdienste – Interimsvergabe Unterhalts- und Grundreinigung - Wilhelm-Emanuel-von-Kettler Berufskolleg;Stadt Münster - Zentrale Rechtsdienstleistungen und Vergabemanagement;Münster;0;;90910000 90911000 90911200 90919000 90919300;60;https://ted.europa.eu/bg/notice/-/detail/435744-2026
436653-2026;;Deutschland – Gebäudereinigung – Abschluss eines Rahmenvertrages für die Gebäudereinigung Von-Düring-Kaserne,6002981107-BwDLZ Rotenburg Wümme;Bundeswehr-Dienstleistungszentrum Rotenburg;Rotenburg/Wümme;-1;;90911200;60;https://ted.europa.eu/bg/notice/-/detail/436653-2026
437475-2026;;Deutschland – Gebäudereinigung – Abschluss eines Rahmenvertrages für die Gebäudereinigung Elbe-Weser-Kaserne u. Karriereberatungsbüro Stade,6002981024-BwDLZ Rotenburg Wümme;Bundeswehr-Dienstleistungszentrum Rotenburg;Rotenburg/Wümme;-1;;90911200;60;https://ted.europa.eu/bg/notice/-/detail/437475-2026
437517-2026;;Deutschland – Abwasser- und Abfallbeseitigungs-, Reinigungs- und Umweltschutzdienste – Interimsvergabe der Unterhalts- u. Grundreinigung in der Hauptschule und Johannes-Gutenberg-Realschule im Schulzentrum Hiltrup;Stadt Münster - Zentrale Rechtsdienstleistungen und Vergabemanagement;Münster;0;;90910000 90911000 90911200 90919000 90919300;60;https://ted.europa.eu/bg/notice/-/detail/437517-2026
438641-2026;;Deutschland – Gebäudereinigung – Abschluss eines Rahmenvertrages für die Gebäudereinigung Lucius D. Clay-Kaserne Garlstedt 6002981093-BwDLZ Rotenburg Wümme;Bundeswehr-Dienstleistungszentrum Rotenburg;Rotenburg/Wümme;-1;;90911200;60;https://ted.europa.eu/bg/notice/-/detail/438641-2026
441306-2026;;Deutschland – Fensterreinigung – Los 8 - Glasreinigung für die Bezirksverwaltung München der BG Verkehr;Berufsgenossenschaft Verkehrswirtschaft Post-Logistik Telekommunikation;Hamburg;17725;;90911300;60;https://ted.europa.eu/bg/notice/-/detail/441306-2026
441940-2026;;Deutschland – Fensterreinigung – Glasreinigung in den Schul- und Sportobjekten des Bezirksamtes Lichtenberg von Berlin in 6 Losen;Land Berlin vertreten durch Bezirksamt Lichtenberg von Berlin;Berlin;0.01;;90911300;60;https://ted.europa.eu/bg/notice/-/detail/441940-2026
443877-2026;;Deutschland – Gebäudereinigung – Endreinigung;Staatliches Bau- und Liegenschaftsamt Neubrandenburg;Neubrandenburg;92355.93;;90911200;60;https://ted.europa.eu/bg/notice/-/detail/443877-2026
444675-2026;;Deutschland – Gebäudereinigung – Unterhalts- sowie Glas- und Rahmenreinigung für die BASt Waldmünchen;Freistaat Bayern vertreten durch das Bayerische Landesamt für Steuern - Zentrale Vergabestelle -;München;0;;90911200 90911300;60;https://ted.europa.eu/bg/notice/-/detail/444675-2026
446188-2026;;Deutschland – Wohnungs-, Gebäude- und Fensterreinigung – Reinigung;Max-Planck-Institut für Plasmaphysik TI Greifswald;Greifswald;28065.29;;90911000 90911100 90911200 90911300 90919200;60;https://ted.europa.eu/bg/notice/-/detail/446188-2026
446621-2026;;Deutschland – Gebäudereinigung – Unterhalts- und Glasreinigung der Essener Dienstgebäude;Regionalverband Ruhr;Essen;1;;90911200;60;https://ted.europa.eu/bg/notice/-/detail/446621-2026
447189-2026;;Deutschland – Gebäudereinigung – Gebäude- und Glasreinigung;AOK Bayern - Die Gesundheitskasse;München;0.01;;90911200 90911300;60;https://ted.europa.eu/bg/notice/-/detail/447189-2026
447233-2026;;Deutschland – Bauarbeiten – Baureinigung;Technische Universität Darmstadt;Darmstadt;38777.2;;90911200 90911300;60;https://ted.europa.eu/bg/notice/-/detail/447233-2026
448077-2026;;Deutschland – Gebäudereinigung – Unterhalts- und Glasreinigung für die Justizgebäude in Neu Ulm;Freistaat Bayern, vertreten durch den Direktor des Amtsgerichts Neu Ulm;Neu Ulm;0;;90911200 90911300;60;https://ted.europa.eu/bg/notice/-/detail/448077-2026
448463-2026;;Deutschland – Gebäudereinigung – Offenes Verfahren (EU-weit) zur Vergabe von Gebäudereinigungsleistungen (Unterhalts- und Glasreinigungsleistungen) für mehrere Liegenschaften in Neubrandenburg, VOEK 356-25;Bundesanstalt für Immobilienaufgaben;Bonn;0;;90911200 90911300;60;https://ted.europa.eu/bg/notice/-/detail/448463-2026
449042-2026;;Deutschland – Gebäudereinigung – Unterhalts- sowie Glas- und Rahmenreinigung für die HföD in Bayern, FB Rechtspflege in Starnberg;Freistaat Bayern vertreten durch das Bayerische Landesamt für Steuern - Zentrale Vergabestelle -;München;0;;90911200 90911300;60;https://ted.europa.eu/bg/notice/-/detail/449042-2026
451081-2026;;Deutschland – Gebäudereinigung – Unterhaltsreinigung der Universität Hamburg – Haus der Erde (HdE);Universität Hamburg;Hamburg;770;;90911200;60;https://ted.europa.eu/bg/notice/-/detail/451081-2026
454420-2026;;Deutschland – Gebäudereinigung – Verwaltungsgebäude III (Rathaus III), Untere Marktstraße 14, Neumarkt i.d.OPf. -Reinigungsleistungen;Stadt Neumarkt i.d.OPf.;Neumarkt i.d.OPf.;0;;90911200;60;https://ted.europa.eu/bg/notice/-/detail/454420-2026
456516-2026;;Deutschland – Gebäudereinigung – Unterhaltsreinigung für das FA Berchtesgaden mit der ASt Laufen;Freistaat Bayern vertreten durch das Bayerische Landesamt für Steuern - Zentrale Vergabestelle -;München;0;;90911200;60;https://ted.europa.eu/bg/notice/-/detail/456516-2026
458801-2026;;Deutschland – Gebäudereinigung – Ausschreibung Gebäudereinigung - civillent GmbH (Standorte: Heilbronn & Heidelberg);civillent GmbH;Reutlingen;0;;90911200 90911300;60;https://ted.europa.eu/bg/notice/-/detail/458801-2026
465580-2026;;Deutschland – Reinigung von Schulen – Gymnasium Schneeberg, Los 2, Unterhalts-u. Grundreinigung Gymnasium + Sporthalle;Landratsamt Erzgebirgskreis Abteilung 2, Referat 23000 Liegenschaften und Zentrale Dienste SG Zentraler Service - ZENTRALE VERGABESTELLE;Annaberg-Buchholz;412627;;90919300;60;https://ted.europa.eu/bg/notice/-/detail/465580-2026
467991-2026;;Deutschland – Gebäudereinigung – Baureinigung I Bildungshaus Winkelwiese;Universitätsstadt Tübingen - Zentrale Vergabestelle;Tübingen;16514.4;;90911200 90910000;60;https://ted.europa.eu/bg/notice/-/detail/467991-2026
468708-2026;;Deutschland – Gebäudereinigung – Seniorenzentrum Grullbad gGmbH - Unterhaltsreinigung in der vollstationären Pflege und in der Unterkunft für Geflüchtete;Seniorenzentrum Grullbad gGmbH;Recklinghausen;1;;90911200;60;https://ted.europa.eu/bg/notice/-/detail/468708-2026
470244-2026;;Deutschland – Gebäudereinigung – Unterhaltsreinigung inkl. Nebenleistungen, Ferien- sowie Grundreinigung in diversen Lichtenberger Schul- und Sportgebäuden in 4 Losen im Gebiet Lichtenberg;Land Berlin vertreten durch Bezirksamt Lichtenberg von Berlin;Berlin;0.01;;90911200 90919300;60;https://ted.europa.eu/bg/notice/-/detail/470244-2026
471701-2026;;Deutschland – Reinigungsdienste – Betreuung/Reinigung öffentlicher WC-Anlagen;Stadt Nürnberg - Zentrale Dienste;Nürnberg;0;;90910000;60;https://ted.europa.eu/bg/notice/-/detail/471701-2026
474153-2026;;Deutschland – Reinigungsdienste – Wiesbaden Congress & Marketing GmbH, Vergabe Reinigungsleistung;Wiesbaden Congress & Marketing GmbH;Wiesbaden;15925.8;;90910000 90911200;60;https://ted.europa.eu/bg/notice/-/detail/474153-2026
474271-2026;;Deutschland – Reinigung von Schulen – Reinigung GS Langewiesen;Landratsamt Ilm-Kreis;Arnstadt;59245.2;;90911200 90911300 90919300;60;https://ted.europa.eu/bg/notice/-/detail/474271-2026
476048-2026;;Deutschland – Reinigung von Schulen – Reinigung GS Geschwister Scholl;Landratsamt Ilm-Kreis;Arnstadt;60910.31;;90911300 90911000 90911200 90919300;60;https://ted.europa.eu/bg/notice/-/detail/476048-2026
479241-2026;;Deutschland – Gebäudereinigung – Unterhaltsreinigung inkl. Nebenleistungen, Ferien- sowie Grundreinigung in diversen Lichtenberger Schul- und Sportgebäuden in 4 Losen im Gebiet Lichtenberg;Land Berlin vertreten durch Bezirksamt Lichtenberg von Berlin;Berlin;0.01;;90911200 90919300;60;https://ted.europa.eu/bg/notice/-/detail/479241-2026
485813-2026;;Deutschland – Dienstleistungen im Zusammenhang mit Siedlungs- und anderen Abfällen – Rahmenvertrag zur Containergestellung, Transport und Entsorgung von Abfällen Asbest, KMF;Landkreis Freising;Freising;785500;;90918000;60;https://ted.europa.eu/bg/notice/-/detail/485813-2026
486204-2026;;Deutschland – Gebäudereinigung – Bauendreinigung für die Erweiterung der Grundschule Niedervellmar mit Neubau Sporthalle;Landkreis Kassel - Der Kreisausschuss -;Kassel;0.01;;90911200 90910000 90911300;60;https://ted.europa.eu/bg/notice/-/detail/486204-2026
488398-2026;;Deutschland – Reinigungsdienste – Reinigungsdienstleistungen in ANKER-Dependancen im Regierungsbezirk Schwaben;Regierung von Schwaben;Augsburg;0;;90910000;60;https://ted.europa.eu/bg/notice/-/detail/488398-2026
490452-2026;;Deutschland – Reinigungsdienste – Unterhalts-, Grund- und Glasreinigungsarbeiten in verschiedenen öffentlichen Gebäuden verteilt auf zwei Gemeinden mit verschiedenen Ortsteilen;Gemeinde Kochel am See;Kochel am See;0.01;;90910000 90911200 90911300 90919300;60;https://ted.europa.eu/bg/notice/-/detail/490452-2026
491393-2026;;Deutschland – Gebäudereinigung – Ausschreibung Gebäudereinigung - Stadt Lorch;Stadt Lorch;Lorch;0;;90911200;60;https://ted.europa.eu/bg/notice/-/detail/491393-2026
495990-2026;;Deutschland – Reinigungsdienste – Unterhaltsreinigung;Landkreis Marburg-Biedenkopf;Marburg;6753.9;;90910000 90911000;60;https://ted.europa.eu/bg/notice/-/detail/495990-2026
499699-2026;;Deutschland – Gebäudereinigung – Ausschreibung Gebäudereinigung - Markt Zusmarshausen;Markt Zusmarshausen;Zusmarshausen;0;;90911200 90911300;60;https://ted.europa.eu/bg/notice/-/detail/499699-2026
502514-2026;;Deutschland – Wohnungs-, Gebäude- und Fensterreinigung – Unterhalts-, Grund- und Glasreinigung in verschiedenen Objekten der Gemeinde Käbschütztal;Gemeinde Käbschütztal;Käbschütztal;0.01;;90911000 90911200 90911300;60;https://ted.europa.eu/bg/notice/-/detail/502514-2026
503449-2026;;Deutschland – Gebäudereinigung – Laufende Innen-Grund- und Glasreinigung sowie Kehrreinigung im Schulgebäude, Kindertagesstätte und Kinder- und Jugendhaus, Am Röthenbacher Landgraben 61, 63 und 65, 90451 Nürnberg;Stadt Nürnberg - Zentrale Dienste;Nürnberg;0;;90911200;60;https://ted.europa.eu/bg/notice/-/detail/503449-2026
504655-2026;;"Deutschland – Reinigungsdienste – Los 1 - Unterhaltsreinigung, Los 2 - Grundreinigung; Neubau Feuerwehrtechnisches Zentrum + BRK-Behörde";Landratsamt Erzgebirgskreis Abteilung 2, Referat 23000 Liegenschaften und Zentrale Dienste SG Zentraler Service - ZENTRALE VERGABESTELLE;Annaberg-Buchholz;22924.93;;90910000;60;https://ted.europa.eu/bg/notice/-/detail/504655-2026
505084-2026;;Deutschland – Gebäudereinigung – Gebäudereinigung auf der BSR-Liegenschaft Mühlenstraße.;Berliner Stadtreinigungsbetriebe AöR;Berlin;0;;90911200;60;https://ted.europa.eu/bg/notice/-/detail/505084-2026
506337-2026;;Deutschland – Behandlung und Beseitigung ungefährlicher Siedlungs- und anderer Abfälle – Abfallentsorgung Grünanlagen 2026 - 2027 mit 1 jähriger Verlängerungsoption;Stadt Ratingen, Der Bürgermeister, Rechtsamt, Zentrale Vergabestelle;Ratingen;888040;;90918000;60;https://ted.europa.eu/bg/notice/-/detail/506337-2026
506572-2026;;Deutschland – Gebäudereinigung – Offenes Verfahren (EU-weit) zur Vergabe von Gebäudereinigungsleistungen (Unterhalts- und Glasreinigungsleistungen) für eine Dienstliegenschaft in 14532 Stahnsdorf, Bundesanstalt für Immobilienaufgaben, Direktion Potsdam, VOEK 379-25;Bundesanstalt für Immobilienaufgaben;Bonn;0;;90911200 90911300;60;https://ted.europa.eu/bg/notice/-/detail/506572-2026
506795-2026;;Deutschland – Gebäudereinigung – Unterhalts- und Grundreinigungsarbeiten, Reinhold-Schneider-Schule;Stadt Freiburg i. Br. - Vergabemanagement;Freiburg im Breisgau;0;;90911200;60;https://ted.europa.eu/bg/notice/-/detail/506795-2026
508048-2026;;Deutschland – Gebäudereinigung – Ausschreibung Gebäudereinigung - Gemeinde Karlskron;Gemeinde Karlskron;Karlskron;0;;90911200;60;https://ted.europa.eu/bg/notice/-/detail/508048-2026
509739-2026;;Deutschland – Reinigungsdienste – Glas- und Unterhaltsreinigung Standort Buchenhofen;Wupperverband;Wuppertal;98269.07;;90910000;60;https://ted.europa.eu/bg/notice/-/detail/509739-2026
511460-2026;;Deutschland – Sonstige Baufertigstellungsarbeiten – Umgestaltung OSZ Elsterwerda zum Bildungszentrum Elbe-Elster, 2. BA, Los 13 - Baureinigungsarbeiten;Landkreis Elbe-Elster;Herzberg/Elster;14193.43;;90911200;60;https://ted.europa.eu/bg/notice/-/detail/511460-2026
513360-2026;;Deutschland – Reinigung von Schulen – Unterhalts- und Grundreinigung am LBZ Tangerhütte;Landesschulamt Sachsen-Anhalt;Halle;569979.39;;90919300;60;https://ted.europa.eu/bg/notice/-/detail/513360-2026
449294-2026;;Deutschland – Hausmeisterdienste – 5080_5081_26_IGM_01_Diskontopassage_Saarbrücken;Bayerische Versorgungskammer;München;1;2026-07-23T10:00:00.000Z;90911000;55;https://ted.europa.eu/bg/notice/-/detail/449294-2026
482729-2026;;Deutschland – Reinigung von Schulen – Main-Kinzig-Kreis - Losweise Vergabe von Reinigungsdienstleistungen in Schulen im Main-Kinzig-Kreis;Main-Kinzig-Kreis, vertreten durch den Kreisausschuss;Gelnhausen;1;2026-07-15T07:00:00.000Z;90910000 90911200 90919300;55;https://ted.europa.eu/bg/notice/-/detail/482729-2026
432499-2026;;Deutschland – Reinigung von Transportmitteln – Fahrzeugreinigung U-Bahn in 2 Losen;Berliner Verkehrsbetriebe, Bereich Einkauf/ Materialwirtschaft;Berlin;;;90917000;48;https://ted.europa.eu/bg/notice/-/detail/432499-2026
433156-2026;;Deutschland – Reinigungs- und Hygienedienste – Reinigungsleistungen 101. Oberschule -Johannes Gutenberg-;Landeshauptstadt Dresden, GB Bildung, Jugend und Sport, Amt für Schulen;Dresden;;2026-08-04T13:00:00.000Z;90919300;48;https://ted.europa.eu/bg/notice/-/detail/433156-2026
433859-2026;;Deutschland – Reinigungs- und Hygienedienste – Reinigungsleistungen Martin-Andersen-Nexö-Gymnasium (MAN);Landeshauptstadt Dresden, GB Bildung, Jugend und Sport, Amt für Schulen;Dresden;;2026-08-03T13:00:00.000Z;90919300;48;https://ted.europa.eu/bg/notice/-/detail/433859-2026
467085-2026;;Deutschland – Reinigungs- und Hygienedienste – Reinigung Julius-Ambrosius-Hülße-Gymnasium;Landeshauptstadt Dresden, GB Bildung, Jugend und Sport, Amt für Schulen;Dresden;;;90919300;48;https://ted.europa.eu/bg/notice/-/detail/467085-2026
486887-2026;;Deutschland – Reinigungs- und Hygienedienste – Reinigungsleistungen Grundschule Naußlitz;Landeshauptstadt Dresden, GB Bildung, Jugend und Sport, Amt für Schulen;Dresden;;;90919300;48;https://ted.europa.eu/bg/notice/-/detail/486887-2026
491164-2026;;"Deutschland – Reinigung von Schulen – 4 Schulen an 5 Standorten im Bereich des Lahn-Dill-Kreises; Unterhalts- und Grundreinigung";Kreisausschuss des Lahn-Dill-Kreises, 12.4 Zentrale Vergabe- und Submissionsstelle;Wetzlar;;;90919300;48;https://ted.europa.eu/bg/notice/-/detail/491164-2026
492358-2026;;Deutschland – Beseitigung und Behandlung von Siedlungsabfällen – 8/2010/S0623 - RV Entsorgung Abfälle zur Verwertung;Bundeswehr-Dienstleistungszentrum Wunstorf;Wunstorf;;;90918000;48;https://ted.europa.eu/bg/notice/-/detail/492358-2026
439110-2026;;Deutschland – Entleerung von Abfallbehältern – Erbringung von abfallwirtschaftlichen Dienstleistungen;Stadt Ennepetal;Ennepetal;;2026-07-13T10:00:00.000Z;90918000;43;https://ted.europa.eu/bg/notice/-/detail/439110-2026
436219-2026;;Deutschland – Entleerung von Abfallbehältern – Rahmenvereinbarung über die Anmietung von Pressmüllfahrzeugen in Sonderausführung;Landeshauptstadt München, Direktorium, Vergabestelle 1, SG 3;München;-1;;90918000;40;https://ted.europa.eu/bg/notice/-/detail/436219-2026
468616-2026;;Deutschland – Reinigung von Schulen – Unterhaltsreinigung der Grundschule Appelhoff, Appelhoff 2, 22309 Hamburg;BVC Behörde für Finanzen und Bezirke;Hamburg;0;;90919300;40;https://ted.europa.eu/bg/notice/-/detail/468616-2026
470375-2026;;Deutschland – Reinigung von Schulen – Unterhaltsreinigung der Stadtteilschule Öjendorf;BVC Behörde für Finanzen und Bezirke;Hamburg;0;;90919300;40;https://ted.europa.eu/bg/notice/-/detail/470375-2026
480569-2026;;Deutschland – Reinigung von Schulen – Walter-Höllerer-Realschule Sulzbach-Rosenberg - Reinigung;Landkreis Amberg-Sulzbach;Amberg;0;;90919300;40;https://ted.europa.eu/bg/notice/-/detail/480569-2026
488945-2026;;Deutschland – Reinigung von Schulen – Unterhaltsreinigung der Grundschule Islandstraße, Islandstraße 25, 22145 Hamburg;BVC Behörde für Finanzen und Bezirke;Hamburg;0;;90919300;40;https://ted.europa.eu/bg/notice/-/detail/488945-2026
490080-2026;;Deutschland – Reinigung von Schulen – Unterhaltsreinigung der Schule Max-Eichholz-Ring, Max-Eichholz-Ring 25, 21031 Hamburg;BVC Behörde für Finanzen und Bezirke;Hamburg;0;;90919300;40;https://ted.europa.eu/bg/notice/-/detail/490080-2026
492451-2026;;Deutschland – Reinigung von Transportmitteln – Innen- und Außenreinigung und das betriebsbereite Abstellen (Rangier-/Tankdienst) von Fahrzeugen der REVG mbH;REVG Rhein-Erft-Verkehrsgesellschaft mbH;Kerpen;0;;90917000;40;https://ted.europa.eu/bg/notice/-/detail/492451-2026
