id;veroeffentlicht;titel;auftraggeber;ort;wert_eur;frist;cpv;score;url
517693-2026;2026-07-26T22:00:00.000Z;Deutschland – Einbau von Türen und Fenstern sowie Zubehör – Türen-, Fenster-, Metallbau- und Verglasungsarbeiten;Gemeinde Fronhausen;Fronhausen;116950;2026-09-01T10:00:00.000Z;45421100;95;https://ted.europa.eu/bg/notice/-/detail/517693-2026
518795-2026;2026-07-26T22:00:00.000Z;Deutschland – Einbau von Türen und Fenstern sowie Zubehör – Türen-, Fenster- und Verglasungsarbeiten Holz-Alu;Gemeinde Fronhausen;Fronhausen;195630;2026-09-01T09:15:00.000Z;45421100;95;https://ted.europa.eu/bg/notice/-/detail/518795-2026
515649-2026;2026-07-26T22:00:00.000Z;Deutschland – Bauarbeiten für Stahlkonstruktionen – Zoo Krefeld Orang-Utan Anlage (BA.2) | Stahlbauarbeiten / Netzkonstruktion;Zoo Krefeld gGmbH;Krefeld;;2026-09-03T10:00:00.000Z;45223210;83;https://ted.europa.eu/bg/notice/-/detail/515649-2026
515901-2026;2026-07-26T22:00:00.000Z;Deutschland – Einbau von Türen und Fenstern sowie Zubehör – Fenster und Aussentüren, Sonnenschutz;Gemeinde Reiskirchen;Reiskirchen;;2026-08-24T10:00:00.000Z;45421100 45421110 45421130 45421000;83;https://ted.europa.eu/bg/notice/-/detail/515901-2026
516027-2026;2026-07-26T22:00:00.000Z;Deutschland – Einbau von Türen und Fenstern sowie Zubehör – Holztüren (VE033), CVK, DHZC;Charité - Universitätsmedizin Berlin;Berlin;;2026-08-12T08:00:00.000Z;45421100;83;https://ted.europa.eu/bg/notice/-/detail/516027-2026
516169-2026;2026-07-26T22:00:00.000Z;Deutschland – Einbau von Türen und Fenstern sowie Zubehör – Rohrrahmentüren (VE035), CVK, DHZC;Charité - Universitätsmedizin Berlin;Berlin;;2026-08-12T08:00:00.000Z;45421100;83;https://ted.europa.eu/bg/notice/-/detail/516169-2026
516426-2026;2026-07-26T22:00:00.000Z;Deutschland – Bau von Grundschulen – Grundschule Wittenburg 2. BA - Mensa und Bestandsgebäude 10 Lose;Stadt Wittenburg;Wittenburg;;2026-09-03T11:00:00.000Z;45421100 45421160 45421131 45421132 45421143 45421141 45421146 45343000;83;https://ted.europa.eu/bg/notice/-/detail/516426-2026
517575-2026;2026-07-26T22:00:00.000Z;Deutschland – Einbau von Türen und Fenstern sowie Zubehör – Zeppelinstr. 16-40 in Aachen - Modernisierung der WohnanlageSchreinerarbeiten;Stadt Aachen - Zentrale Vergabestelle FB60/300;Aachen;;2026-08-25T08:09:00.000Z;45421100;83;https://ted.europa.eu/bg/notice/-/detail/517575-2026
517645-2026;2026-07-26T22:00:00.000Z;Deutschland – Metallbauarbeiten – Metallbauarbeiten Geb 17;Staatliches Bauamt Schweinfurt;Schweinfurt;;2026-08-12T07:06:00.000Z;45421100;83;https://ted.europa.eu/bg/notice/-/detail/517645-2026
518048-2026;2026-07-26T22:00:00.000Z;Deutschland – Einbau von Türen und Fenstern sowie Zubehör – KGHS - Systemtrennwände und Türen;Landratsamt Reutlingen, 13/2 Facility Management;Reutlingen;;2026-08-25T08:30:00.000Z;45421100 45421141;83;https://ted.europa.eu/bg/notice/-/detail/518048-2026
518131-2026;2026-07-26T22:00:00.000Z;Deutschland – Einbau von Türen und Fenstern sowie Zubehör – Metalltüren (VE034), CVK, DHZC;Charité - Universitätsmedizin Berlin;Berlin;;2026-08-12T08:00:00.000Z;45421100;83;https://ted.europa.eu/bg/notice/-/detail/518131-2026
518202-2026;2026-07-26T22:00:00.000Z;Deutschland – Metallbauarbeiten – Metallbauarbeiten Geb 18;Staatliches Bauamt Schweinfurt;Schweinfurt;;2026-08-12T07:09:00.000Z;45421100;83;https://ted.europa.eu/bg/notice/-/detail/518202-2026
519181-2026;2026-07-26T22:00:00.000Z;"Deutschland – Einbau von Türen und Fenstern sowie Zubehör – Freiherr-vom-Stein-Gymnasium, Ringstraße 69, 32257 Bünde; Erweiterung, Metallbau- und Verglasungsarbeiten";Kommunalbetriebe Bünde - Anstalt des öffentlichen Rechts (AöR) -;Bünde;;2026-08-11T09:20:00.000Z;45421100 44221200 45421140;83;https://ted.europa.eu/bg/notice/-/detail/519181-2026
517329-2026;2026-07-26T22:00:00.000Z;Deutschland – Einbau von Türen und Fenstern sowie Zubehör – Campus Handwerk - Metall-Glas-Elemente;Handwerkskammer Halle (Saale);Halle (Saale);1272954.72;;45421100 45421130 45421131 45421132;80;https://ted.europa.eu/bg/notice/-/detail/517329-2026
518228-2026;2026-07-26T22:00:00.000Z;Deutschland – Bauliche Anlagen – Max-Planck-Forschungsstelle für die Wissenschaft der Pathogene, Neubau und Umbau: Stahlbau;Max-Planck-Gesellschaft Abt.III;München;314762.75;;45223210;80;https://ted.europa.eu/bg/notice/-/detail/518228-2026
516916-2026;2026-07-26T22:00:00.000Z;Deutschland – Bau von Gefängnissen – JVA WÜ, Neubau Anstaltsküche;Staatliches Bauamt Würzburg;Würzburg;;;45421100 45421141 45421146 45421000 45421150 45421140;68;https://ted.europa.eu/bg/notice/-/detail/516916-2026
518130-2026;2026-07-26T22:00:00.000Z;Deutschland – Einbau von Türen – Neubau Kurparkrandbebauung - Schreinerarbeiten: Innentüren;Ahrtal Marketing GmbH als Sanierungsträger für die Stadt Bad Neuenahr-Ahrweiler;Bad Neuenahr-Ahrweiler;;2026-08-03T08:00:00.000Z;45421100 45421131 44221200;68;https://ted.europa.eu/bg/notice/-/detail/518130-2026
518254-2026;2026-07-26T22:00:00.000Z;Deutschland – Metallbauarbeiten – SEP GS Schützenstraße - Sanierung und Erweiterung - Metallbau- und Beschlagarbeiten / Innentüren (Alu-Rahmen u. -Zargen);Stadt Solingen;Solingen;;2026-08-06T08:00:00.000Z;45421160 45421120 45421131;68;https://ted.europa.eu/bg/notice/-/detail/518254-2026
518506-2026;2026-07-26T22:00:00.000Z;Deutschland – Bauarbeiten – Aus-/Einglasen Glasaustausch, Türen, Fenster + Metallbauarbeiten - - Digitale Pathologie, Modulbau;Universitätsklinikum Aachen AöR;Aachen;;;45421100;68;https://ted.europa.eu/bg/notice/-/detail/518506-2026
519016-2026;2026-07-26T22:00:00.000Z;Deutschland – Abdichtungs- und Dämmarbeiten – GTL-LV 21: Prall- und Akustikwände Schulsporthalle;Gemeinde Limbach;Limbach;;;44221000 45421141;68;https://ted.europa.eu/bg/notice/-/detail/519016-2026
516800-2026;2026-07-26T22:00:00.000Z;Deutschland – Gipskartonarbeiten – Neubau Kindertagesstätte mit Mensa Malschenberg - Trockenbauarbeiten;Stadtverwaltung Rauenberg;Rauenberg;;2026-08-24T08:00:00.000Z;45421141 45421146;63;https://ted.europa.eu/bg/notice/-/detail/516800-2026
517332-2026;2026-07-26T22:00:00.000Z;Deutschland – Einbau von Trennwänden – Tischlerarbeiten (Mobile Trennwände) - Neubau CPC, Geb. 9997, Hermann-Blenk-Straße, 38108 Braunschweig;Technische Universität Braunschweig, Geschäftsbereich 3 - Gebäudemanagement;Braunschweig;;2026-09-01T09:00:00.000Z;45421141 45421152;63;https://ted.europa.eu/bg/notice/-/detail/517332-2026
517530-2026;2026-07-26T22:00:00.000Z;Deutschland – Einbau von abgehängten Decken – BAU - VOB - LV35 Schreinerarbeiten Lamellendecke - Schule HUM;BBS Bau- und Betriebsservice GmbH;Mannheim;;2026-08-26T08:00:00.000Z;45421146 45421141;63;https://ted.europa.eu/bg/notice/-/detail/517530-2026
517786-2026;2026-07-26T22:00:00.000Z;Deutschland – Einbau von abgehängten Decken – Neubau Bildungszentrum Geradstetten - Trockenbau 2 - Unterdecken;Bauwirtschaft Baden-Württemberg e.V.;Stuttgart;;2026-08-27T11:00:00.000Z;45421146;63;https://ted.europa.eu/bg/notice/-/detail/517786-2026
518028-2026;2026-07-26T22:00:00.000Z;Deutschland – Verglasungsarbeiten – Sanierung Baulich-Technische Infrastruktur: Metallbau Stahl-Glastüren;Max-Planck-Gesellschaft Abt.III;München;;2026-08-27T09:00:00.000Z;44221220 44221300 45421131;63;https://ted.europa.eu/bg/notice/-/detail/518028-2026
518309-2026;2026-07-26T22:00:00.000Z;Deutschland – Bautischlerarbeiten – BA II - Schreiner Innentüren;Verwaltungsgemeinschaft Baunach;Baunach;;2026-09-17T08:00:00.000Z;45421000 45421131 44221200;63;https://ted.europa.eu/bg/notice/-/detail/518309-2026
519108-2026;2026-07-26T22:00:00.000Z;Deutschland – Dachdeckarbeiten und Spezialbauarbeiten – WSA_03;Studierendenwerk West:Brandenburg;Potsdam;;2026-09-03T08:00:00.000Z;45421132;63;https://ted.europa.eu/bg/notice/-/detail/519108-2026
519135-2026;2026-07-26T22:00:00.000Z;Deutschland – Bau von Feuerwachen – Errichtung eines Feuerwehrhauses in innovativer Holzbauweise;Gemeinde Wentorf bei Hamburg, Die Bürgermeisterin (Kreis Herzogtum Lauenburg);Wentorf bei Hamburg;;2026-09-10T08:00:00.000Z;45421153 45421151;63;https://ted.europa.eu/bg/notice/-/detail/519135-2026
517544-2026;2026-07-26T22:00:00.000Z;Deutschland – Einbau von Toren – Sanierung Rathaus mit Kulturzentrum: Toranlagen;Stadt Bocholt;Bocholt;188001.8;;45421148;60;https://ted.europa.eu/bg/notice/-/detail/517544-2026
517095-2026;2026-07-26T22:00:00.000Z;Deutschland – Einbau von Fenstern – Neubau 6 Klassen-Pavillon und Aula, Schule an der Treene SV Friedrichstadt - Kunststofffenster;Schulverband Friedrichstadt über Amt Nordsee-Treene;Mildstedt;;;45421132;48;https://ted.europa.eu/bg/notice/-/detail/517095-2026
517307-2026;2026-07-26T22:00:00.000Z;Deutschland – Bauarbeiten – Erweiterung OGS Mensa Ostwallschule der Stadt Lüdinghausen;Stadt Lüdinghausen;Lüdinghausen;;;45421130 45421132;48;https://ted.europa.eu/bg/notice/-/detail/517307-2026
518695-2026;2026-07-26T22:00:00.000Z;Deutschland – Installation von Einbaumöbeln – Ersatzneubau Krankenhaus Mittweida, Pflegebau P3: Edelstahlmöbel P3;Landkreis Mittweida Krankenhaus gGmbH;Mittweida;16914.66;;45421153;40;https://ted.europa.eu/bg/notice/-/detail/518695-2026
512931-2026;2026-07-23T22:00:00.000Z;Deutschland – Einbau von Türen und Fenstern sowie Zubehör – KGHS - Metalltüren;Landratsamt Reutlingen, 13/2 Facility Management;Reutlingen;;2026-08-25T08:00:00.000Z;45421100;83;https://ted.europa.eu/bg/notice/-/detail/512931-2026
513173-2026;2026-07-23T22:00:00.000Z;Deutschland – Bauarbeiten an Gebäuden für Not- und Rettungsdienste – Metallrahmentüren, -aussen + - innen, Stahlblechtüren, Holztüren, Neubau Feuer- und Rettungswache II, Saturnstr. 7, 42697 Solingen;Stadt Solingen;Solingen;256507.16;;45421100 44221200;80;https://ted.europa.eu/bg/notice/-/detail/513173-2026
514710-2026;2026-07-23T22:00:00.000Z;Deutschland – Bau von Kläranlagen – Erweiterung der Kläranlage Denkendorf - Stahlbauarbeiten - Teil 1: Hochbauleistungen;Gemeinde Denkendorf;Denkendorf;207073;;45262410 45223210;80;https://ted.europa.eu/bg/notice/-/detail/514710-2026
512457-2026;2026-07-23T22:00:00.000Z;Deutschland – Einbau von Türen und Fenstern sowie Zubehör – Fensterbehänge - Klinikum Oldenburg – Erweiterungsbau Ost – ZNA, OP, Intensiv- IMC, Pflege, Aufnahmestation;Klinikum Oldenburg AöR;Oldenburg;1000;2026-08-24T10:00:00.000Z;45421100;75;https://ted.europa.eu/bg/notice/-/detail/512457-2026
512272-2026;2026-07-23T22:00:00.000Z;Deutschland – Einbau von Türen und Fenstern sowie Zubehör – BAU - VOB - LV13 Hebefaltladen - Schule GHS;BBS Bau- und Betriebsservice GmbH;Mannheim;;;45421100;68;https://ted.europa.eu/bg/notice/-/detail/512272-2026
515112-2026;2026-07-23T22:00:00.000Z;Deutschland – Bauarbeiten – Lahnuferpromenade Hausertorbrücke;Magistrat der Stadt Wetzlar;Wetzlar;;;45340000 45223210;68;https://ted.europa.eu/bg/notice/-/detail/515112-2026
515237-2026;2026-07-23T22:00:00.000Z;Deutschland – Schutzausrüstung (nuklear, biologisch, chemisch, radiologisch) – Suppy of a Hot Cell Gamma Shielding Window;European Commission, DG JRC - Joint Research Centre;Eggenstein-Leopoldshafen;;;44221000;68;https://ted.europa.eu/bg/notice/-/detail/515237-2026
515550-2026;2026-07-23T22:00:00.000Z;Deutschland – Metallbauarbeiten – Oberer Brühl - Grünfassade und Metallrahmen;Stadt Villingen-Schwenningen, RefBM - Zentrale Vergabestelle;Villingen-Schwenningen;;;45223210;68;https://ted.europa.eu/bg/notice/-/detail/515550-2026
512083-2026;2026-07-23T22:00:00.000Z;Deutschland – Gipskartonarbeiten – Theodor-Fliedner-Stiftung | Neubau Alberichstraße | Trockenbau & Innenputz;Theodor-Fliedner-Stiftung;Mannheim;;2026-08-24T09:00:00.000Z;45421141 45421146;63;https://ted.europa.eu/bg/notice/-/detail/512083-2026
513320-2026;2026-07-23T22:00:00.000Z;Deutschland – Installation von Einbaumöbeln – Sächs. Kompetenzz. Lausitzer Revier Königswartha Zentrum Fischwirtschaft;Staatsbetrieb Sächsisches Immobilien- und Baumanagement, Zentrale, Zentralstelle Vergabe- und Vertragsmanagement;Dresden;;2026-08-25T07:00:00.000Z;45421153;63;https://ted.europa.eu/bg/notice/-/detail/513320-2026
513391-2026;2026-07-23T22:00:00.000Z;Deutschland – Installation von Jalousien – Neubau Kurparkrandbebauung - Akustikrollos Saal;Ahrtal Marketing GmbH als Sanierungsträger für die Stadt Bad Neuenahr-Ahrweiler;Bad Neuenahr-Ahrweiler;;2026-08-10T08:00:00.000Z;45421143;63;https://ted.europa.eu/bg/notice/-/detail/513391-2026
513862-2026;2026-07-23T22:00:00.000Z;Deutschland – Einbau von Trennwänden – Sanitärtrennwände BA2;Landratsamt Erlangen-Höchstadt;Erlangen;;2026-08-27T06:30:00.000Z;45421141 45421000;63;https://ted.europa.eu/bg/notice/-/detail/513862-2026
514325-2026;2026-07-23T22:00:00.000Z;Deutschland – Installation von Einbaumöbeln – Sächs. Kompetenzz. Lausitzer Revier Königswartha Zentrum Fischwirtschaft;Staatsbetrieb Sächsisches Immobilien- und Baumanagement, Zentrale, Zentralstelle Vergabe- und Vertragsmanagement;Dresden;;2026-08-27T07:00:00.000Z;45421153;63;https://ted.europa.eu/bg/notice/-/detail/514325-2026
514338-2026;2026-07-23T22:00:00.000Z;Deutschland – Fassadenarbeiten – Restaurator Fenster Fassade Holz KGB;Stiftung Katholische Universität Eichstätt-Ingolstadt;Eichstätt;;2026-09-09T10:20:00.000Z;45421132;63;https://ted.europa.eu/bg/notice/-/detail/514338-2026
514507-2026;2026-07-23T22:00:00.000Z;Deutschland – Bauarbeiten – NSS Neubau 2-Feld-Sporthalle, Schwerin, VE080 P/R-Fassaden;Erzbistum Hamburg;Hamburg;;2026-09-11T08:00:00.000Z;45421140;63;https://ted.europa.eu/bg/notice/-/detail/514507-2026
514528-2026;2026-07-23T22:00:00.000Z;Deutschland – Zimmer- und Tischlerarbeiten – 139-340 RSD- Rathaus Sanierung Parkhaus Nord (Tiefgarage) hier: Innentüren NEU;Stadt Essen, vertreten durch die GVE Grundstücksverwaltung Stadt Essen GmbH;Essen;;2026-08-25T08:00:00.000Z;44221200 44221220;63;https://ted.europa.eu/bg/notice/-/detail/514528-2026
514795-2026;2026-07-23T22:00:00.000Z;Deutschland – Installation von Einbauküchen – Samtgemeinde Lüchow (Wendland) - Neubau Grundschule in Wustrow - Los 18 Aufwärmküche;Samtgemeinde Lüchow (Wendland);Lüchow (Wendland);;2026-09-01T07:00:00.000Z;45421151;63;https://ted.europa.eu/bg/notice/-/detail/514795-2026
515018-2026;2026-07-23T22:00:00.000Z;Deutschland – Bauarbeiten für Schulgebäude – Neubau Michael-Ende-Grundschule - Schreinerarbeiten;Stadt Unterschleißheim;Unterschleißheim;;2026-08-27T08:00:00.000Z;45421150;63;https://ted.europa.eu/bg/notice/-/detail/515018-2026
513149-2026;2026-07-23T22:00:00.000Z;Deutschland – Gipskartonarbeiten – Gesundheitszentrum in Bad Waldliesborn GmbH - Anbau an Klinik Eichholz;Gesundheitszentrum in Bad Waldliesborn GmbH;Lippstadt;284585.11;;45421146 45421131;60;https://ted.europa.eu/bg/notice/-/detail/513149-2026
515232-2026;2026-07-23T22:00:00.000Z;Deutschland – Installation von Feuerlöschanlagen – Aufbau einer Feuerlöschzentrale Nassbetrieb;Krankenhaus Jerusalem GmbH;Hamburg;107904.17;;45343200;60;https://ted.europa.eu/bg/notice/-/detail/515232-2026
508550-2026;2026-07-22T22:00:00.000Z;Deutschland – Bauarbeiten für Stahlkonstruktionen – Mau-vS Stahl- und Holzbauarbeiten für Schutzdach;Hamburger Friedhöfe AöR;Hamburg;;2026-08-24T09:00:00.000Z;45223210;83;https://ted.europa.eu/bg/notice/-/detail/508550-2026
509342-2026;2026-07-22T22:00:00.000Z;Deutschland – Fassadenarbeiten – Neubau Verwaltungsgebäude Landratsamt Rottweil - PR-Fassade und Alutüren EG;Landratsamt Rottweil;Rottweil;;2026-09-14T10:00:00.000Z;45421100;83;https://ted.europa.eu/bg/notice/-/detail/509342-2026
509755-2026;2026-07-22T22:00:00.000Z;Deutschland – Rohbauarbeiten – Geb.3403 Grundinstandsetzung und Nachnutzung f. Bauing. (1.BA) VE305 Rohbauarbeiten innen;Gottfried Wilhelm Leibniz Universität Hannover Stiftung Öffentlichen Rechts;Hannover;;2026-08-24T06:00:00.000Z;45223210;83;https://ted.europa.eu/bg/notice/-/detail/509755-2026
509767-2026;2026-07-22T22:00:00.000Z;Deutschland – Bau von Fußgängerbrücken – Wörnitzsteg, Gründungs-, Beton- und Montagearbeiten, Ausbauarbeiten (Kopie);Landesgartenschau 2028 GmbH;Donauwörth;;2026-08-24T08:00:00.000Z;45223210;83;https://ted.europa.eu/bg/notice/-/detail/509767-2026
509994-2026;2026-07-22T22:00:00.000Z;Deutschland – Einbau von Türen und Fenstern sowie Zubehör – Metallbauarbeiten Tueren TO2;Staatliches Bauamt Schweinfurt;Schweinfurt;;2026-08-12T07:03:00.000Z;45421100;83;https://ted.europa.eu/bg/notice/-/detail/509994-2026
510105-2026;2026-07-22T22:00:00.000Z;Deutschland – Metallbauarbeiten – Stahlbauarbeiten;Landeshauptstadt München, Baureferat;München;;2026-08-27T08:40:00.000Z;45223210 45341000;83;https://ted.europa.eu/bg/notice/-/detail/510105-2026
510131-2026;2026-07-22T22:00:00.000Z;Deutschland – Bautischlerarbeiten – Neubau Kindertagesstätte Oßweil - Tischlerarbeiten;Stadt Ludwigsburg;Ludwigsburg;;2026-08-24T07:30:00.000Z;45223210 45421000 44221220;83;https://ted.europa.eu/bg/notice/-/detail/510131-2026
510176-2026;2026-07-22T22:00:00.000Z;Deutschland – Einbau von Türen und Fenstern sowie Zubehör – Neubau Verwaltungsgebäude Landratsamt Rottweil - Stahlblechtüren;Landratsamt Rottweil;Rottweil;;2026-09-14T10:00:00.000Z;45421100;83;https://ted.europa.eu/bg/notice/-/detail/510176-2026
511054-2026;2026-07-22T22:00:00.000Z;Deutschland – Metallbauarbeiten – 6141-14 Umbau und Erweiterung Bürgersaal in Geisenhausen, Gewerk 2418-312- Schlosserarbeiten;Markt Geisenhausen;Geisenhausen;;2026-08-25T08:00:00.000Z;45223210;83;https://ted.europa.eu/bg/notice/-/detail/511054-2026
511113-2026;2026-07-22T22:00:00.000Z;Deutschland – Einbau von Trennwänden – OP-Trennwände (VE027), CVK, DHZC;Charité - Universitätsmedizin Berlin;Berlin;;2026-08-25T08:00:00.000Z;45421100 45421141;83;https://ted.europa.eu/bg/notice/-/detail/511113-2026
509053-2026;2026-07-22T22:00:00.000Z;Deutschland – Bauarbeiten für Produktionsanlagen – Bau von Hochbaumaßnahmen, Außenanlagen und Verkehrsflächen im Zusammenhang mit der Herstellung von Wasserstoff;Stadtwerke Stuttgart GmbH;Stuttgart;3967077;;45223210;80;https://ted.europa.eu/bg/notice/-/detail/509053-2026
510032-2026;2026-07-22T22:00:00.000Z;Deutschland – Einbau von Türen und Fenstern sowie Zubehör – Metallbauarbeiten, Schlosserarbeiten, Fenster- und Türelemente;Land Berlin – Sondervermögen Immobilien des Landes Berlin (SILB) c/o BIM Berliner Immobilienmanagement GmbH;Berlin;174039;;45421100;80;https://ted.europa.eu/bg/notice/-/detail/510032-2026
511332-2026;2026-07-22T22:00:00.000Z;Deutschland – Bauarbeiten – Münster, Umbau und Sanierung des ehem. Offizierskasinos, Gebäude 30 im York-Quartier;NRW.URBAN Kommunale Entwicklung GmbH;Düsseldorf;;;45421100 45421130 45421110 45421141 45421152 45421131 45421000 45421150;68;https://ted.europa.eu/bg/notice/-/detail/511332-2026
511573-2026;2026-07-22T22:00:00.000Z;Deutschland – Brandschutz-Installationsarbeiten – asbesthaltige Brandschutzklappen;Land Berlin – Sondervermögen Immobilien des Landes Berlin (SILB) c/o BIM Berliner Immobilienmanagement GmbH;Berlin;25210084.03;2028-09-06T21:59:00.000Z;45343000;65;https://ted.europa.eu/bg/notice/-/detail/511573-2026
508540-2026;2026-07-22T22:00:00.000Z;Deutschland – Metallbauarbeiten – Um- und Neubau Rathaus Grefrath - Metall-Innentüren;Gemeinde Grefrath;Grefrath;;2026-08-24T07:30:00.000Z;45421111 45421131 45421141;63;https://ted.europa.eu/bg/notice/-/detail/508540-2026
508547-2026;2026-07-22T22:00:00.000Z;Deutschland – Bauarbeiten – Anna-Seghers-Straße - Neubau eines viergeschossigen Wohngebäudes mit Kindertagesstätte - Trockenbau;Stadt Brühl - Der Bürgermeister;Brühl;;2026-08-26T09:00:00.000Z;45421146 45421152;63;https://ted.europa.eu/bg/notice/-/detail/508547-2026
508841-2026;2026-07-22T22:00:00.000Z;Deutschland – Einbau von Trennwänden – 300.039.1_4 / Trockenbauarbeiten 1;Zweckverband Berufliches Schulzentrum Kempten (Allgäu);Kempten (Allgäu);;2026-08-27T12:00:00.000Z;45421141;63;https://ted.europa.eu/bg/notice/-/detail/508841-2026
508925-2026;2026-07-22T22:00:00.000Z;Deutschland – Bautischlerarbeiten – Sanierung und Erweiterung Erlebnisbad Senftenberg: Los 14 - Bäderausstattung;Stadt Senftenberg;Senftenberg;;2026-08-24T06:00:00.000Z;45421000 45421152 45421153;63;https://ted.europa.eu/bg/notice/-/detail/508925-2026
509634-2026;2026-07-22T22:00:00.000Z;Deutschland – Einbau von Türen – Bildungszentrum West - Holztüren - Bauabschnitt 1;Stadt Ludwigsburg;Ludwigsburg;;2026-09-08T07:30:00.000Z;45421131 44221200 44221220;63;https://ted.europa.eu/bg/notice/-/detail/509634-2026
511283-2026;2026-07-22T22:00:00.000Z;Deutschland – Metallbauarbeiten – Kurparkterrassen Bad Neuenahr-Ahrweiler / Büro- und Veranstaltungsgebäude: STAHLTÜREN / Brandschutz-, Büro- und Toilettentüren etc.;Ahrtal Marketing GmbH;Bad Neuenahr-Ahrweiler;;2026-08-11T08:00:00.000Z;45421131;63;https://ted.europa.eu/bg/notice/-/detail/511283-2026
511294-2026;2026-07-22T22:00:00.000Z;Deutschland – Installateurarbeiten und Verlegung von Abwasserleitungen – Sanitär- und Feuerlöschanlagen;Bäder Halle GmbH;Halle (Saale);;2026-08-24T07:30:00.000Z;45343220;63;https://ted.europa.eu/bg/notice/-/detail/511294-2026
511645-2026;2026-07-22T22:00:00.000Z;Deutschland – Einbau von Türen – Bildungszentrum West - Metallbau u. Verglasung innen, Stahltüren - Bauabschnitt 1;Stadt Ludwigsburg;Ludwigsburg;;2026-09-08T11:00:00.000Z;45421131 44221200 44221220;63;https://ted.europa.eu/bg/notice/-/detail/511645-2026
511723-2026;2026-07-22T22:00:00.000Z;Deutschland – Installation von Feuerlöschanlagen – Komplettsanierung Pestalozzischule Zeitz Los 47 - Feuerlöschanlage;Burgenlandkreis;Naumburg (Saale);;2026-08-27T08:00:00.000Z;45343200;63;https://ted.europa.eu/bg/notice/-/detail/511723-2026
508627-2026;2026-07-22T22:00:00.000Z;Deutschland – Einbau von Toren – Fürstenwalder Allee_Metallbauarbeiten, Schlosserarbeiten_Tore;Land Berlin – Sondervermögen Immobilien des Landes Berlin (SILB) c/o BIM Berliner Immobilienmanagement GmbH;Berlin;239348;;45421148;60;https://ted.europa.eu/bg/notice/-/detail/508627-2026
510797-2026;2026-07-22T22:00:00.000Z;Deutschland – Installation von Jalousien – Umgestaltung OSZ Elsterwerda zum Bildungszentrum Elbe-Elster, 2. BA, Los 20 Ausstattung und Möbel;Landkreis Elbe-Elster;Herzberg/Elster;288104.08;;45421143;60;https://ted.europa.eu/bg/notice/-/detail/510797-2026
511025-2026;2026-07-22T22:00:00.000Z;Deutschland – Bauleistungen im Hochbau – Erweiterung Verwaltungsstandort Landratsamt Görlitz - Los 18-2-N Akustikdecken;Landratsamt Görlitz;Görlitz;712270;;45421146;60;https://ted.europa.eu/bg/notice/-/detail/511025-2026
511389-2026;2026-07-22T22:00:00.000Z;Deutschland – Bau von weiterführenden Schulen – Möbelschreinrarbeiten;Landkreis Fürstenfeldbruck, vertreten durch den kreiseigenen Hochbau;Fürstenfeldbruck;236757;;45421000 45421151 45421153;60;https://ted.europa.eu/bg/notice/-/detail/511389-2026
511314-2026;2026-07-22T22:00:00.000Z;Deutschland – Brandschutzarbeiten – Brandschutztüren;Stadtwerke Verkehrsgesellschaft Frankfurt am Main mbH (VGF);Frankfurt am Main;1;2026-08-25T08:00:00.000Z;45343100 44221220 45343000;55;https://ted.europa.eu/bg/notice/-/detail/511314-2026
508657-2026;2026-07-22T22:00:00.000Z;Deutschland – Gipskartonarbeiten – Trockenbauarbeiten und Innentüren;DBFZ Deutsches Biomasseforschungszentrum gGmbH;Leipzig;;;44221200 45421132;48;https://ted.europa.eu/bg/notice/-/detail/508657-2026
509396-2026;2026-07-22T22:00:00.000Z;"Deutschland – Zimmer- und Tischlerarbeiten – Neubau Wohngebäude und Kinderhaus; Gewerk: Holzbau- mit Fassade, Fenster- und Verschattungsarbeiten";Wohnbau Pfullingen;Pfullingen;;;45421130;48;https://ted.europa.eu/bg/notice/-/detail/509396-2026
510232-2026;2026-07-22T22:00:00.000Z;Deutschland – Bauleistungen im Hochbau – DESY Hamburg Neubau ITGZ I - Tischlerarbeiten Feste Einbauten;Deutsches Elektronen-Synchrotron DESY;Hamburg;;2026-07-29T10:00:00.000Z;45421000 45421151 45421153;48;https://ted.europa.eu/bg/notice/-/detail/510232-2026
510475-2026;2026-07-22T22:00:00.000Z;Deutschland – Einbau von Fenstern – Stadt Dinklage: Sanierung Freibad - Fensterbau- und Verglasungsarbeiten;Landkreis Vechta;Vechta;;;45421132;48;https://ted.europa.eu/bg/notice/-/detail/510475-2026
510679-2026;2026-07-22T22:00:00.000Z;Deutschland – Bauarbeiten – Vorinformation Erweiterung Max-Weber-Schule, Verschattung;Stadt Freiburg;Freiburg;;;45421143 45421144;48;https://ted.europa.eu/bg/notice/-/detail/510679-2026
509411-2026;2026-07-22T22:00:00.000Z;Deutschland – Bautischlerarbeiten – Tischlerarbeiten Holzfenster;LGH Leipziger Gewerbehof GmbH & Co. KG;Leipzig;299.982;;45421000 45421132;40;https://ted.europa.eu/bg/notice/-/detail/509411-2026
510155-2026;2026-07-22T22:00:00.000Z;"Deutschland – Bautischlerarbeiten – Heiligenwegschule - Erweiterung/Sanierung/Brandschutz; WC-Trennwände";Stadt Osnabrück - FD Öffentliche Aufträge;Osnabrück;10544.32;;45421000 45421141 45421152;40;https://ted.europa.eu/bg/notice/-/detail/510155-2026
511857-2026;2026-07-22T22:00:00.000Z;Deutschland – Installation von Jalousien – Umgestaltung OSZ Elsterwerda zum Bildungszentrum Elbe-Elster, 2. BA, Los 33 Blendschutzanlagen;Landkreis Elbe-Elster;Herzberg/Elster;6698;;45421143;40;https://ted.europa.eu/bg/notice/-/detail/511857-2026
505757-2026;2026-07-21T22:00:00.000Z;Deutschland – Bauarbeiten für Stahlkonstruktionen – ILKO | 113 Stahlbau;Gemeinde Ilvesheim;Ilvesheim;;2026-08-24T07:30:00.000Z;45223210;83;https://ted.europa.eu/bg/notice/-/detail/505757-2026
506087-2026;2026-07-21T22:00:00.000Z;Deutschland – Ingenieur- und Hochbauarbeiten – Neubau Polderwand Lübecker Ufer;Hamburg Port Authority AöR;Hamburg;;2026-08-25T09:00:00.000Z;45223210;83;https://ted.europa.eu/bg/notice/-/detail/506087-2026
507464-2026;2026-07-21T22:00:00.000Z;Deutschland – Einbau von Türen und Fenstern sowie Zubehör – Sächs. Kompetenzzentrum Mitteldeutschland,LVG Köllitsch, Milchkuhhaltung;Staatsbetrieb Sächsisches Immobilien- und Baumanagement, Zentrale, Zentralstelle Vergabe- und Vertragsmanagement;Dresden;;2026-08-24T07:00:00.000Z;45421100;83;https://ted.europa.eu/bg/notice/-/detail/507464-2026
507746-2026;2026-07-21T22:00:00.000Z;Deutschland – Bau von Straßenbahnhaltestellen – Bahnsteigbau (mehrere Gewerke) und Schalthaus;Amt für Recht, Vergabe und Versicherungen;Köln;;2026-08-31T08:00:00.000Z;45342000 45341000;83;https://ted.europa.eu/bg/notice/-/detail/507746-2026
508100-2026;2026-07-21T22:00:00.000Z;Deutschland – Bautischlerarbeiten – Um- und Neubau Rathaus Grefrath - Holz-Innentüren;Gemeinde Grefrath;Grefrath;;2026-08-24T07:00:00.000Z;45421100 45421000 45421111 45421130 45421131;83;https://ted.europa.eu/bg/notice/-/detail/508100-2026
508145-2026;2026-07-21T22:00:00.000Z;Deutschland – Einbau von Türen und Fenstern sowie Zubehör – Anbau MRT/CT Klinikum Mutterhaus der Borromäerinnen gGmbH;Klinikum Mutterhaus der Borromäerinnen gGmbH;Trier;;2026-08-21T08:30:00.000Z;45421100;83;https://ted.europa.eu/bg/notice/-/detail/508145-2026
508164-2026;2026-07-21T22:00:00.000Z;Deutschland – Abbrucharbeiten – Erneuerung Lichthochmaste Elbtunnel;Hamburg Verkehrsanlagen GmbH;Hamburg;;2026-08-19T07:00:00.000Z;45223210;83;https://ted.europa.eu/bg/notice/-/detail/508164-2026
506105-2026;2026-07-21T22:00:00.000Z;Deutschland – Zimmer- und Tischlerarbeiten – Zimmerer und Fensterarbeiten;Stadt Immenstadt i. Allgäu;Immenstadt i. Allgäu;1968135.82;;45421100;80;https://ted.europa.eu/bg/notice/-/detail/506105-2026
507471-2026;2026-07-21T22:00:00.000Z;Deutschland – Bauarbeiten für Schulgebäude – 325 Fenster- und Verglasung Alu 5.BA;Schulverband Margetshöchheim;Margetshöchheim;130929;;45421100 45421130 45421132 45421110;80;https://ted.europa.eu/bg/notice/-/detail/507471-2026
507732-2026;2026-07-21T22:00:00.000Z;Deutschland – Metallbauarbeiten – Neubau Betriebshof Grünflächen und Forsten, Giebel 46, Wuppertal, Toranlagen;Stadt Wuppertal;Wuppertal;108363.19;;45223210;80;https://ted.europa.eu/bg/notice/-/detail/507732-2026
507976-2026;2026-07-21T22:00:00.000Z;Deutschland – Bauarbeiten – Deutscher Bundestag - Herrichtung der Liegenschaft NK 4-5 - Metallbauarbeiten - Vergabe 1351/2026;Bundesrepublik Deutschland vertreten durch: Bundesamt für Bauwesen und Raumordnung;Berlin;751804.87;;44221000 44221220;80;https://ted.europa.eu/bg/notice/-/detail/507976-2026
508072-2026;2026-07-21T22:00:00.000Z;Deutschland – Bauarbeiten – VWR43_Erweiterung Jugendmaßregelvollzug;Pfalzklinikum für Psychiatrie und Neurologie AdöR;Klingenmünster;1303285;;45421100 45421130 44221220 44221100 45421132 45421143;80;https://ted.europa.eu/bg/notice/-/detail/508072-2026
508195-2026;2026-07-21T22:00:00.000Z;Deutschland – Beschlagarbeiten – Neubau Schulcampus Deisenhofen - Elektronische Schließanlage;Zweckverband Staatliche weiterführende Schulen im Süden des Landkreises München;Oberhaching;312489.6;;45421160 45421100;80;https://ted.europa.eu/bg/notice/-/detail/508195-2026
508275-2026;2026-07-21T22:00:00.000Z;Deutschland – Einbau von Türen und Fenstern sowie Zubehör – Brödermannsweg 2 - Tischler Innentüren;SBH | Schulbau Hamburg;Hamburg;71555;;45421100;80;https://ted.europa.eu/bg/notice/-/detail/508275-2026
507503-2026;2026-07-21T22:00:00.000Z;Deutschland – Einbau von Türen und Fenstern – Neubau Hortgebäude, St.-Jantzen-Ring 3-6, 18106 Rostock - Los 304 Kunststofffenster;Eigenbetrieb Kommunale Objektbewirtschaftung und -entwicklung der Hanse- und Universitätsstadt Rostock;Rostock;8200000;2026-08-24T08:00:00.000Z;45421130;75;https://ted.europa.eu/bg/notice/-/detail/507503-2026
505780-2026;2026-07-21T22:00:00.000Z;Deutschland – Installation von Zäunen, Geländern und Sicherheitseinrichtungen – 499- MFS Museum Folkwang Sicherheitstechnik, hier: Sicherheitstechnik;Stadt Essen, vertreten durch die GVE Grundstücksverwaltung Stadt Essen GmbH;Essen;;;45340000;68;https://ted.europa.eu/bg/notice/-/detail/505780-2026
505863-2026;2026-07-21T22:00:00.000Z;Deutschland – Bauarbeiten – Bau einer provisorischen Feinrechenanlage - Bautechnik;Emschergenossenschaft;Essen;;;45223210;68;https://ted.europa.eu/bg/notice/-/detail/505863-2026
506140-2026;2026-07-21T22:00:00.000Z;Deutschland – Sonnenschutzarbeiten – Fenster, Sonnenschutz, Außentüren in Holzrahmenbauweise;Handwerkskammer Niederbayern-Oberpfalz;Regensburg;;2026-07-28T11:00:00.000Z;45421100;63;https://ted.europa.eu/bg/notice/-/detail/506140-2026
507548-2026;2026-07-21T22:00:00.000Z;Deutschland – Fassadenarbeiten – PR Fassade;Handwerkskammer Niederbayern-Oberpfalz;Regensburg;;2026-07-28T11:00:00.000Z;45421100 45421148;63;https://ted.europa.eu/bg/notice/-/detail/507548-2026
505714-2026;2026-07-21T22:00:00.000Z;Deutschland – Einbau von Fenstern – Sanierung Hermann-Greiner-Realschule 5. BA - Aluminiumfensterbau;Stadtverwaltung Neckarsulm;Neckarsulm;;2026-09-01T09:00:00.000Z;45421132;63;https://ted.europa.eu/bg/notice/-/detail/505714-2026
505901-2026;2026-07-21T22:00:00.000Z;Deutschland – Installation von Einbaumöbeln – Generalsanierung Hogy | Fachklassenausstattung Naturwissenschaften inkl. Wartung;Stadtverwaltung Göppingen;Göppingen;;2026-08-12T07:00:00.000Z;45421153;63;https://ted.europa.eu/bg/notice/-/detail/505901-2026
506198-2026;2026-07-21T22:00:00.000Z;Deutschland – Fassadenarbeiten – 118 KliPrien BA3 - RoMed Klinik Prien am Chiemsee-Erneuerung Funktionsbau - 118-3270 Fenster-Fassade;Kliniken der Stadt und des Lkr. Rosenheim GmbH;Rosenheim;;2026-09-09T12:15:00.000Z;45421130 45421145 45421143;63;https://ted.europa.eu/bg/notice/-/detail/506198-2026
506556-2026;2026-07-21T22:00:00.000Z;Deutschland – Einbau von Türen – 1002 BKP-ENF-Bezirkskrankenhaus Parsberg - Ersatzneubau Forensik Gewerk: 1231-001 Metallblechtüren 2 Haus 4 Pforte;Med. Einrichtungen des Bez. Oberpfalz - KU;Regensburg;;2026-08-24T07:30:00.000Z;45421131;63;https://ted.europa.eu/bg/notice/-/detail/506556-2026
507615-2026;2026-07-21T22:00:00.000Z;Deutschland – Einbau von Trennwänden – Neustrukturierung Rathaus Borken, Geb.- C LV 06 WC- Trennwände;Stadt Borken;Borken;;2026-08-21T09:30:00.000Z;45421141;63;https://ted.europa.eu/bg/notice/-/detail/507615-2026
507667-2026;2026-07-21T22:00:00.000Z;Deutschland – Bau von Grundschulen – OGGS Gewerbeschulstraße 109, in Wuppertal Fenster- und Sonnenschutzarbeiten;Stadt Wuppertal;Wuppertal;;2026-08-24T07:15:00.000Z;45421132;63;https://ted.europa.eu/bg/notice/-/detail/507667-2026
508374-2026;2026-07-21T22:00:00.000Z;Deutschland – Gipskartonarbeiten – Trockenbau 70-00471-3770-309 - PR1259380-3770-B;Fraunhofer-Gesellschaft zur Förderung der angewandten Forschung e.V. - Einkauf B12 - Vergabestelle Bau;München;;2026-08-21T08:00:00.000Z;45421146 45421152;63;https://ted.europa.eu/bg/notice/-/detail/508374-2026
505678-2026;2026-07-21T22:00:00.000Z;Deutschland – Einbau von Türen und Fenstern – Neubau Kindertagesstätte Hergensweiler - Fenster und Außentüren;Gemeinde Hergensweiler;Hergensweiler;0.01;;45421100 45421130;60;https://ted.europa.eu/bg/notice/-/detail/505678-2026
506746-2026;2026-07-21T22:00:00.000Z;Deutschland – Installation von Einbaumöbeln – Neubau Schulcampus Deisenhofen - Schreinerarbeiten Einbaumöbel Schulen;Zweckverband Staatliche weiterführende Schulen im Süden des Landkreises München;Oberhaching;812831.46;;45421153 45421000;60;https://ted.europa.eu/bg/notice/-/detail/506746-2026
507539-2026;2026-07-21T22:00:00.000Z;Deutschland – Einbau von Umkleideräumen – Trennwände und Spinnwände;Stadtwerke Bad Herrenalb GmbH;Bad Herrenalb;324952.13;;45421141;60;https://ted.europa.eu/bg/notice/-/detail/507539-2026
507692-2026;2026-07-21T22:00:00.000Z;Deutschland – Bautischlerei-Einbauarbeiten – 18198 4864 FR, Uni, Kollegiengebäude II (KG II), Sanierung 2.BA 1. + 2. TA 3027 Tischlerarbeiten (Türen T30-T90-RS);Vermögen und Bau Baden-Württemberg, Amt Freiburg;Freiburg;1358340;;44221200;60;https://ted.europa.eu/bg/notice/-/detail/507692-2026
505487-2026;2026-07-21T22:00:00.000Z;Deutschland – Bauleistungen im Hochbau – Neubau Hospiz Pfarrkirchen, Mobile Trennwände;Landkreis Rottal-Inn;Pfarrkirchen;;2026-08-06T09:00:00.000Z;45421141 45421152;48;https://ted.europa.eu/bg/notice/-/detail/505487-2026
506771-2026;2026-07-21T22:00:00.000Z;Deutschland – Dachdeckarbeiten – Glasdach;Handwerkskammer Niederbayern-Oberpfalz;Regensburg;;2026-07-28T11:00:00.000Z;45421132;43;https://ted.europa.eu/bg/notice/-/detail/506771-2026
507874-2026;2026-07-21T22:00:00.000Z;Deutschland – Bau von Grundschulen – SEP Grundschule Gerberstraße - Metallbauarbeiten;Stadt Solingen;Solingen;;2026-08-06T08:00:00.000Z;45421130 45421145;48;https://ted.europa.eu/bg/notice/-/detail/507874-2026
506691-2026;2026-07-21T22:00:00.000Z;Deutschland – Bautischlerei-Einbauarbeiten – Bahrenfelder Straße 260 - Käfige und Netze;SBH | Schulbau Hamburg;Hamburg;40054000;2026-07-24T08:00:00.000Z;45421141;45;https://ted.europa.eu/bg/notice/-/detail/506691-2026
501570-2026;2026-07-20T22:00:00.000Z;Deutschland – Bauarbeiten für Stahlkonstruktionen – Neubau Kreiskrankenhaus Alsfeld, Stahlbauarbeiten, KKA;Kreiskrankenhaus des Vogelsbergkreises in Alsfeld GmbH;Alsfeld;;2026-08-20T09:00:00.000Z;45223210;83;https://ted.europa.eu/bg/notice/-/detail/501570-2026
503573-2026;2026-07-20T22:00:00.000Z;Deutschland – Einbau von Türen und Fenstern sowie Zubehör – Sanierung und Modernisierung der Herberzhäuser, Am Marktplatz 1 und 5, 47829 Krefeld - Tischlerarbeiten, Sanierung und originalgetreuem Nachbau denkmalgeschützter Holzfenster;Stadt Krefeld - Zentrales Gebäudemanagement;Krefeld;;2026-08-24T07:00:00.000Z;45421100;83;https://ted.europa.eu/bg/notice/-/detail/503573-2026
504384-2026;2026-07-20T22:00:00.000Z;Deutschland – Bauarbeiten – TÜ-_-010 / LRZ.1020.001 -TUB - Neubau Luftrettungszentrum - Rohbauarbeiten;BG Kliniken Ludwigshafen und Tübingen gGmbH;Tübingen;;2026-09-03T10:00:00.000Z;45223210;83;https://ted.europa.eu/bg/notice/-/detail/504384-2026
504479-2026;2026-07-20T22:00:00.000Z;Deutschland – Fassadenarbeiten – LUD - Neubau Rettungswache inkl. SZ - Fassadenarbeiten;BG Kliniken Ludwigshafen und Tübingen gGmbH;Ludwigshafen;;2026-08-14T10:00:00.000Z;45421100;83;https://ted.europa.eu/bg/notice/-/detail/504479-2026
504676-2026;2026-07-20T22:00:00.000Z;Deutschland – Bauarbeiten – Feuerwehrtechnische Zentrale Ebergötzen, Neubau - VE 311 Stahlbau- und Schlosserarbeiten;Landkreis Göttingen;Göttingen;;2026-08-24T08:00:00.000Z;45223210 45341000;83;https://ted.europa.eu/bg/notice/-/detail/504676-2026
504916-2026;2026-07-20T22:00:00.000Z;Deutschland – Bautischlerarbeiten – Behänge Innen;Deutsche Rentenversicherung Nordbayern;Bayreuth;;2026-08-25T08:00:00.000Z;45421100 45421000;83;https://ted.europa.eu/bg/notice/-/detail/504916-2026
501669-2026;2026-07-20T22:00:00.000Z;Deutschland – Metallbauarbeiten – Ex Post: Gemeinde Tappenbeck: Neubau eines Sport- und Gemeinschaftsparks: Stahlbau-/Metallbauarbeiten;Gemeinde Tappenbeck;Tappenbeck;77380;;45223210;80;https://ted.europa.eu/bg/notice/-/detail/501669-2026
501836-2026;2026-07-20T22:00:00.000Z;Deutschland – Errichtung von Geländern – Edelstahlschlosserarbeiten / Regionalbad Anbau;Zweckverband Regionalbad Bingen-Ingelheim;Bingen am Rhein;71822.53;;45340000 45341000;80;https://ted.europa.eu/bg/notice/-/detail/501836-2026
503837-2026;2026-07-20T22:00:00.000Z;"Deutschland – Verglasungsarbeiten – Neubau Kriminalpolizeidirektion und Polizeirevier Calw Fenster, Außentüren - Glasfassade, Holz, Sonnenschutz; DIN 18361";Vermögen und Bau Baden-Württemberg, Amt Pforzheim;Pforzheim;2066996.86;;45421100;80;https://ted.europa.eu/bg/notice/-/detail/503837-2026
503079-2026;2026-07-20T22:00:00.000Z;Deutschland – Bau von Kliniken – UKW Nord, 1.BA Erschl 1.TBM vorgez Maßn;Staatliches Bauamt Würzburg;Würzburg;;;45340000;68;https://ted.europa.eu/bg/notice/-/detail/503079-2026
503000-2026;2026-07-20T22:00:00.000Z;Deutschland – Installation von Einbaumöbeln – Bahrenfelder Straße 260 - Tischler Einbaumöbel;SBH | Schulbau Hamburg;Hamburg;40054000;2026-08-26T08:00:00.000Z;45421153;65;https://ted.europa.eu/bg/notice/-/detail/503000-2026
501786-2026;2026-07-20T22:00:00.000Z;Deutschland – Installation von Sanitäreinrichtungen – Sanierung Campus Wuppertal, VE401 Sanitär + Feuerlöschtechnik;BARMER Beschaffung und Vergabe;Wuppertal;;2026-08-18T08:00:00.000Z;45343200;63;https://ted.europa.eu/bg/notice/-/detail/501786-2026
503751-2026;2026-07-20T22:00:00.000Z;Deutschland – Brandschutz-Installationsarbeiten – Grundschule Heeßen - Rauchschutzvorhang;Landkreis Schaumburg - Vergabestelle;Stadthagen;;2026-08-20T07:00:00.000Z;45343000 45343100;63;https://ted.europa.eu/bg/notice/-/detail/503751-2026
503870-2026;2026-07-20T22:00:00.000Z;Deutschland – Bauarbeiten – Rammschutz;Diakoneo KdöR Bau- und Immobilienmanagement;91564;;2026-08-19T11:00:00.000Z;45421140;63;https://ted.europa.eu/bg/notice/-/detail/503870-2026
504891-2026;2026-07-20T22:00:00.000Z;"Deutschland – Bauarbeiten für Schulgebäude – Gesamtsanierung und Erweiterung Zentrum für Bildung, Kultur und Soziales Pirna-Sonnenstein; Los 406: Nutzungsspezifische Einrichtungen Küche Mensa";Stadtverwaltung Pirna;Pirna;;2026-08-17T08:00:00.000Z;45421151;63;https://ted.europa.eu/bg/notice/-/detail/504891-2026
501602-2026;2026-07-20T22:00:00.000Z;Deutschland – Einbau von Fenstern – Tischlerarbeiten Fenster WSF;Land Hessen, vertreten durch den Landesbetrieb Bau und Immobilien Hessen, Zentrale Vergabe;Bad Nauheim;691869.96;;45421132;60;https://ted.europa.eu/bg/notice/-/detail/501602-2026
502541-2026;2026-07-20T22:00:00.000Z;Deutschland – Einbau von Fensterläden – Tischlerarbeiten Außenfensterläden WSF;Land Hessen, vertreten durch den Landesbetrieb Bau und Immobilien Hessen, Zentrale Vergabe;Bad Nauheim;327510;;45421142;60;https://ted.europa.eu/bg/notice/-/detail/502541-2026
503006-2026;2026-07-20T22:00:00.000Z;Deutschland – Zimmer- und Tischlerarbeiten – TU-Museumspavillon: Trocken- und Lehmbau, Tischlerarbeiten und Innentüren;Technische Universität Berlin;Berlin;233443.4;;45421131;60;https://ted.europa.eu/bg/notice/-/detail/503006-2026
503925-2026;2026-07-20T22:00:00.000Z;Deutschland – Bauarbeiten für Kunst- und Kulturgebäude – Modernisierung Stadthalle Magdeburg, Heinrich-Heine-Platz 1, 39114 Magdeburg - Los 317-2 - Tischlerarbeiten Möblierung;Landeshauptstadt Magdeburg, Die Oberbürgermeisterin;Magdeburg;215311.46;;45421150;60;https://ted.europa.eu/bg/notice/-/detail/503925-2026
501677-2026;2026-07-20T22:00:00.000Z;Deutschland – Gipskartonarbeiten – Trockenbauarbeiten 70-00212-3900-05 - PR1186330-3900-B;Fraunhofer-Gesellschaft zur Förderung der angewandten Forschung e.V. - Einkauf B12 - Vergabestelle Bau;München;;;45421141 45421146;48;https://ted.europa.eu/bg/notice/-/detail/501677-2026
503882-2026;2026-07-20T22:00:00.000Z;Deutschland – Einbau von abgehängten Decken – Neubau FWGH-Bracht - Trockenbau;Gemeinde Brüggen;Brüggen;;2026-07-28T08:00:00.000Z;45421146;43;https://ted.europa.eu/bg/notice/-/detail/503882-2026
504315-2026;2026-07-20T22:00:00.000Z;Deutschland – Installation von Einbaumöbeln – STIC Strausberg - TP-5 Neubau Bürogebäude, Los 27 - Möblierung;Landkreis Märkisch-Oderland / Amt für Digitalisierung, Organisation und Personal;Seelow;;;45421153 45421000 45421140 45421141 45421146 45421150 45421152;48;https://ted.europa.eu/bg/notice/-/detail/504315-2026
504490-2026;2026-07-20T22:00:00.000Z;Deutschland – Bauarbeiten – 62-2026-429-EA - Metallbauarbeiten Fenster und Türen gem. DIN 18360;Stadt Regensburg;Regensburg;;2026-07-24T07:00:00.000Z;45421110 45421130;43;https://ted.europa.eu/bg/notice/-/detail/504490-2026
499351-2026;2026-07-19T22:00:00.000Z;Deutschland – Einbau von Türen – Haus B VE 314 Innentüren und Zargen;Studierendenwerk Thüringen;Jena;300000;2026-08-21T08:00:00.000Z;45421100 45421131 44221200 44221220;95;https://ted.europa.eu/bg/notice/-/detail/499351-2026
498335-2026;2026-07-19T22:00:00.000Z;Deutschland – Einbau von Türen und Fenstern sowie Zubehör – 0321 Holz-Alu-Türelemente und Sonnenschutzarbeiten;Gemeindeverwaltung Malterdingen;Malterdingen;;2026-08-24T12:00:00.000Z;45421100;83;https://ted.europa.eu/bg/notice/-/detail/498335-2026
499756-2026;2026-07-19T22:00:00.000Z;Deutschland – Bau von Bürogebäuden – Innentüren Metall (H) – Erweiterung und Sanierung Kreishaus;Kreis Herzogtum Lauenburg;Ratzeburg;;2026-08-19T08:15:00.000Z;45421100 45421130 45421131 44221220 44221200;83;https://ted.europa.eu/bg/notice/-/detail/499756-2026
500495-2026;2026-07-19T22:00:00.000Z;Deutschland – Bau von weiterführenden Schulen – Fenster und Außentüren;Vergabestelle Landeshauptstadt Stuttgart;Stuttgart;;2026-08-20T11:30:00.000Z;45421100;83;https://ted.europa.eu/bg/notice/-/detail/500495-2026
500508-2026;2026-07-19T22:00:00.000Z;Deutschland – Fassadenarbeiten – Sanierung Baulich-Technische Infrastruktur: Metallbau Fassade II;Max-Planck-Gesellschaft Abt.III;München;;2026-08-18T08:00:00.000Z;45421100;83;https://ted.europa.eu/bg/notice/-/detail/500508-2026
497851-2026;2026-07-19T22:00:00.000Z;Deutschland – Bauarbeiten für Stahlkonstruktionen – Stahlbauarbeiten;Staatliches Bauamt München 2;München;202632.25;;45223210;80;https://ted.europa.eu/bg/notice/-/detail/497851-2026
499918-2026;2026-07-19T22:00:00.000Z;Deutschland – Metallbauarbeiten – Kreishaus Osnabrück / Umfassende Gebäudesanierung und Modernisierung (1. BA) - Schlosserarbeiten (VE 1.325);Landkreis Osnabrück - Abt. 13.3 Zentrale Vergabestelle;Osnabrück;343291;;45223210;80;https://ted.europa.eu/bg/notice/-/detail/499918-2026
500551-2026;2026-07-19T22:00:00.000Z;Deutschland – Verlegen von Abwasserleitungen – Tief- und Leitungsbauinstallation;Landeshauptstadt Hannover - Fachbereich Gebäudemanagement;Hannover;249530.5;;45342000;80;https://ted.europa.eu/bg/notice/-/detail/500551-2026
498143-2026;2026-07-19T22:00:00.000Z;Deutschland – Metallbauarbeiten – Kurparkterrassen Bad Neuenahr-Ahrweiler / Büro- und Veranstaltungsgebäude: Rohrrahmenelemente / Rohrrahmen-Türen, -Brandschutztüren, -Festverglasung, innen;Ahrtal Marketing GmbH;Bad Neuenahr-Ahrweiler;;2026-08-06T08:00:00.000Z;45421100 45343100 44221220 45421132 45421131;68;https://ted.europa.eu/bg/notice/-/detail/498143-2026
498366-2026;2026-07-19T22:00:00.000Z;Deutschland – Einbau von Türen und Fenstern sowie Zubehör – Büttelborn -Rettungszentrum;Kommunales Vergabezentrum Kreis Groß-Gerau, für die Gemeinde Büttelborn;Groß-Gerau;;2026-08-04T08:00:00.000Z;45421100;68;https://ted.europa.eu/bg/notice/-/detail/498366-2026
498368-2026;2026-07-19T22:00:00.000Z;Deutschland – Einbau von abgehängten Decken – Trockenbauarbeiten, Trockenbauarbeiten;Land Berlin – Sondervermögen Immobilien des Landes Berlin (SILB) c/o BIM Berliner Immobilienmanagement GmbH;Berlin;;2026-08-18T07:10:00.000Z;45421146 45421141;63;https://ted.europa.eu/bg/notice/-/detail/498368-2026
498960-2026;2026-07-19T22:00:00.000Z;Deutschland – Gipskartonarbeiten – Bau Kreativforum, Cleantech Innovation Park, Hallstadt;Cleantech Innovation Park GmbH;Hallstadt;;2026-08-18T08:00:00.000Z;45421141 45421146;63;https://ted.europa.eu/bg/notice/-/detail/498960-2026
499257-2026;2026-07-19T22:00:00.000Z;Deutschland – Gipskartonarbeiten – Abbruch und Neubau Personalwohnheim Thoraxklinik Heidelberg gGmbH;Thoraxklinik am Universitätsklinikum Heidelberg gGmbH;Heidelberg;;2026-08-18T07:59:00.000Z;45421141 45421146;63;https://ted.europa.eu/bg/notice/-/detail/499257-2026
500412-2026;2026-07-19T22:00:00.000Z;Deutschland – Gipskartonarbeiten – Trockenbau - Dokumentationszentrum Tagebau Garzweiler;Zweckverband LANDFOLGE Garzweiler;Erkelenz;;2026-08-21T10:00:00.000Z;45421141 45421146;63;https://ted.europa.eu/bg/notice/-/detail/500412-2026
501103-2026;2026-07-19T22:00:00.000Z;Deutschland – Installation von Einbauküchen – Neubau Gesamtschule Altenessen-Süd, Erbslöhstr. 3, 45326 Essen, Versorgungsküche;Stadt Essen - Immobilienwirtschaft;Essen;;2026-08-18T08:00:00.000Z;45421151;63;https://ted.europa.eu/bg/notice/-/detail/501103-2026
501124-2026;2026-07-19T22:00:00.000Z;Deutschland – Gipskartonarbeiten – KGHS - Trockenbauarbeiten;Landratsamt Reutlingen, 13/2 Facility Management;Reutlingen;;2026-08-17T08:40:00.000Z;45421146;63;https://ted.europa.eu/bg/notice/-/detail/501124-2026
498990-2026;2026-07-19T22:00:00.000Z;"Deutschland – Einbau von Trennwänden – BLB NRW / NL Dortmund / RUB (WE3534); Forschungsbau THINK / Trockenbauarbeiten / 010-23-00127";BLB NRW;Dortmund;2444788.79;;45421141;60;https://ted.europa.eu/bg/notice/-/detail/498990-2026
499022-2026;2026-07-19T22:00:00.000Z;Deutschland – Einbau von Türen – Innentüren;Stadt Fürth;Fürth;112983;;45421131;60;https://ted.europa.eu/bg/notice/-/detail/499022-2026
500978-2026;2026-07-19T22:00:00.000Z;Deutschland – Bauarbeiten – Innentüren - Erweiterungsneubau GS Beethovenstraße;Stadt Delmenhorst;Delmenhorst;0.01;;45421100 45421131;60;https://ted.europa.eu/bg/notice/-/detail/500978-2026
500361-2026;2026-07-19T22:00:00.000Z;Deutschland – Installation von Einbaumöbeln – Tischler Möbel VE 21;Stadt Heide;Heide;3131330;2026-07-27T07:50:00.000Z;45421153 45421150;55;https://ted.europa.eu/bg/notice/-/detail/500361-2026
499175-2026;2026-07-19T22:00:00.000Z;Deutschland – Installateurarbeiten und Verlegung von Abwasserleitungen – Sanitär- und Feuerlöschanlagen_Aufh_Bekannt;Bäder Halle GmbH;Halle (Saale);;;45343220;48;https://ted.europa.eu/bg/notice/-/detail/499175-2026
500521-2026;2026-07-19T22:00:00.000Z;"Deutschland – Metallbauarbeiten – Erw. Gesamtschule Verl; Metallbau- und Verglasungsarbeiten Neubau Innen";Zentrale Vergabestelle der Städte Rietberg, Verl und der Gemeinde Langenberg;Rietberg;;2026-07-23T08:00:00.000Z;45421130;43;https://ted.europa.eu/bg/notice/-/detail/500521-2026
498576-2026;2026-07-19T22:00:00.000Z;Deutschland – Bauleistungen im Hochbau – Jülich - Neubau Brainergy HUB - Brandschutzvorhänge - VE 350;Brainergy Park Jülich GmbH;Jülich;55857;;45343000;40;https://ted.europa.eu/bg/notice/-/detail/498576-2026
500828-2026;2026-07-19T22:00:00.000Z;Deutschland – Bauarbeiten für Brücken, Tunnel, Schächte und Unterführungen – Neubau Historisches Rathaus Gronau - Fenster- und Fassadenarbeiten;Stadt Gronau (Westf.);Gronau;0.01;;45421130 45421132;40;https://ted.europa.eu/bg/notice/-/detail/500828-2026
501058-2026;2026-07-19T22:00:00.000Z;"Deutschland – Bauarbeiten – Stadt Cottbus - OV 96-2026 - KPK Kita ""Pfiffikus"" - Energetische Sanierung und barrierefreie Nutzbarmachung mit Freianlagen - Los G20: Glastrennwand";Stadtverwaltung Cottbus;Cottbus;18597.38;;45421000 45421141 45421152;40;https://ted.europa.eu/bg/notice/-/detail/501058-2026
495163-2026;2026-07-16T22:00:00.000Z;Deutschland – Einbau von Türen und Fenstern sowie Zubehör – Anbau Unesco-Schule, 2. BA - Innentüren + Zargen (Schreinerarbeiten);Stadt Kamp-Lintfort;Kamp-Lintfort;;2026-08-11T07:00:00.000Z;45421100;83;https://ted.europa.eu/bg/notice/-/detail/495163-2026
495736-2026;2026-07-16T22:00:00.000Z;Deutschland – Einbau von Türen und Fenstern sowie Zubehör – Fenster- und Verglasungsarbeiten in den Liegenschaften Rheinstraße 1, 3, 8-50 und Engeroder Straße 28-52 in Salzgitter-Bad;Stadt Salzgitter;Salzgitter;;2026-08-18T07:30:00.000Z;45421100;83;https://ted.europa.eu/bg/notice/-/detail/495736-2026
495997-2026;2026-07-16T22:00:00.000Z;Deutschland – Einbau von Türen und Fenstern sowie Zubehör – Neubau Kita Piesbach - Fenster, Außentüren und Sonnenschutz;Gemeinde Nalbach;Nalbach;;2026-08-18T07:00:00.000Z;45421100;83;https://ted.europa.eu/bg/notice/-/detail/495997-2026
496247-2026;2026-07-16T22:00:00.000Z;Deutschland – Einbau von Türen und Fenstern sowie Zubehör – Fenster- und Fassadenarbeiten - Neubau Physik, Geb. 3335, Hans-Sommer-Straße 10, 38106 Braunschweig;Technische Universität Braunschweig, Geschäftsbereich 3 - Gebäudemanagement;Braunschweig;;2026-08-25T09:00:00.000Z;45421100 45421142;83;https://ted.europa.eu/bg/notice/-/detail/496247-2026
496477-2026;2026-07-16T22:00:00.000Z;Deutschland – Einbau von Türen und Fenstern sowie Zubehör – Schließanlage 1. BA (Los1) und 2. BA (Los2);BUND-Umwelthaus Neustadt gGmbH;Neustadt in Holstein;;2026-08-25T10:00:00.000Z;45421100;83;https://ted.europa.eu/bg/notice/-/detail/496477-2026
497162-2026;2026-07-16T22:00:00.000Z;Deutschland – Einbau von Fenstern – Fenster und Fensterbänke;Stadt Marktheidenfeld;Marktheidenfeld;;2026-08-24T12:15:00.000Z;44221000 45421132 45421112 45421110 45421130 44221100;83;https://ted.europa.eu/bg/notice/-/detail/497162-2026
497548-2026;2026-07-16T22:00:00.000Z;Deutschland – Bauarbeiten für Schulgebäude – 335 BENSZ - Neubau Schulzentrum Bad Endorf - 335-3141-01 Zimmererarbeiten, Holzbau BA2;Markt Bad Endorf;Bad Endorf;;2026-09-16T08:00:00.000Z;45421100 45341000 45343100 45421145;83;https://ted.europa.eu/bg/notice/-/detail/497548-2026
494332-2026;2026-07-16T22:00:00.000Z;Deutschland – Einbau von Türen und Fenstern sowie Zubehör – Kardinal-von-Galen-Schule: Fensterarbeiten - vergebener Auftrag;Stadt Emsdetten;Emsdetten;825048;;45421100 45421130 45421132;80;https://ted.europa.eu/bg/notice/-/detail/494332-2026
495493-2026;2026-07-16T22:00:00.000Z;Deutschland – Bauarbeiten – Montanushauptschule Hückeswagen - Holzbauarbeiten;Schloss-Stadt Hückeswagen;Hückeswagen;2383359.01;;45421100;80;https://ted.europa.eu/bg/notice/-/detail/495493-2026
495932-2026;2026-07-16T22:00:00.000Z;Deutschland – Einbau von Türen – Sanierung/Rückbau Sporthalle, Kopenhagener Straße 5a, 18107 Rostock - Los Los 15 Prallwand + Sporthallentüren;Eigenbetrieb Kommunale Objektbewirtschaftung und -entwicklung der Hanse- und Universitätsstadt Rostock;Rostock;466531.45;;45421100 45421131;80;https://ted.europa.eu/bg/notice/-/detail/495932-2026
496324-2026;2026-07-16T22:00:00.000Z;Deutschland – Bauarbeiten – Brandschutztechnische Sanierung der Grundschule in Heßheim;Verbandsgemeinde Lambsheim-Heßheim;Lambsheim;78695;;45421100;80;https://ted.europa.eu/bg/notice/-/detail/496324-2026
496926-2026;2026-07-16T22:00:00.000Z;Deutschland – Abbrucharbeiten, Baureifmachung und Abräumung – Hallenerweiterung Stadtbahnwerkstatt Döhren - vorbreitende Arbeiten und erweiterte Rohbauarbeiten - Südfassade;ÜSTRA Hannoversche Verkehrsbetriebe Aktiengesellschaft;Hannover;121000;;45223210 45262410;80;https://ted.europa.eu/bg/notice/-/detail/496926-2026
496505-2026;2026-07-16T22:00:00.000Z;Deutschland – Metallbauarbeiten – Erweiterung Grundschulcampus Wildau - Los 09 - Aluminium-Fenster und Außentüren;Stadt Wildau;Wildau;;2026-07-30T08:00:00.000Z;45421100 45421130;68;https://ted.europa.eu/bg/notice/-/detail/496505-2026
497021-2026;2026-07-16T22:00:00.000Z;Deutschland – Installation von Jalousien – Dynamisches Beschaffungssystem über Sonnenschutz-Leistungen im Berliner Stadtgebiet.;Land Berlin – Sondervermögen Immobilien des Landes Berlin (SILB) c/o BIM Berliner Immobilienmanagement GmbH;Berlin;14455872.45;2031-12-31T22:59:00.000Z;45421143 45421142;65;https://ted.europa.eu/bg/notice/-/detail/497021-2026
497442-2026;2026-07-16T22:00:00.000Z;Deutschland – Bauarbeiten für Schulgebäude – Eicheschule, Ober-Ramstadt -Grundhafte energetische Sanierung und Umbau-;Eigenbetrieb Da-Di-Werk, Gebäudemanagement;Darmstadt;11135268.79;2026-08-24T07:00:00.000Z;44221220;65;https://ted.europa.eu/bg/notice/-/detail/497442-2026
494568-2026;2026-07-16T22:00:00.000Z;Deutschland – Installation von Sanitäreinrichtungen – Sanitär, Feuerlöschanlagen 2A;Klinikum Neumarkt - Anstalt des öffentlichen Rechts des Landkreises Neumarkt i.d.OPf.;Neumarkt i.d.OPf.;;2026-09-03T08:00:00.000Z;45343200;63;https://ted.europa.eu/bg/notice/-/detail/494568-2026
495930-2026;2026-07-16T22:00:00.000Z;Deutschland – Bauarbeiten – Rammschutz;Diakoneo KdöR Bau- und Immobilienmanagement;91564;;2026-08-19T11:00:00.000Z;45421140;63;https://ted.europa.eu/bg/notice/-/detail/495930-2026
495980-2026;2026-07-16T22:00:00.000Z;Deutschland – Elektrotechnikinstallation – ELT Brandschottungen;Zweites Deutsches Fernsehen;Mainz;;2026-08-14T09:00:00.000Z;45343100;63;https://ted.europa.eu/bg/notice/-/detail/495980-2026
496415-2026;2026-07-16T22:00:00.000Z;Deutschland – Einbau von Fenstern – Metallbauarbeiten;Landeshauptstadt Hannover - Fachbereich Gebäudemanagement;Hannover;;2026-08-31T08:30:00.000Z;45421132;63;https://ted.europa.eu/bg/notice/-/detail/496415-2026
496447-2026;2026-07-16T22:00:00.000Z;Deutschland – Einbau von Trennwänden – Neubau Freizeitbad - Sportpark Rheinhöhe, Wiesbaden;SEG Stadtentwicklungsgesellschaft Wiesbaden mbH;Wiesbaden;;2026-08-18T08:00:00.000Z;45421141 45421000;63;https://ted.europa.eu/bg/notice/-/detail/496447-2026
496705-2026;2026-07-16T22:00:00.000Z;Deutschland – Installation von Einbaumöbeln – Tischlerarbeiten - Lieferung und Montage fester Einbauten;Amt für Recht, Vergabe und Versicherungen;Köln;;2026-08-20T08:00:00.000Z;45421153;63;https://ted.europa.eu/bg/notice/-/detail/496705-2026
497561-2026;2026-07-16T22:00:00.000Z;Deutschland – Bautischlerarbeiten – Zentrale Grundschule Generalsanierung BT B, Tischler 2 Möbel- und Wandbekleidungen;Stadt Ditzingen;Ditzingen;;2026-09-08T12:40:00.000Z;45421000 45421153 45421140;63;https://ted.europa.eu/bg/notice/-/detail/497561-2026
494707-2026;2026-07-16T22:00:00.000Z;"Deutschland – Einbau von Trennwänden – VOB 17-25O Errichtung eines Berufsschulcampus BA 1; VE 2-3160 Haus II: Mobile Trennwände";Landkreis Vorpommern-Rügen;Stralsund;229583.6;;45421141;60;https://ted.europa.eu/bg/notice/-/detail/494707-2026
495885-2026;2026-07-16T22:00:00.000Z;Deutschland – Bauarbeiten – Sanierung historisches Rathaus - Glaserarbeiten innen;Kupferstadt Stolberg (Rhld.);Stolberg;29432.3;;45421100;60;https://ted.europa.eu/bg/notice/-/detail/495885-2026
496429-2026;2026-07-16T22:00:00.000Z;Deutschland – Gipskartonarbeiten – Mittelberg-Grundschule Generalsanierung mit Erweiterungsbau: Trockenbauarbeiten;Stadt Biberach an der Riss;Biberach an der Riss;114075.9;;45421146 45421130;60;https://ted.europa.eu/bg/notice/-/detail/496429-2026
497270-2026;2026-07-16T22:00:00.000Z;Deutschland – Bautischlerarbeiten – Schreinerarbeiten III - Verkleidung Fassadenlüftungsgeräte;Stadt Ingolstadt;Ingolstadt;88640.55;;45421000 45421140 45421150;60;https://ted.europa.eu/bg/notice/-/detail/497270-2026
496686-2026;2026-07-16T22:00:00.000Z;Deutschland – Elektroinstallationsarbeiten – Sanierung Zentraltower Geb. 634;Staatliches Bauamt Ingolstadt;Ingolstadt;;;45343230;48;https://ted.europa.eu/bg/notice/-/detail/496686-2026
493762-2026;2026-07-15T22:00:00.000Z;Deutschland – Bauarbeiten für Schwimmbäder – Bundesstadt Bonn, Hardtbergbad - Edelstahlbecken BA2 (4066);Bundesstadt Bonn - Referat Vergabedienste;Bonn;;2026-08-20T07:00:00.000Z;45223210;83;https://ted.europa.eu/bg/notice/-/detail/493762-2026
491065-2026;2026-07-15T22:00:00.000Z;Deutschland – Bauleistungen im Hochbau – Schlosserarbeiten;Zweckverband Thermalsolbad Bad Staffelstein;Bad Staffelstein;144181;;45223210;80;https://ted.europa.eu/bg/notice/-/detail/491065-2026
492108-2026;2026-07-15T22:00:00.000Z;Deutschland – Bauarbeiten – VE16_Tischlerarbeiten (Innentüren)_Generalsanierung Grundschule Rain;Stadt Rain für Schulverband Rain (Grundschule);Rain;241852;;45421100;80;https://ted.europa.eu/bg/notice/-/detail/492108-2026
491427-2026;2026-07-15T22:00:00.000Z;Deutschland – Einbau von Türen und Fenstern – Rückversetzung: Neubau FWGH-Bracht - Alu- und Kunststofffenster;Burggemeinde Brüggen;Brüggen;;;44221000 45421130 44221100 44221220;68;https://ted.europa.eu/bg/notice/-/detail/491427-2026
493470-2026;2026-07-15T22:00:00.000Z;Deutschland – Bauarbeiten – Bauarbeiten;Robert Bosch Krankenhaus GmbH;Stuttgart;;;45421100 45343200 44221220;68;https://ted.europa.eu/bg/notice/-/detail/493470-2026
490817-2026;2026-07-15T22:00:00.000Z;Deutschland – Installation von Sprinkleranlagen – Sprinkler Löschwasser;Klinikum der Landeshauptstadt Stuttgart gKAöR;Stuttgart;;2026-08-17T08:00:00.000Z;45343230;63;https://ted.europa.eu/bg/notice/-/detail/490817-2026
490824-2026;2026-07-15T22:00:00.000Z;Deutschland – Brandschutzarbeiten – Schloss Sondershausen, Instandsetzung Alter Nordflügel, Turm, Ost- und Südflügel - Los 07 Brandschutz-Türen (Vorgezogene Maßnahme);Stiftung Thüringer Schlösser und Gärten;Rudolstadt;;2026-08-19T08:00:00.000Z;45343100;63;https://ted.europa.eu/bg/notice/-/detail/490824-2026
490880-2026;2026-07-15T22:00:00.000Z;Deutschland – Installation von Einbauküchen – Neubau Michaelisschule /Industrieküche;Stadt Georgsmarienhütte;Georgsmarienhütte;;2026-08-17T07:00:00.000Z;45421151;63;https://ted.europa.eu/bg/notice/-/detail/490880-2026
490924-2026;2026-07-15T22:00:00.000Z;Deutschland – Gipskartonarbeiten – Trockenbauarbeiten;Handwerkskammer Ostwestfalen-Lippe zu Bielefeld;Bielefeld;;2026-08-14T21:59:00.000Z;45421146 45421141 45421152;63;https://ted.europa.eu/bg/notice/-/detail/490924-2026
491886-2026;2026-07-15T22:00:00.000Z;Deutschland – Installation von Zentralheizungen – Heizung-Kälte;Deutsches Krebsforschungszentrum Heidelberg;Heidelberg;;2026-09-09T08:00:00.000Z;45343100;63;https://ted.europa.eu/bg/notice/-/detail/491886-2026
492670-2026;2026-07-15T22:00:00.000Z;Deutschland – Fassadenarbeiten – Mauerarbeiten-Fassadensanierung;Land Berlin – Sondervermögen Immobilien des Landes Berlin (SILB) c/o BIM Berliner Immobilienmanagement GmbH;Berlin;;2026-08-18T06:50:00.000Z;44221100;63;https://ted.europa.eu/bg/notice/-/detail/492670-2026
493318-2026;2026-07-15T22:00:00.000Z;Deutschland – Einbau von Trennwänden – Trockenbauarbeiten, JVA Bremen, 1.BA Haus 2_MB;Immobilien Bremen - Eigenbetrieb der Stadtgemeinde Bremen;Bremen;;2026-08-17T08:30:00.000Z;45421141 45421152 45421146;63;https://ted.europa.eu/bg/notice/-/detail/493318-2026
493999-2026;2026-07-15T22:00:00.000Z;Deutschland – Ausrüstung für Sicherheitszwecke, Brandbekämpfung, Polizei und Verteidigung – Umbau Brandsimulationsanlage;Landeshauptstadt Düsseldorf, Der Oberbürgermeister, Amt für Recht, Vergabe und Versicherungen, Zentrale Vergabestelle;Düsseldorf;;2026-08-17T08:00:00.000Z;45343100;63;https://ted.europa.eu/bg/notice/-/detail/493999-2026
494004-2026;2026-07-15T22:00:00.000Z;Deutschland – Zimmer- und Tischlerarbeiten – KGHS - Tischlerarbeiten-Einbauschränke;Landratsamt Reutlingen, 13/2 Facility Management;Reutlingen;;2026-08-17T08:20:00.000Z;45421153;63;https://ted.europa.eu/bg/notice/-/detail/494004-2026
494006-2026;2026-07-15T22:00:00.000Z;Deutschland – Installation von Einbaumöbeln – Tischler Patientenzimmer;Klinikverbund Südwest gGmbH im Namen und auf Rechnung für den Eigenbetrieb Gebäudemanagement des Landkreises Böblingen;Böblingen;;2026-08-14T08:00:00.000Z;45421153;63;https://ted.europa.eu/bg/notice/-/detail/494006-2026
490662-2026;2026-07-15T22:00:00.000Z;Deutschland – Bauarbeiten – VE17_Tischlerarbeiten (Abhangdecke)_Generalsanierung Grundschule Rain;Stadt Rain für Schulverband Rain (Grundschule);Rain;834239.24;;45421146;60;https://ted.europa.eu/bg/notice/-/detail/490662-2026
491040-2026;2026-07-15T22:00:00.000Z;Deutschland – Zimmer- und Tischlerarbeiten – Los 318 Tischlerarbeiten - Erweiterungsbau Graphische Sammlungen;Klassik Stiftung Weimar Stiftung des öffentlichen Rechts;Weimar;177110;;45421153;60;https://ted.europa.eu/bg/notice/-/detail/491040-2026
491804-2026;2026-07-15T22:00:00.000Z;Deutschland – Einbau von Türen – Berufliche Schule Dienstleistung und Gewerbe, HInrichsdorfer Str. 7, 18146 Rostock - Los 305 Tischlerarbeiten Innentüren;Eigenbetrieb Kommunale Objektbewirtschaftung und -entwicklung der Hanse- und Universitätsstadt Rostock;Rostock;126174.41;;45421131;60;https://ted.europa.eu/bg/notice/-/detail/491804-2026
493133-2026;2026-07-15T22:00:00.000Z;Deutschland – Bautischlerarbeiten – NSW_314b_Tischlerarbeiten;Marzona Stiftung Neue Saalecker Werkstätten;Naumburg OT Saaleck;87490;;45421000 45421131;60;https://ted.europa.eu/bg/notice/-/detail/493133-2026
493402-2026;2026-07-15T22:00:00.000Z;Deutschland – Einbau von Türen und Fenstern sowie Zubehör – Fenster und Türen;Staatliches Bau- und Liegenschaftsamt Greifswald;Greifswald;970;;45421100;60;https://ted.europa.eu/bg/notice/-/detail/493402-2026
493475-2026;2026-07-15T22:00:00.000Z;Deutschland – Einbau von abgehängten Decken – Streckmetalldecke und Akustikmaßnahmen;IHK für Oberfranken Bayreuth;Bayreuth;221900.33;;45421146;60;https://ted.europa.eu/bg/notice/-/detail/493475-2026
490684-2026;2026-07-15T22:00:00.000Z;Deutschland – Einbau von Toren – Neubau Hauptamtl. Feuer- und Rettungswache Lüdenscheid - VE 309 - Sektionaltore;Stadt Lüdenscheid;Lüdenscheid;;2026-08-03T10:00:00.000Z;45421148 44221300;48;https://ted.europa.eu/bg/notice/-/detail/490684-2026
493263-2026;2026-07-15T22:00:00.000Z;Deutschland – Einbau von Türen und Fenstern – Umbau EG in IMC Turm 2 - Metall-Glas-Türen;BG Kliniken Ludwigshafen und Tübingen gGmbH;Ludwigshafen;;2026-07-31T10:00:00.000Z;45421130 45421110;48;https://ted.europa.eu/bg/notice/-/detail/493263-2026
491521-2026;2026-07-15T22:00:00.000Z;Deutschland – Einbau von Türen – Neubau des Mobilitätszentrums UrbanLand (MZL) Holzinnentüren;Technische Hochschule Ostwestfalen-Lippe;Lemgo;58129.98;;45421131 44221200;40;https://ted.europa.eu/bg/notice/-/detail/491521-2026
487837-2026;2026-07-14T22:00:00.000Z;Deutschland – Einbau von Türen und Fenstern sowie Zubehör – ZV - Litzendorf - Revitalisierung des Areals ehem. Brauerei und Gaststätte Winkler in Melkendorf - Fenster und Fassade BR;Gemeinde Litzendorf;Coburg;;2026-08-14T07:00:00.000Z;45421100;83;https://ted.europa.eu/bg/notice/-/detail/487837-2026
488379-2026;2026-07-14T22:00:00.000Z;Deutschland – Einbau von Türen und Fenstern sowie Zubehör – Tischler 5 Sondertüren;Struktur-Förderung Braunschweig GmbH;Braunschweig;;2026-08-07T10:00:00.000Z;45421100;68;https://ted.europa.eu/bg/notice/-/detail/488379-2026
490076-2026;2026-07-14T22:00:00.000Z;Deutschland – Fassadenarbeiten – SFA REKiZ - Kunststofffenster;St. Franziskus-Hospital Ahlen GmbH;Ahlen;;2026-08-14T10:00:00.000Z;45421100;83;https://ted.europa.eu/bg/notice/-/detail/490076-2026
488757-2026;2026-07-14T22:00:00.000Z;Deutschland – Bauarbeiten – Brandschutzsanierung, Sanierung schadhafter und veralteteter Bausubstanz und energetische Sanierung Volksgartenstraße 71-75, 41065 Mönchengladbach - Stahlbauarbeiten;Stadt Mönchengladbach;Mönchengladbach;251167.5;;45223210;80;https://ted.europa.eu/bg/notice/-/detail/488757-2026
489891-2026;2026-07-14T22:00:00.000Z;Deutschland – Bauarbeiten – Kloster Gransee - Ort für Kultur und Bildung, Metall-Glas-Arbeiten II;Amt Gransee und Gemeinden, Fachbereich I;Gransee;359719;;45421100 45421132;80;https://ted.europa.eu/bg/notice/-/detail/489891-2026
489986-2026;2026-07-14T22:00:00.000Z;Deutschland – Einbau von Türen und Fenstern sowie Zubehör – Amtsgericht Zwickau, bedarfsgerechte Unterbringung;Staatsbetrieb Sächsisches Immobilien- und Baumanagement, Zentrale, Zentralstelle Vergabe- und Vertragsmanagement;Dresden;695328.58;;45421100;80;https://ted.europa.eu/bg/notice/-/detail/489986-2026
490073-2026;2026-07-14T22:00:00.000Z;Deutschland – Bauarbeiten für Stahlkonstruktionen – Harksheider Straße 70 - Schlosser;SBH | Schulbau Hamburg;Hamburg;115369;;45223210 45341000;80;https://ted.europa.eu/bg/notice/-/detail/490073-2026
488293-2026;2026-07-14T22:00:00.000Z;Deutschland – Einbau von Türen – Neubau Feuerwehr-Technisches-Zentrum in 15344 Strausberg, Los 13.1 - Innentüren Holz / Stahl;Landkreis Märkisch-Oderland / Amt für Digitalisierung, Organisation und Personal;Seelow;;;45421100 45421131 45421110 45421130;68;https://ted.europa.eu/bg/notice/-/detail/488293-2026
488886-2026;2026-07-14T22:00:00.000Z;Deutschland – Bautischlerarbeiten – Innentüren und Verglasungsarbeiten Neues Palais;Stiftung Preußische Schlösser und Gärten Berlin-Brandenburg;Potsdam;;;45421100 45421000;68;https://ted.europa.eu/bg/notice/-/detail/488886-2026
489092-2026;2026-07-14T22:00:00.000Z;Deutschland – Bauarbeiten für Stahlkonstruktionen – Mittelpunktgrundschule Hungen - Schlosserarbeiten, außen;Landkreis Gießen - Der Kreisausschuss -;Gießen;;;45223210;68;https://ted.europa.eu/bg/notice/-/detail/489092-2026
489485-2026;2026-07-14T22:00:00.000Z;Deutschland – Einbau von Türen und Fenstern sowie Zubehör – 0057 - Klinikum Memmingen, Neubau Klinikum - Stahl-Glas-Türen;Klinikum Memmingen AöR;Memmingen;;2026-07-31T09:00:00.000Z;45421100;68;https://ted.europa.eu/bg/notice/-/detail/489485-2026
487269-2026;2026-07-14T22:00:00.000Z;Deutschland – Einbau von Türen – Innentüren und Zargen;Klinikum Gütersloh gemeinnützige GmbH;Gütersloh;;2026-08-14T10:00:00.000Z;45421131;63;https://ted.europa.eu/bg/notice/-/detail/487269-2026
487860-2026;2026-07-14T22:00:00.000Z;Deutschland – Einbau von Türen und Fenstern – Bau 10.40 - Generalsanierung botanisches Institut - Holzfenster- und Rollladenarbeiten;Karlsruher Institut für Technologie;Eggenstein-Leopoldshafen;;2026-08-25T08:00:00.000Z;45421130;63;https://ted.europa.eu/bg/notice/-/detail/487860-2026
488598-2026;2026-07-14T22:00:00.000Z;Deutschland – Installation von Feuerlöschanlagen – Feuerlösch-Sprinkler;Deutsches Krebsforschungszentrum Heidelberg;Heidelberg;;2026-09-08T08:00:00.000Z;45343200 45343220 45343230;63;https://ted.europa.eu/bg/notice/-/detail/488598-2026
489223-2026;2026-07-14T22:00:00.000Z;Deutschland – Bautischlerarbeiten – Rebstockbad Frankfurt;BäderBetriebe Frankfurt GmbH;Frankfurt;;2026-08-18T08:30:00.000Z;45421000 45421150;63;https://ted.europa.eu/bg/notice/-/detail/489223-2026
489796-2026;2026-07-14T22:00:00.000Z;Deutschland – Einbau von Trennwänden – Systemglaswände Neubau Grundschule Vogelrutherfeld in Kerpen-Sindorf;Kolpingstadt Kerpen;Kerpen;;2026-08-13T08:00:00.000Z;45421141 45421152;63;https://ted.europa.eu/bg/notice/-/detail/489796-2026
490220-2026;2026-07-14T22:00:00.000Z;Deutschland – Einbau von Türen – Brandschutzelemente;Stadt Bogen;Bogen;;2026-09-03T08:00:00.000Z;45421131;63;https://ted.europa.eu/bg/notice/-/detail/490220-2026
487470-2026;2026-07-14T22:00:00.000Z;"Deutschland – Bautischlerei-Einbauarbeiten ohne Metall – Neubau Kita ""Spatzennest"" in Großräschen - Los 17: Tischlerarbeiten - Einbaumöbel";Stadt Großräschen;Großräschen;242267.04;;45421150 45421153;60;https://ted.europa.eu/bg/notice/-/detail/487470-2026
487601-2026;2026-07-14T22:00:00.000Z;Deutschland – Installation von Feuerlöschanlagen – Neubau IfL - Feuerlöschanlagen;Leibniz-Institut für Länderkunde e.V.;Leipzig;779743.28;;45343200;60;https://ted.europa.eu/bg/notice/-/detail/487601-2026
488653-2026;2026-07-14T22:00:00.000Z;Deutschland – Bauarbeiten – Neubau Rebstockbad Frankfurt am Main;BäderBetriebe Frankfurt GmbH;Frankfurt;118137;;44221200 45421131 44221210 45421146;60;https://ted.europa.eu/bg/notice/-/detail/488653-2026
488760-2026;2026-07-14T22:00:00.000Z;Deutschland – Bauarbeiten – Neubau IBF München (VE5300HI) - Bauleistung inkl. Planung;DB Netz AG (Bukr 16);Frankfurt Main;0;;45223210;60;https://ted.europa.eu/bg/notice/-/detail/488760-2026
489712-2026;2026-07-14T22:00:00.000Z;Deutschland – Einbau von Trennwänden – Trockenbau- u. Tischlerarbeiten, Holz-Innentüren - Neubau CPC, Geb. 9997, Hermann-Blenk-Straße, 38108 Braunschweig;Technische Universität Braunschweig, Geschäftsbereich 3 - Gebäudemanagement;Braunschweig;999308.09;;45421141 45421146 45421131;60;https://ted.europa.eu/bg/notice/-/detail/489712-2026
490228-2026;2026-07-14T22:00:00.000Z;Deutschland – Brandschutz-Installationsarbeiten – ILV, Schloss-Schule, SBBZ, Umstellung Heizwerk (N) Dämmung und Brandschutzarbeiten an technischen Anlagen;Vermögen und Bau Baden-Württemberg, Amt Mannheim und Heidelberg Dienstsitz Mannheim;Mannheim;102115.36;;45343000;60;https://ted.europa.eu/bg/notice/-/detail/490228-2026
488100-2026;2026-07-14T22:00:00.000Z;"Deutschland – Bautischlerarbeiten – 2270 Johann-von-Nassau-Schule Dillenburg; Grundhafte Sanierung Schulgebäude; Schreinerarbeiten BA2";Kreisausschuss des Lahn-Dill-Kreises, 12.4 Zentrale Vergabe- und Submissionsstelle;Wetzlar;;;45421000 45421132;48;https://ted.europa.eu/bg/notice/-/detail/488100-2026
488357-2026;2026-07-14T22:00:00.000Z;Deutschland – Bau von Grundschulen – SEP Grundschule Gerberstraße - Metallbauarbeiten;Stadt Solingen;Solingen;;2026-08-06T08:00:00.000Z;45421130 45421145;48;https://ted.europa.eu/bg/notice/-/detail/488357-2026
489921-2026;2026-07-14T22:00:00.000Z;Deutschland – Bautischlerarbeiten – Zentrale Grunschule Generalsanierung BT B, Tischlerarbeiten Innentüren;Stadt Ditzingen;Ditzingen;;;45421000 45421131;48;https://ted.europa.eu/bg/notice/-/detail/489921-2026
489767-2026;2026-07-14T22:00:00.000Z;Deutschland – Einbau von Türen – Schlosserarbeiten Türen 70-00231-2530-319 - PR1226163-2530-B;Fraunhofer-Gesellschaft zur Förderung der angewandten Forschung e.V. - Einkauf B12 - Vergabestelle Bau;München;;2026-07-21T09:00:00.000Z;45421131 44221200;43;https://ted.europa.eu/bg/notice/-/detail/489767-2026
488066-2026;2026-07-14T22:00:00.000Z;Deutschland – Installation von Einbauküchen – Kücheneinrichtung, Lieferung und Montage für die Erweiterung der Grundschule NIedervellmar mit Neubau Sporthalle;Landkreis Kassel - Der Kreisausschuss -;Kassel;0.01;;45421151;40;https://ted.europa.eu/bg/notice/-/detail/488066-2026
489365-2026;2026-07-14T22:00:00.000Z;Deutschland – Reparatur und Wartung von elektrischen und mechanischen Einrichtungen in Gebäuden – Services für Türen und Tore;Landratsamt München - Zentrale Vergabestelle und Einkauf;München;0;;44221220 44221200 44221230 44221300;40;https://ted.europa.eu/bg/notice/-/detail/489365-2026
483983-2026;2026-07-13T22:00:00.000Z;Deutschland – Parlamentsgebäude und öffentliche Versammlungssäle – Sächsische Staatskanzlei, K8 Maßnahmen, LED-Beleuchtung, Elt-Maßnahmen;Staatsbetrieb Sächsisches Immobilien- und Baumanagement, Zentrale, Zentralstelle Vergabe- und Vertragsmanagement;Dresden;;2026-08-14T07:00:00.000Z;45421100;83;https://ted.europa.eu/bg/notice/-/detail/483983-2026
486633-2026;2026-07-13T22:00:00.000Z;Deutschland – Einbau von Türen und Fenstern sowie Zubehör – Fenster und Außentüren SFZ Bonbruck;Landratsamt Landshut Kreiseigener Hochbau;Essenbach;;2026-08-10T08:00:00.000Z;45421100;83;https://ted.europa.eu/bg/notice/-/detail/486633-2026
486819-2026;2026-07-13T22:00:00.000Z;Deutschland – Bauarbeiten – PSA Profischule Campus - Haus A - Dacharbeiten;Gemeinde Ascheberg;Aschberg;;2026-08-13T10:00:00.000Z;45421100 45421140;83;https://ted.europa.eu/bg/notice/-/detail/486819-2026
485649-2026;2026-07-13T22:00:00.000Z;Deutschland – Bauarbeiten für Stahlkonstruktionen – SEP GS Schützenstraße - Sanierung und Erweiterung - Schlosser- u. Stahlbauarbeiten;Stadt Solingen;Solingen;172734.31;;45223210 45421160;80;https://ted.europa.eu/bg/notice/-/detail/485649-2026
486291-2026;2026-07-13T22:00:00.000Z;Deutschland – Bauarbeiten – Erweiterung Andreasschule, Von-Einem-Str. 56, 45130 Essen_außenliegender Sonnenschutz BT A+B;Stadt Essen - Immobilienwirtschaft;Essen;111018;;45421100;80;https://ted.europa.eu/bg/notice/-/detail/486291-2026
484155-2026;2026-07-13T22:00:00.000Z;Deutschland – Einbau von Türen und Fenstern sowie Zubehör – Stadt Dinklage: Sanierung Freibad - Fenster-, Alu-Sonnenschutz- u. Schlosserarbeiten;Landkreis Vechta;Vechta;;2026-08-06T08:00:00.000Z;45421100;68;https://ted.europa.eu/bg/notice/-/detail/484155-2026
484537-2026;2026-07-13T22:00:00.000Z;Deutschland – Bau von Konstruktionen und baulichen Anlagen – Nationales Hockey-Trainingszentrum Kaltlufthalle - Hallenbauwerk - VE3-03;EWMG – Entwicklungsgesellschaft der Stadt Mönchengladbach mbH;Mönchengladbach;;2026-08-03T09:00:00.000Z;45223210;68;https://ted.europa.eu/bg/notice/-/detail/484537-2026
485492-2026;2026-07-13T22:00:00.000Z;"Deutschland – Metallbauarbeiten – Landkreis Ludwigslust-Parchim - Gymnasiales Schulzentrum ""Fritz Reuter"", 2. BA - Modernisierung Haus 3, Los 231 Metallbau- und Verglasungsarbeiten, 19303 Dömitz";Landkreis Ludwigslust-Parchim - Der Landrat;Parchim;;;45421100;68;https://ted.europa.eu/bg/notice/-/detail/485492-2026
483982-2026;2026-07-13T22:00:00.000Z;Deutschland – Einbau von Fenstern – Neubau 6 Klassen-Pavillon und Aula, Schule an der Treene SV Friedrichstadt - Kunststofffenster;Amt Nordsee-Treene;Mildstedt;;2026-08-13T07:00:00.000Z;45421132;63;https://ted.europa.eu/bg/notice/-/detail/483982-2026
484181-2026;2026-07-13T22:00:00.000Z;Deutschland – Bauarbeiten – Generalsanierung Kreiskrankenhaus Heppenheim - Brandmeldeanlage BTG;Kreiskrankenhaus Bergstraße GmbH eine Einrichtung des Universitätsklinikums Heidelberg;Heppenheim;;2026-08-12T08:00:00.000Z;45343000;63;https://ted.europa.eu/bg/notice/-/detail/484181-2026
485086-2026;2026-07-13T22:00:00.000Z;Deutschland – Einbau von Türen – Gewerbezentrum Alanbrooke Paderborn mit dem Schwerpunkt Kreativwirtschaft;Alanbrooke Block 4 UG (haftungsbeschränkt);Paderborn;;2026-08-11T08:00:00.000Z;45421131 44221211 44221200 45421111;63;https://ted.europa.eu/bg/notice/-/detail/485086-2026
485459-2026;2026-07-13T22:00:00.000Z;Deutschland – Einbau von Trennwänden – Neubau einer Kindertagesstätte im Stadtgebiet Sandersdorf- Brehna, OT Roitzsch - Los 19 mobile Trennwand;Stadt Sandersdorf-Brehna;Sandersdorf-Brehna;;2026-08-13T11:00:00.000Z;45421141 45421152;63;https://ted.europa.eu/bg/notice/-/detail/485459-2026
486189-2026;2026-07-13T22:00:00.000Z;Deutschland – Einbau von Fenstern – Fensterarbeiten;STADT UND LAND Wohnbauten-Gesellschaft mbH;Berlin;;2026-08-17T08:00:00.000Z;45421132;63;https://ted.europa.eu/bg/notice/-/detail/486189-2026
486237-2026;2026-07-13T22:00:00.000Z;Deutschland – Bauarbeiten – Trockenbauarbeiten - Glückaufschule Ückendorf (GGS), Stephanstraße 14, 45886 Gelsenkirchen;Stadt Gelsenkirchen;Gelsenkirchen;;2026-08-13T08:00:00.000Z;45421146;63;https://ted.europa.eu/bg/notice/-/detail/486237-2026
486401-2026;2026-07-13T22:00:00.000Z;Deutschland – Einbau von Fenstern – erweiterte Bauhauptarbeiten;STADT UND LAND Wohnbauten-Gesellschaft mbH;Berlin;;2026-08-17T08:00:00.000Z;45421132;63;https://ted.europa.eu/bg/notice/-/detail/486401-2026
486759-2026;2026-07-13T22:00:00.000Z;Deutschland – Bauarbeiten – Neubau Rettungswache Olvenstedt und Neubau Wohngruppe Olvenstedt, Birkenallee 41/43, 39130 Magdeburg - LOS 3.12-1 Sektionaltore;Landeshauptstadt Magdeburg, Die Oberbürgermeisterin;Magdeburg;;2026-08-20T06:59:00.000Z;44221300;63;https://ted.europa.eu/bg/notice/-/detail/486759-2026
485109-2026;2026-07-13T22:00:00.000Z;Deutschland – Einbau von Türen und Fenstern – Fenster, Außentüren und Sonnenschutz | Köstlinschule;Universitätsstadt Tübingen - Zentrale Vergabestelle;Tübingen;816491;;45421130;60;https://ted.europa.eu/bg/notice/-/detail/485109-2026
485378-2026;2026-07-13T22:00:00.000Z;"Deutschland – Installateurarbeiten und Verlegung von Abwasserleitungen – Neubau Kriminalpolizeidirektion und Polizeirevier Calw Sanitär-, Abwasser-, Wasseranlagen; Feuerlöschanlagen; DIN 18381";Vermögen und Bau Baden-Württemberg, Amt Pforzheim;Pforzheim;436633.35;;45343200;60;https://ted.europa.eu/bg/notice/-/detail/485378-2026
485560-2026;2026-07-13T22:00:00.000Z;Deutschland – Bauarbeiten – Elektro- und Nachrichtentechnik - Erweiterung G8/G9 am Schillergymnasium - Bauteil Finkenstraße;Stadt Münster - Zentrale Rechtsdienstleistungen und Vergabemanagement;Münster;322350.51;;45343000 45343100;60;https://ted.europa.eu/bg/notice/-/detail/485560-2026
480051-2026;2026-07-12T22:00:00.000Z;Deutschland – Installation von Zäunen, Geländern und Sicherheitseinrichtungen – ESTRAL Paket 1 - Los 2 Anlagensicherungszaun;EWN Entsorgungswerk für Nuklearanlagen GmbH;Rubenow;1764000;2026-09-09T08:00:00.000Z;45340000 45342000;95;https://ted.europa.eu/bg/notice/-/detail/480051-2026
479927-2026;2026-07-12T22:00:00.000Z;Deutschland – Bauarbeiten – 2026-0421 Erneuerung Sperrtor am Marientor - Beton-, Stahlbeton und Stahlwasserbauarbeiten sowie EMSR-Technik;Wirtschaftsbetriebe Duisburg - AöR, im Namen und für Rechnung der Stadt Duisburg;Duisburg;;2026-08-11T08:00:00.000Z;45223210;83;https://ted.europa.eu/bg/notice/-/detail/479927-2026
480139-2026;2026-07-12T22:00:00.000Z;Deutschland – Bautischlerarbeiten – Rebstockbad Frankfurt;BäderBetriebe Frankfurt GmbH;Frankfurt;;2026-08-18T08:00:00.000Z;45421100 45421160 45421000 45421131 45421130 45421146;83;https://ted.europa.eu/bg/notice/-/detail/480139-2026
480787-2026;2026-07-12T22:00:00.000Z;Deutschland – Bauarbeiten für Stahlkonstruktionen – Stahlbauarbeiten BA 2;Vergabestelle Landeshauptstadt Stuttgart;Stuttgart;;2026-08-12T09:30:00.000Z;45223210;83;https://ted.europa.eu/bg/notice/-/detail/480787-2026
480908-2026;2026-07-12T22:00:00.000Z;Deutschland – Bauarbeiten für Universitätsgebäude – RPTU KL-Landau, Modernisierung Küche, Erweiterung Spülküche, Schreinerarbeiten;Land Rheinland-Pfalz, vertreten durch das Ministerium der Finanzen, vertreten durch den Landesbetrieb Liegenschafts- und Baubetreuung Niederlassung Landau, vertreten durch die Niederlassungsleitung;Landau;;2026-08-18T09:00:00.000Z;45421100;83;https://ted.europa.eu/bg/notice/-/detail/480908-2026
480041-2026;2026-07-12T22:00:00.000Z;Deutschland – Einbau von Türen und Fenstern sowie Zubehör – KGHS - Fenster und Jalousien;Landratsamt Reutlingen, 13/2 Gebäudemanagement;Reutlingen;190279;;45421100;80;https://ted.europa.eu/bg/notice/-/detail/480041-2026
481463-2026;2026-07-12T22:00:00.000Z;Deutschland – Einbau von Türen und Fenstern sowie Zubehör – Neubau Rathaus Herzebrock-Clarholz - 05 Gewerk Fenster und Sonnenschutz;Herzebrock-Clarholz;Herzebrock-Clarholz;1000000;2026-08-04T08:00:00.000Z;45421100;80;https://ted.europa.eu/bg/notice/-/detail/481463-2026
482551-2026;2026-07-12T22:00:00.000Z;Deutschland – Einbau von Türen und Fenstern sowie Zubehör – Neubau eines Fachraumtraktes für die BBS Papenburg: Metallbau- & Verglasungsarbeiten;Landkreis Emsland;Meppen;87568;;45421100 45421130;80;https://ted.europa.eu/bg/notice/-/detail/482551-2026
483623-2026;2026-07-12T22:00:00.000Z;Deutschland – Einbau von Türen und Fenstern sowie Zubehör – Holz-Alufenster;Kreisausschuss Main-Taunus-Kreis, Hochbau- und Liegenschaftsamt;Hofheim am Taunus;268887;;45421100;80;https://ted.europa.eu/bg/notice/-/detail/483623-2026
482935-2026;2026-07-12T22:00:00.000Z;Deutschland – Metallbauarbeiten – Neubau Kita Habsburger Straße - Metallbau, Verglasung, Sonnenschutz;Stadt Pforzheim - Zentrale Vergabestelle;Pforzheim;;;45421100;68;https://ted.europa.eu/bg/notice/-/detail/482935-2026
482426-2026;2026-07-12T22:00:00.000Z;Deutschland – Installation von Einbaumöbeln – Bahrenfelder Straße 260 - Tischler Einbaumöbel;SBH | Schulbau Hamburg;Hamburg;40054000;2026-08-12T08:00:00.000Z;45421153;65;https://ted.europa.eu/bg/notice/-/detail/482426-2026
480796-2026;2026-07-12T22:00:00.000Z;Deutschland – Bauarbeiten für Wasser- und Abwasserrohrleitungen – ZFB - Neubau eines Zentrums für Feuerwehrwesen und Bevölkerungsschutz;Kreisverwaltung Dithmarschen - Der Landrat -;Heide;;2026-08-11T09:00:00.000Z;45343200;63;https://ted.europa.eu/bg/notice/-/detail/480796-2026
481665-2026;2026-07-12T22:00:00.000Z;Deutschland – Gipskartonarbeiten – Generalsanierung Litzelhardthalle;Stadtverwaltung Radolfzell am Bodensee;Radolfzell;;2026-08-14T08:00:00.000Z;45421146;63;https://ted.europa.eu/bg/notice/-/detail/481665-2026
481887-2026;2026-07-12T22:00:00.000Z;Deutschland – Bauleistungen im Hochbau – Tischler III, Leitstellentische;Staatliches Bau- und Liegenschaftsamt Neubrandenburg;Neubrandenburg;;2026-08-13T21:59:00.000Z;45421153;63;https://ted.europa.eu/bg/notice/-/detail/481887-2026
482313-2026;2026-07-12T22:00:00.000Z;Deutschland – Metallbauarbeiten – Vilbeler Straße 38, Feuerwehrhaus Ober-Erlenbach - Schlosserarbeiten;Stadt Bad Homburg v. d. Höhe - Der Magistrat, Fachbereich Recht - Vergabestelle -;Bad Homburg v. d. Höhe;;2026-08-11T10:00:00.000Z;45341000;63;https://ted.europa.eu/bg/notice/-/detail/482313-2026
482362-2026;2026-07-12T22:00:00.000Z;Deutschland – Gipskartonarbeiten – STAW50 - Neubau Feuerwehrhaus Gilching - 390 - Innenausbau;Gemeinde Gilching;Gilching;;2026-08-10T07:50:00.000Z;45421141 45421152;63;https://ted.europa.eu/bg/notice/-/detail/482362-2026
482737-2026;2026-07-12T22:00:00.000Z;Deutschland – Metallbauarbeiten – Neubau Verkehrsleitzentrale und Umbau FIT, Metallbau, Fenster, Außentüren, Rollladenbau, Verglasungsarbeiten;Die Autobahn GmbH des Bundes - NL Südwest;Stuttgart;;2026-08-11T12:30:00.000Z;44221100 45421132 44221200 45421130;63;https://ted.europa.eu/bg/notice/-/detail/482737-2026
482739-2026;2026-07-12T22:00:00.000Z;Deutschland – Bautischlerei-Einbauarbeiten – 327 Innentüren und Brandschutztüren;Markt Schwarzenfeld;Schwarzenfeld;;2026-08-11T08:00:00.000Z;45421111 45421131;63;https://ted.europa.eu/bg/notice/-/detail/482739-2026
483129-2026;2026-07-12T22:00:00.000Z;Deutschland – Metallbauarbeiten – Metallbau_Fenster_Außentüren;Sprinkenhof GmbH;Hamburg;;2026-07-24T10:00:00.000Z;45421100;63;https://ted.europa.eu/bg/notice/-/detail/483129-2026
483606-2026;2026-07-12T22:00:00.000Z;Deutschland – Metallbauarbeiten – Grundschule Hogenkamp, Erweiterung, Schlosserarbeiten;Stadt Oldenburg (Oldb);Oldenburg;;2026-08-10T08:30:00.000Z;45341000;63;https://ted.europa.eu/bg/notice/-/detail/483606-2026
481301-2026;2026-07-12T22:00:00.000Z;Deutschland – Metallbauarbeiten – Metallbauarbeiten, Innentüren;Landeshauptstadt München, Baureferat;München;257778;;45421131 44221200;60;https://ted.europa.eu/bg/notice/-/detail/481301-2026
481418-2026;2026-07-12T22:00:00.000Z;"Deutschland – Gipskartonarbeiten – VOB 17-25O Errichtung eines Berufsschulcampus BA 1; VE 2-3120 Haus II Trockenbauarbeiten";Landkreis Vorpommern-Rügen;Stralsund;761117.47;;45421146;60;https://ted.europa.eu/bg/notice/-/detail/481418-2026
482831-2026;2026-07-12T22:00:00.000Z;Deutschland – Brandschutzarbeiten – Sanierung der Ritter-Tuschl-Schule mit Neubau einer Turnhalle und Anbau einer Ganztagsbetreuung;Stadt Vilshofen an der Donau;Vilshofen an der Donau;159757.5;;45343100;60;https://ted.europa.eu/bg/notice/-/detail/482831-2026
483238-2026;2026-07-12T22:00:00.000Z;Deutschland – Elektroinstallationsarbeiten – Hallenerweiterung Stadtbahnwerkstatt Döhren - vorgezogene Maßnahmen ELT.- u. FM.- De- und Installationen;ÜSTRA Hannoversche Verkehrsbetriebe Aktiengesellschaft;Hannover;113418.34;;45343100;60;https://ted.europa.eu/bg/notice/-/detail/483238-2026
479967-2026;2026-07-12T22:00:00.000Z;Deutschland – Einbau von Trennwänden – GS Ost - Sanierung im Bestand - Instandhaltung WC Anlagen - Trockenbau;Gebäudemanagementbetrieb der Landeshauptstadt Saarbrücken - GMS;Saarbrücken;;;45421141;48;https://ted.europa.eu/bg/notice/-/detail/479967-2026
481290-2026;2026-07-12T22:00:00.000Z;Deutschland – Fassadenarbeiten – Metallbau-Fensteranlagen 70-00001-2880-41 - PR1185489-2880-B;Fraunhofer-Gesellschaft zur Förderung der angewandten Forschung e.V. - Einkauf B12 - Vergabestelle Bau;München;;;44221100;48;https://ted.europa.eu/bg/notice/-/detail/481290-2026
481570-2026;2026-07-12T22:00:00.000Z;Deutschland – Fassadenarbeiten – PR-Fassade, Holz-Alu, GrS Hungen;Landkreis Gießen - Der Kreisausschuss -;Gießen;;;44221120;48;https://ted.europa.eu/bg/notice/-/detail/481570-2026
481731-2026;2026-07-12T22:00:00.000Z;Deutschland – Einbau von Toren – SWU-HA-Tore | Avenio XL - Tore Halle E,C;SWU Verkehr GmbH;Ulm;;;45421148;48;https://ted.europa.eu/bg/notice/-/detail/481731-2026
482646-2026;2026-07-12T22:00:00.000Z;Deutschland – Bautischlerei-Einbauarbeiten – Stadtwaage Osnabrück, Grundsanierung, Türen/Glaswände/WC-Trennwände;Stadt Osnabrück - FD Öffentliche Aufträge;Osnabrück;;2026-07-29T06:45:00.000Z;45421000 45421140 45421141;43;https://ted.europa.eu/bg/notice/-/detail/482646-2026
482967-2026;2026-07-12T22:00:00.000Z;Deutschland – Installation von Feuerlöschanlagen – Bau Kreativforum, Cleantech Innovation Park, Hallstadt;Cleantech Innovation Park GmbH;Hallstadt;;2026-07-17T08:30:00.000Z;45343200 45343230;43;https://ted.europa.eu/bg/notice/-/detail/482967-2026
481532-2026;2026-07-12T22:00:00.000Z;Deutschland – Bautischlerarbeiten – Tischlerarbeiten Moebel;Staatliches Bauamt Bamberg;Bamberg;53.01;;45421000 45421153;40;https://ted.europa.eu/bg/notice/-/detail/481532-2026
476121-2026;2026-07-09T22:00:00.000Z;Deutschland – Bauarbeiten für Stahlkonstruktionen – Geb.3403 Energetische Dach- und Fassadensanierung VE306 Stahlbauarbeiten;Gottfried Wilhelm Leibniz Universität Hannover Stiftung Öffentlichen Rechts;Hannover;;2026-08-11T06:00:00.000Z;45223210;83;https://ted.europa.eu/bg/notice/-/detail/476121-2026
476677-2026;2026-07-09T22:00:00.000Z;Deutschland – Einbau von Türen und Fenstern – Neubau der Rettungswache Lüdinghausen - Metallbauarbeiten - Fenster und Türen;Kreis Coesfeld;Coesfeld;;2026-08-11T08:00:00.000Z;45421100 45421130 45421131 45421132 45421000;83;https://ted.europa.eu/bg/notice/-/detail/476677-2026
477270-2026;2026-07-09T22:00:00.000Z;Deutschland – Bauarbeiten für Stahlkonstruktionen – VE 03.05 Stahlbau Halle;Staatliches Bau- und Liegenschaftsamt Schwerin;Schwerin;;2026-08-10T21:59:00.000Z;45223210;83;https://ted.europa.eu/bg/notice/-/detail/477270-2026
477399-2026;2026-07-09T22:00:00.000Z;Deutschland – Bauarbeiten – Aus-/Einglasen Glasaustausch, Türen, Fenster + Metallbauarbeiten - - Digitale Pathologie, Modulbau;Universitätsklinikum Aachen AöR;Aachen;;2026-08-11T08:00:00.000Z;45421100;83;https://ted.europa.eu/bg/notice/-/detail/477399-2026
477646-2026;2026-07-09T22:00:00.000Z;"Deutschland – Bau von Theatern – Los 10 - Stahlbauarbeiten Unterkonstruktion Lüftung; Landestheater Altenburg, Theaterplatz 19, 04600 Altenburg, Sanierung Kronenboden";Landkreis Altenburger Land;Altenburg;;2026-08-11T08:00:00.000Z;45223210;83;https://ted.europa.eu/bg/notice/-/detail/477646-2026
478500-2026;2026-07-09T22:00:00.000Z;Deutschland – Bauarbeiten – 2026-0421 Erneuerung Sperrtor am Marientor - Beton-, Stahlbeton und Stahlwasserbauarbeiten sowie EMSR-Technik;Wirtschaftsbetriebe Duisburg - AöR, im Namen und für Rechnung der Stadt Duisburg;Duisburg;;2026-08-11T08:00:00.000Z;45223210;83;https://ted.europa.eu/bg/notice/-/detail/478500-2026
479077-2026;2026-07-09T22:00:00.000Z;Deutschland – Bauarbeiten für Schulgebäude – Trockenbauarbeiten;Landeshauptstadt München, Baureferat;München;;2026-08-20T08:00:00.000Z;45421100 45421160;83;https://ted.europa.eu/bg/notice/-/detail/479077-2026
479418-2026;2026-07-09T22:00:00.000Z;Deutschland – Metallbauarbeiten – Grundschule Heeßen - Metallbau- und Verglasungsarbeiten;Landkreis Schaumburg - Vergabestelle;Stadthagen;;2026-08-11T08:00:00.000Z;45421100;83;https://ted.europa.eu/bg/notice/-/detail/479418-2026
476828-2026;2026-07-09T22:00:00.000Z;Deutschland – Bauleistungen im Hochbau – Neubau OGTS und Schulmensa – hier: Metallbau, Alu-Rahmen-Elemente;Gemeinde Memmelsdorf;Memmelsdorf;64531;;44221000;80;https://ted.europa.eu/bg/notice/-/detail/476828-2026
477945-2026;2026-07-09T22:00:00.000Z;Deutschland – Bauleistungen im Hochbau – Neubau OGTS und Schulmensa – hier: Fenster-/ Verglasungsarbeiten;Gemeinde Memmelsdorf;Memmelsdorf;128715;;44221000;80;https://ted.europa.eu/bg/notice/-/detail/477945-2026
478006-2026;2026-07-09T22:00:00.000Z;Deutschland – Dienstleistungen von Architektur- und Ingenieurbüros sowie planungsbezogene Leistungen – ÜSTRA Kundenzentrum - Planungsleistungen Brandschutz;ÜSTRA Hannoversche Verkehrsbetriebe Aktiengesellschaft;Hannover;80000;2026-08-13T09:00:00.000Z;45343100;75;https://ted.europa.eu/bg/notice/-/detail/478006-2026
476366-2026;2026-07-09T22:00:00.000Z;Deutschland – Einbau von Türen und Fenstern sowie Zubehör – VE07 PR Konstruktion Holz, Alu, Außenfenster, Außentüren - Grundschule Barendorf;Samtgemeinde Ostheide;Barendorf;;2026-07-30T08:00:00.000Z;45421100;68;https://ted.europa.eu/bg/notice/-/detail/476366-2026
477565-2026;2026-07-09T22:00:00.000Z;Deutschland – Einbau von Türen und Fenstern – Foorthkamp 36 - Metallbau Türen;SBH | Schulbau Hamburg;Hamburg;10407000;2026-08-11T08:00:00.000Z;45421130;65;https://ted.europa.eu/bg/notice/-/detail/477565-2026
477792-2026;2026-07-09T22:00:00.000Z;Deutschland – Installation von Sprinkleranlagen – 139-470 RSD- Rathaus Sanierung Parkhaus Nord (Tiefgarage) hier: Sprinkleranlage NEU;Stadt Essen, vertreten durch die GVE Grundstücksverwaltung Stadt Essen GmbH;Essen;;2026-08-11T08:00:00.000Z;45343230;63;https://ted.europa.eu/bg/notice/-/detail/477792-2026
479306-2026;2026-07-09T22:00:00.000Z;Deutschland – Installateurarbeiten und Verlegung von Abwasserleitungen – Sanitärinstallationen Julius-Leber-Schule, Seilerstr. 32, Frankfurt a.M. - Vorabmaßnahmen;Stadt Frankfurt am Main - Amt für Bau und Immobilien;Frankfurt am Main;;2026-08-13T07:00:00.000Z;45343000;63;https://ted.europa.eu/bg/notice/-/detail/479306-2026
479389-2026;2026-07-09T22:00:00.000Z;Deutschland – Einbau von Türen – TISCHLER - TÜREN_BA-I;Stadt Scheßlitz;Scheßlitz;;2026-08-12T11:00:00.000Z;45421131;63;https://ted.europa.eu/bg/notice/-/detail/479389-2026
477951-2026;2026-07-09T22:00:00.000Z;Deutschland – Installation von Feuerlöschanlagen – Gebäudewirtschaft - Sanierung TriBühne - Feuerlöschanlagen - Wandhydranten;Stadt Norderstedt - Die Oberbürgermeisterin;Norderstedt;60599.31;;45343200;60;https://ted.europa.eu/bg/notice/-/detail/477951-2026
478027-2026;2026-07-09T22:00:00.000Z;Deutschland – Bauarbeiten für Stahlkonstruktionen – KRN - Neubau Betriebshof Wörrstadt | Stahlbauarbeiten;KRN Kommunalverkehr Rhein-Nahe GmbH;Bad Kreuznach;1;;45223210;60;https://ted.europa.eu/bg/notice/-/detail/478027-2026
475940-2026;2026-07-09T22:00:00.000Z;Deutschland – Einbau von Türen und Fenstern – Metallbauarbeiten, Fenster,Mittelpunktgrundschule Hungen;Landkreis Gießen - Der Kreisausschuss -;Gießen;;;45421130 44221120;48;https://ted.europa.eu/bg/notice/-/detail/475940-2026
477688-2026;2026-07-09T22:00:00.000Z;Deutschland – Holzarbeiten – Zimmer- und Holzbauarbeiten;Regionalverband Saarbrücken;Saarbrücken;;;45343100;48;https://ted.europa.eu/bg/notice/-/detail/477688-2026
479104-2026;2026-07-09T22:00:00.000Z;Deutschland – Bauleistungen im Hochbau – Sanierung und Erweiterung der Grundschule Röthlein - Schreinerarbeiten (Innentüren);Gemeinde Röthlein;Röthlein;;;45421111 45421131;48;https://ted.europa.eu/bg/notice/-/detail/479104-2026
476273-2026;2026-07-09T22:00:00.000Z;"Deutschland – Metallbauarbeiten – Erw. Gesamtschule Verl; Metallbau- und Verglasungsarbeiten Neubau Innen";Zentrale Vergabestelle der Städte Rietberg, Verl und der Gemeinde Langenberg;Rietberg;;2026-07-23T08:00:00.000Z;45421130;43;https://ted.europa.eu/bg/notice/-/detail/476273-2026
477992-2026;2026-07-09T22:00:00.000Z;Deutschland – Einbau von Fenstern – Holzfenster und Sonnenschutz;Sprinkenhof GmbH;Hamburg;;2026-07-21T10:30:00.000Z;45421132;43;https://ted.europa.eu/bg/notice/-/detail/477992-2026
478449-2026;2026-07-09T22:00:00.000Z;Deutschland – Metallbauarbeiten – Landkreis Ludwigslust-Parchim - Neubau Feuerwehr-Service-Zentrum in Neustadt-Glewe - Los 312 - Metallbau & Schlosser inkl. Tore und Stahlblechtüren;Landkreis Ludwigslust-Parchim - Der Landrat;Parchim;;2026-07-16T07:00:00.000Z;44221200 44221300;43;https://ted.europa.eu/bg/notice/-/detail/478449-2026
478225-2026;2026-07-09T22:00:00.000Z;Deutschland – Installation von Einbauküchen – 0057 - Klinikum Memmingen, Neubau Klinikum - Küchentechnik inkl. Nassmüllanlage;Klinikum Memmingen AöR;Memmingen;0;;45421151;40;https://ted.europa.eu/bg/notice/-/detail/478225-2026
473616-2026;2026-07-08T22:00:00.000Z;Deutschland – Bauarbeiten für Stahlkonstruktionen – Kurparkterrassen Bad Neuenahr-Ahrweiler / Büro- und Veranstaltungsgebäude: STAHLBAU / Aussentreppen, Überdachung, Wandelgang, Vordächer etc.;Ahrtal Marketing GmbH;Bad Neuenahr-Ahrweiler;;2026-08-10T08:00:00.000Z;45223210;83;https://ted.europa.eu/bg/notice/-/detail/473616-2026
474234-2026;2026-07-08T22:00:00.000Z;Deutschland – Einbau von Türen und Fenstern sowie Zubehör – EU, Zuschka 25-39,Fenster und Fenstertüren 1. BA, 07.08.2026;Gebäudewirtschaft Cottbus GmbH;Cottbus;;2026-08-07T08:00:00.000Z;45421100;68;https://ted.europa.eu/bg/notice/-/detail/474234-2026
472577-2026;2026-07-08T22:00:00.000Z;Deutschland – Dachdeckarbeiten – Sanierung Eisberghalle - Trapezblech Dach;Stadt Nagold, Vergabestelle;Nagold;145966;;45223210;80;https://ted.europa.eu/bg/notice/-/detail/472577-2026
472648-2026;2026-07-08T22:00:00.000Z;Deutschland – Einbau von Fenstern – Neubau Integrierte Leitstelle Ortenau, Holz-Alu-Fenster;Landratsamt Ortenaukreis;Offenburg;556066.5;;45421100 45421132 44221100;80;https://ted.europa.eu/bg/notice/-/detail/472648-2026
473229-2026;2026-07-08T22:00:00.000Z;Deutschland – Bauarbeiten für Schulgebäude – Neubau Michael.Ende-Grundschule - Innentüren Stahl und Brandschutztore;Stadt Unterschleißheim;Unterschleißheim;212300;;45421100;80;https://ted.europa.eu/bg/notice/-/detail/473229-2026
473402-2026;2026-07-08T22:00:00.000Z;Deutschland – Bauarbeiten für Schulgebäude – Neubau Michael-Ende-Grundschule - Innentüren Holz;Stadt Unterschleißheim;Unterschleißheim;1098597.61;;45421100;80;https://ted.europa.eu/bg/notice/-/detail/473402-2026
473810-2026;2026-07-08T22:00:00.000Z;Deutschland – Einbau von Türen und Fenstern sowie Zubehör – Anbau Unesco-Schule, 2.BA - Metallfenster und Tueren (Fassade);Stadt Kamp-Lintfort;Kamp-Lintfort;274970.52;;45421100;80;https://ted.europa.eu/bg/notice/-/detail/473810-2026
474375-2026;2026-07-08T22:00:00.000Z;Deutschland – Abbrucharbeiten – Ersatzneubau Pliensaubrücke in Esslingen am Neckar, Rückbauarbeiten und Neubau;Stadt Esslingen am Neckar, Tiefbauamt, Baurechtsamt, Vergabestelle;Esslingen;;;45223210;68;https://ted.europa.eu/bg/notice/-/detail/474375-2026
472982-2026;2026-07-08T22:00:00.000Z;Deutschland – Einbau von Trennwänden – Tischlerarbeiten mobile Trennwand;Landratsamt Eichstätt;Eichstätt;;2026-08-10T11:00:00.000Z;45421141;63;https://ted.europa.eu/bg/notice/-/detail/472982-2026
473500-2026;2026-07-08T22:00:00.000Z;Deutschland – Gipskartonarbeiten – Trockenbau, Innentüren;Krankenhauszweckverband Bayreuth;Bayreuth;;2026-08-11T08:15:00.000Z;45421131;63;https://ted.europa.eu/bg/notice/-/detail/473500-2026
473603-2026;2026-07-08T22:00:00.000Z;Deutschland – Bautischlerei-Einbauarbeiten mit Metall, außer Türen und Fenstern – Erweiterung und Anbau Kreishaus I für Leitstelle und Verwaltung - Trockenbau - Lamellendecken;Kreis Coesfeld;Coesfeld;;2026-08-07T08:00:00.000Z;45421140;48;https://ted.europa.eu/bg/notice/-/detail/473603-2026
473797-2026;2026-07-08T22:00:00.000Z;Deutschland – Einbau von abgehängten Decken – VE BT11-3137-01 Trockenbau;KLINIKEN SÜDOSTBAYERN AG;Traunstein;;2026-09-02T08:00:00.000Z;45421146;63;https://ted.europa.eu/bg/notice/-/detail/473797-2026
474046-2026;2026-07-08T22:00:00.000Z;Deutschland – Zimmer- und Tischlerarbeiten – LV 17/2026 Schreinerarbeiten FM-ASB H11;Bayerischer Rundfunk A.d.ö.R.;München;;2026-08-07T08:00:00.000Z;45421151 45421153;48;https://ted.europa.eu/bg/notice/-/detail/474046-2026
474658-2026;2026-07-08T22:00:00.000Z;Deutschland – Einbau von Türen – Stahl-Glas-Türen;Klinikum Schloß Winnenden;Winnenden;;2026-08-10T11:00:00.000Z;45421131;63;https://ted.europa.eu/bg/notice/-/detail/474658-2026
475245-2026;2026-07-08T22:00:00.000Z;Deutschland – Fassadenarbeiten – Fenster- und Fassadenarbeiten;OPG Offenbacher Projektentwicklungsgesellschaft mbH im Namen und Rechnung des Magistrates der Stadt Offenbach am Main;Offenbach am Main;;2026-07-22T11:00:00.000Z;45421100;63;https://ted.europa.eu/bg/notice/-/detail/475245-2026
475508-2026;2026-07-08T22:00:00.000Z;Deutschland – Bautischlerarbeiten – Erweiterung und Sanierung Klinikum Altmühlfranken 1. BA (Unterbauabschnitt 1a);Kommunalunternehmen Klinikum Altmühlfranken;Weißenburg;;2026-08-11T08:00:00.000Z;45421000 45421153 45421151;63;https://ted.europa.eu/bg/notice/-/detail/475508-2026
472211-2026;2026-07-08T22:00:00.000Z;Deutschland – Einbau von Türen – Rettungswache Herbolzheim - Schreinerarbeiten Innentüren;Stadt Herbolzheim;Herbolzheim;181040.85;;45421131 45421000;60;https://ted.europa.eu/bg/notice/-/detail/472211-2026
472846-2026;2026-07-08T22:00:00.000Z;Deutschland – Gipskartonarbeiten – Trockenbauarbeiten;Staatliches Bauamt Krumbach;Krumbach;284995.88;;45421141 45421146 45421152;60;https://ted.europa.eu/bg/notice/-/detail/472846-2026
472976-2026;2026-07-08T22:00:00.000Z;Deutschland – Bauarbeiten für Stahlkonstruktionen – DLR Standort Braunschweig, Sanierung Geb. 106, Stahlbauarbeiten Fluchttreppen (26-0071_B);Deutsches Zentrum für Luft- und Raumfahrt e. V.;Braunschweig;29690.08;;45223210;60;https://ted.europa.eu/bg/notice/-/detail/472976-2026
473517-2026;2026-07-08T22:00:00.000Z;Deutschland – Installation von Einbauküchen – Neubau Altenpflegeheim Moritz-Lang-Haus, Wiesbaden;WiBau Gesellschaft mbH;Wiesbaden;154981.12;;45421151;60;https://ted.europa.eu/bg/notice/-/detail/473517-2026
473924-2026;2026-07-08T22:00:00.000Z;Deutschland – Bautischlerei-Einbauarbeiten – Neubau Altenpflegeheim Moritz-Lang-Haus, Wiesbaden;WiBau Gesellschaft mbH;Wiesbaden;532218;;45421153;60;https://ted.europa.eu/bg/notice/-/detail/473924-2026
475549-2026;2026-07-08T22:00:00.000Z;"Deutschland – Bauarbeiten – Neubau Schule und Freianlagen ""Hand in Hand"", mit dem sonderpädagogischen Schwerpunkt ""geistige Entwicklung"" - Los 09 Außenfenster / Türen / Glasfassade";Landkreis Oberspreewald-Lausitz;Senftenberg;1839545.52;;45421130;60;https://ted.europa.eu/bg/notice/-/detail/475549-2026
474488-2026;2026-07-08T22:00:00.000Z;Deutschland – Bauarbeiten – KinderCampus Mutterstadt - Los 21 - Innentüren;Gemeinde Mutterstadt;Mutterstadt;299895.81;2026-07-21T08:00:00.000Z;45421131;55;https://ted.europa.eu/bg/notice/-/detail/474488-2026
472831-2026;2026-07-08T22:00:00.000Z;Deutschland – Installation von Einbauküchen – Erweiterung Grundschule Adelby, Flensburg, Küchentechnik;Stadt Flensburg - Zentrale Vergabestelle;Flensburg;;;45421151;48;https://ted.europa.eu/bg/notice/-/detail/472831-2026
473793-2026;2026-07-08T22:00:00.000Z;Deutschland – Bauarbeiten – Erweiterung und energetische Sanierung der Ludwig-Reinhard-Schule mit Neubau einer 2-fach Schulsporthalle in 87600 Kaufbeuren;Stadt Kaufbeuren;Kaufbeuren;;2026-07-30T07:30:00.000Z;45421000 45421141;48;https://ted.europa.eu/bg/notice/-/detail/473793-2026
474603-2026;2026-07-08T22:00:00.000Z;Deutschland – Einbau von Fenstern – Neubau Kindertagesstätte in der Rotbuchenstraße, Neumarkt i.d.OPf. - Fensterelemente;Stadt Neumarkt i.d.OPf.;Neumarkt i.d.OPf.;0;;45421132;40;https://ted.europa.eu/bg/notice/-/detail/474603-2026
470349-2026;2026-07-07T22:00:00.000Z;Deutschland – Einbau von Türen und Fenstern sowie Zubehör – Innentüren;Wirtschaftsförderung Bremen GmbH;Bremen;;2026-08-10T08:00:00.000Z;45421100;83;https://ted.europa.eu/bg/notice/-/detail/470349-2026
470921-2026;2026-07-07T22:00:00.000Z;Deutschland – Straßenbauarbeiten – Kreuzungsfreier Ausbau Frankenschnellweg, Abschnitt West: Bauleistungen, Straßen- & Ingenieurbau;Stadt Nürnberg - Servicebetrieb Öffentlicher Raum;Nürnberg;;2026-10-05T07:00:00.000Z;45223210;83;https://ted.europa.eu/bg/notice/-/detail/470921-2026
469253-2026;2026-07-07T22:00:00.000Z;Deutschland – Einbau von Türen und Fenstern sowie Zubehör – GS Rosa Luxemburg, Trakehnerstr. 1, 06124 Halle (Saale), Metallbau- und Verglasungsarbeiten;Stadt Halle (Saale), Fachbereich Recht, Team Vergabe Bauleistungen/Bauplanungen;Halle (Saale);721520.92;;45421100;80;https://ted.europa.eu/bg/notice/-/detail/469253-2026
469468-2026;2026-07-07T22:00:00.000Z;Deutschland – Metallbauarbeiten – Messe Erfurt GmbH - Sanierung Dächer der Messehallen 2 und 3 - Los 02 - Stahlbauarbeiten;Messe Erfurt GmbH;Erfurt;229999;;45223210;80;https://ted.europa.eu/bg/notice/-/detail/469468-2026
469786-2026;2026-07-07T22:00:00.000Z;Deutschland – Bauarbeiten für Stahlkonstruktionen – DLR Standort Braunschweig, Sanierung Geb. 106, Stahlbauarbeiten Spindeltreppe (26-0070_B);Deutsches Zentrum für Luft- und Raumfahrt e. V.;Braunschweig;61350;;45223210;80;https://ted.europa.eu/bg/notice/-/detail/469786-2026
468789-2026;2026-07-07T22:00:00.000Z;Deutschland – Bauarbeiten – KinderCampus Mutterstadt - Los 22 - Schreinerarbeiten;Gemeinde Mutterstadt;Mutterstadt;173799;2026-08-10T08:00:00.000Z;45421150;75;https://ted.europa.eu/bg/notice/-/detail/468789-2026
469351-2026;2026-07-07T22:00:00.000Z;Deutschland – Einbau von Trennwänden – STIC Strausberg - TP-5 Neubau Bürogebäude, Los 10 - Trennwandsysteme;Landkreis Märkisch-Oderland / Amt für Digitalisierung, Organisation und Personal;Seelow;;;45421100 45421160 45421141 45421000 45421120 45421131 45421140 45421146;68;https://ted.europa.eu/bg/notice/-/detail/469351-2026
469387-2026;2026-07-07T22:00:00.000Z;Deutschland – Einbau von Türen und Fenstern sowie Zubehör – Generalsanierung Hogy I Holzfenster;Stadtverwaltung Göppingen;Göppingen;;;45421100 44221100;68;https://ted.europa.eu/bg/notice/-/detail/469387-2026
470508-2026;2026-07-07T22:00:00.000Z;Deutschland – Einbau von Türen und Fenstern sowie Zubehör – Neubau Grund- und Mittelschule Windischeschenbach - Fenster-, Außentür- und Rollladenarbeiten;Stadt Windischeschenbach;Windischeschenbach;;2026-08-06T08:00:00.000Z;45421100 45421145 45421132 45421131;68;https://ted.europa.eu/bg/notice/-/detail/470508-2026
472115-2026;2026-07-07T22:00:00.000Z;Deutschland – Betonarbeiten – Neubau Gymnasium II Strausberg, Los 03 - Erweiterter Rohbau;Landkreis Märkisch-Oderland / Amt für Digitalisierung, Organisation und Personal;Seelow;;;45421100 45421160 45421000 45421110 45421130 45421140 45421143 45421150;68;https://ted.europa.eu/bg/notice/-/detail/472115-2026
468419-2026;2026-07-07T22:00:00.000Z;Deutschland – Installation von Einbauküchen – Lehrküchen;Wirtschaftsförderung Bremen GmbH;Bremen;;2026-08-10T09:00:00.000Z;45421151;63;https://ted.europa.eu/bg/notice/-/detail/468419-2026
468838-2026;2026-07-07T22:00:00.000Z;Deutschland – Metallbauarbeiten – Metallbauarbeiten, Schlosserarbeiten;Land Berlin – Sondervermögen Immobilien des Landes Berlin (SILB) c/o BIM Berliner Immobilienmanagement GmbH;Berlin;;2026-08-11T07:10:00.000Z;45343100 45421131;63;https://ted.europa.eu/bg/notice/-/detail/468838-2026
470149-2026;2026-07-07T22:00:00.000Z;Deutschland – Einbau von abgehängten Decken – Neubau Hallenbad Oppenheim;Verbandsgemeinde Rhein-Selz;Oppenheim;;2026-08-17T07:30:00.000Z;45421146;63;https://ted.europa.eu/bg/notice/-/detail/470149-2026
470415-2026;2026-07-07T22:00:00.000Z;Deutschland – Einbau von Türen – TPB.333.12 Metallbau II - Glasschiebetüren;Deutsches Museum von Meisterwerken der Naturwissenschaft und Technik (AdöR);München;;2026-08-10T12:00:00.000Z;45421131;63;https://ted.europa.eu/bg/notice/-/detail/470415-2026
471262-2026;2026-07-07T22:00:00.000Z;Deutschland – Einbau von Türen und Fenstern – Neubau Leoschule - Fensterarbeiten;Stadt Lünen;Lünen;;2026-08-07T08:00:00.000Z;45421130;48;https://ted.europa.eu/bg/notice/-/detail/471262-2026
471875-2026;2026-07-07T22:00:00.000Z;Deutschland – Bauarbeiten – VE7501 Feuerlöschanlagen Sprinkler;Fraport AG;Frankfurt Main;;2026-08-20T21:59:00.000Z;45343200 45343230;63;https://ted.europa.eu/bg/notice/-/detail/471875-2026
472079-2026;2026-07-07T22:00:00.000Z;Deutschland – Bauarbeiten – Neubau eines Bürogebäudes B900 / Los 05 ‐ Fenster und Verschattungselemente;Kerntechnische Entsorgung Karlsruhe GmbH;Eggenstein-Leopoldshafen;;2026-08-10T06:00:00.000Z;44221100;63;https://ted.europa.eu/bg/notice/-/detail/472079-2026
472113-2026;2026-07-07T22:00:00.000Z;Deutschland – Einbau von Türen – Neubau Kurparkrandbebauung - Schreinerarbeiten: Innentüren;Ahrtal Marketing GmbH als Sanierungsträger für die Stadt Bad Neuenahr-Ahrweiler;Bad Neuenahr-Ahrweiler;;2026-07-27T08:00:00.000Z;45421100 45421131 44221200;63;https://ted.europa.eu/bg/notice/-/detail/472113-2026
468742-2026;2026-07-07T22:00:00.000Z;Deutschland – Installation von Elektroanlagen – Ertüchtigung Flughafentunnel B312 - Technische Ausrüstung - LOS1 Elektrotechnik;Flughafen Stuttgart GmbH;Stuttgart;6776555;;45343100;60;https://ted.europa.eu/bg/notice/-/detail/468742-2026
470721-2026;2026-07-07T22:00:00.000Z;Deutschland – Bauarbeiten für Stahlkonstruktionen – Bahnhof Berlin Ostbahnhof, Grunderneuerung Gleishallen, 2.BA Hallendach;DB Station&Service AG (Bukr 11);Berlin;0;;45223210;60;https://ted.europa.eu/bg/notice/-/detail/470721-2026
468555-2026;2026-07-07T22:00:00.000Z;Deutschland – Einbau von Türen – Tischlerarbeiten Türen/Trennwände;AOK - Die Gesundheitskasse in Hessen;Frankfurt am Main;;2026-08-06T08:00:00.000Z;45421131 45421141;48;https://ted.europa.eu/bg/notice/-/detail/468555-2026
468909-2026;2026-07-07T22:00:00.000Z;Deutschland – Bautischlerarbeiten – Erweiterung und Sanierung der Karl-Brauckmann-Schule: Tischlerarbeiten Innentüren;Kreis Unna - Der Landrat;Unna;;2026-08-06T08:00:00.000Z;45421000 45421131;48;https://ted.europa.eu/bg/notice/-/detail/468909-2026
469251-2026;2026-07-07T22:00:00.000Z;Deutschland – Einbau von Türen – TPB.333.02 Metallbau II - Glasschiebetüren;Deutsches Museum von Meisterwerken der Naturwissenschaft und Technik (AdöR);München;;;45421131;48;https://ted.europa.eu/bg/notice/-/detail/469251-2026
469777-2026;2026-07-07T22:00:00.000Z;Deutschland – Bau von Grundschulen – M ST 26034 Abhangdecken, Eichendorffschule, Görresstr. 2, 40670 Meerbusch - Osterath;Stadt Meerbusch;Meerbusch;;2026-08-06T07:00:00.000Z;45421146;48;https://ted.europa.eu/bg/notice/-/detail/469777-2026
470752-2026;2026-07-07T22:00:00.000Z;Deutschland – Reparatur- und Wartungsdienste – Planmäßige Instandsetzung Einsatzgruppenversorger Kl. 702 FRANKFURT AM MAIN;Marinearsenal Rostock;Rostock;;;45343000;48;https://ted.europa.eu/bg/notice/-/detail/470752-2026
469410-2026;2026-07-07T22:00:00.000Z;Deutschland – Einbau von Fenstern – 15131 - Neubau eines Feuerwehr- und Rettungsdienstzentrums Kreis Gütersloh - Fensterarbeiten;Kreis Gütersloh;Gütersloh;0;;45421132;40;https://ted.europa.eu/bg/notice/-/detail/469410-2026
466137-2026;2026-07-06T22:00:00.000Z;Deutschland – Einbau von Türen und Fenstern sowie Zubehör – A-JLS Stahlblechtüren;Stadt Frankfurt am Main - Amt für Bau und Immobilien;Frankfurt am Main;;2026-08-10T07:00:00.000Z;45421100;83;https://ted.europa.eu/bg/notice/-/detail/466137-2026
466311-2026;2026-07-06T22:00:00.000Z;Deutschland – Bauarbeiten für Stahlkonstruktionen – SV-CNI-260706-003 - WZWA1: Werkswohnungsbau Westend-/Zschokkestraße WA1, Metallbau Loggien Pergolen;Stadtwerke München GmbH;München;;2026-08-10T12:00:00.000Z;45223210;83;https://ted.europa.eu/bg/notice/-/detail/466311-2026
467589-2026;2026-07-06T22:00:00.000Z;Deutschland – Beschlagarbeiten – Am Pferdemarkt 23-26, SÖR Neubau Betriebszentrale, Schließanlage;Stadt Nürnberg Hochbauamt SöR;Nürnberg;;2026-08-12T07:00:00.000Z;45421160;83;https://ted.europa.eu/bg/notice/-/detail/467589-2026
465473-2026;2026-07-06T22:00:00.000Z;Deutschland – Baustahlmontagearbeiten für Gebäude – Stahlbauarbeiten - Neubau Rettungswache II;Stadt Bottrop;Bottrop;514624.16;;45262410;80;https://ted.europa.eu/bg/notice/-/detail/465473-2026
466531-2026;2026-07-06T22:00:00.000Z;Deutschland – Metallbauarbeiten – Stahlbauarbeiten;Lebenshilfe für Menschen mit Behinderung oder einer drohenden Behinderung, Kreisvereinigung Erlangen-Höchstadt (West) e.V.;Herzogenaurach;534929.9;;45223210;80;https://ted.europa.eu/bg/notice/-/detail/466531-2026
466689-2026;2026-07-06T22:00:00.000Z;Deutschland – Fassadenarbeiten – BLB NRW NL Köln / Technische Hochschule Köln, Campus Deutz, Neubau Gebäude B, Fassadenarbeiten;Bau- und Liegenschaftsbetrieb NRW Köln;Köln;5460202.9;;45421100;80;https://ted.europa.eu/bg/notice/-/detail/466689-2026
467554-2026;2026-07-06T22:00:00.000Z;Deutschland – Dienstleistungen von Architektur- und Ingenieurbüros sowie planungsbezogene Leistungen – ÜSTRA Kundenzentrum - Planungsleistungen Brandschutz;ÜSTRA Hannoversche Verkehrsbetriebe Aktiengesellschaft;Hannover;80000;2026-08-13T09:00:00.000Z;45343100;75;https://ted.europa.eu/bg/notice/-/detail/467554-2026
465631-2026;2026-07-06T22:00:00.000Z;Deutschland – Einbau von Türen und Fenstern sowie Zubehör – Heu-FWGH: Sektionaltore;Gemeindevorstand der Gemeinde Heuchelheim a. d. Lahn;Heuchelheim;;2026-08-06T08:00:00.000Z;45421100 45421148;68;https://ted.europa.eu/bg/notice/-/detail/465631-2026
466211-2026;2026-07-06T22:00:00.000Z;Deutschland – Errichtung von Zäunen – Gemeinde Trebur, Errichtung Feuerwehrgerätehaus;Kommunales Vergabezentrum Kreis Groß-Gerau, für die Gemeinde Trebur;Groß-Gerau;;2026-08-06T08:00:00.000Z;45342000 45421148;68;https://ted.europa.eu/bg/notice/-/detail/466211-2026
467043-2026;2026-07-06T22:00:00.000Z;Deutschland – Einbau von Türen – Erweiterungsbau Realschule Plus Birkenfeld: Schreinerarbeiten;Kreisverwaltung Birkenfeld;Birkenfeld;;;45421100 45421131 44221220 45421141;68;https://ted.europa.eu/bg/notice/-/detail/467043-2026
467568-2026;2026-07-06T22:00:00.000Z;Deutschland – Einbau von Türen und Fenstern sowie Zubehör – Grundschule Riebeckstr. 50, Los 3080 Fenster 1 - Kunststofffenster und Sonnenschutz;Stadt Leipzig;Leipzig;;;45421100;68;https://ted.europa.eu/bg/notice/-/detail/467568-2026
467805-2026;2026-07-06T22:00:00.000Z;Deutschland – Bauarbeiten für Stahlkonstruktionen – Wilhelm Leuschner, Stahlbau;Immobilien Bremen - Eigenbetrieb der Stadtgemeinde Bremen;Bremen;;;45223210;68;https://ted.europa.eu/bg/notice/-/detail/467805-2026
468068-2026;2026-07-06T22:00:00.000Z;Deutschland – Einbau von Türen und Fenstern – Neubau einer Kindertagesstätte im Stadtgebiet Sandersdorf-Brehna, OT Roitzsch / Los 14 Innentüren_Innenfenster;Stadt Sandersdorf-Brehna;Sandersdorf-Brehna;;;44221000 45421130 45421141 44221220;68;https://ted.europa.eu/bg/notice/-/detail/468068-2026
464853-2026;2026-07-06T22:00:00.000Z;Deutschland – Wärmedämmarbeiten – GU - Gebäudehülle;degewo Nord Wohnungsgesellschaft mbH;Berlin;;2026-09-14T08:00:00.000Z;45421130 45421145;63;https://ted.europa.eu/bg/notice/-/detail/464853-2026
465388-2026;2026-07-06T22:00:00.000Z;Deutschland – Installation von Trennwänden – Oberer Brühl - Bürotrennwände;Stadt Villingen-Schwenningen, RefBM - Zentrale Vergabestelle;Villingen-Schwenningen;;2026-08-10T07:00:00.000Z;45421152;63;https://ted.europa.eu/bg/notice/-/detail/465388-2026
465506-2026;2026-07-06T22:00:00.000Z;Deutschland – Komplett- oder Teilbauleistungen im Hochbau sowie Tiefbauarbeiten – Innentüren;Gemeinde Wanderup;Eggebek;;2026-08-10T07:00:00.000Z;45421130 45421000;63;https://ted.europa.eu/bg/notice/-/detail/465506-2026
464967-2026;2026-07-06T22:00:00.000Z;Deutschland – Errichtung von Geländern – BKA W1 Rückbau KT, Schlosserarbeiten 1 Geb. H;Bundesrepublik Deutschland, vertreten durch den Landesbetrieb Bau und Immobilien Hessen, Zentrale Vergabe;Bad Nauheim;87797.1;;45341000;60;https://ted.europa.eu/bg/notice/-/detail/464967-2026
465577-2026;2026-07-06T22:00:00.000Z;Deutschland – Gipskartonarbeiten – Neubau Hauptfeuerwache, Kurt-Romstöck-Ring, Neumarkt i.d.OPf. - Trockenbauarbeiten;Stadt Neumarkt i.d.OPf. Vergabestelle;Neumarkt i.d.OPf.;576644.29;;45421146;60;https://ted.europa.eu/bg/notice/-/detail/465577-2026
465632-2026;2026-07-06T22:00:00.000Z;Deutschland – Bauarbeiten – Brandschutztüren BA2;Stadt Füssen;Füssen;128705.64;;45421131 45343000 44221220;60;https://ted.europa.eu/bg/notice/-/detail/465632-2026
465778-2026;2026-07-06T22:00:00.000Z;Deutschland – Einbau von Türen – Innentüren;Gemeinde Kranzberg;Kranzberg;215044.34;;45421131 44221200;60;https://ted.europa.eu/bg/notice/-/detail/465778-2026
465856-2026;2026-07-06T22:00:00.000Z;Deutschland – Fassadenarbeiten – Erweiterte Fassadenarbeiten (Neubau), Metallbau- und Verglasungsarbeiten, Rollladenarbeiten - Kulturschule Gelsenkirchen, Am Schalker Verein 9+11, 45888 Gelsenkirchen;Stadt Gelsenkirchen;Gelsenkirchen;7679208.45;;45421130 45421145;60;https://ted.europa.eu/bg/notice/-/detail/465856-2026
467075-2026;2026-07-06T22:00:00.000Z;Deutschland – Bautischlerarbeiten – VE-027.8 Tischlerarbeiten Möblierung nach ATV DIN 18355;Stadt Würzburg;Würzburg;118954.44;;45421000 45421153;60;https://ted.europa.eu/bg/notice/-/detail/467075-2026
467260-2026;2026-07-06T22:00:00.000Z;Deutschland – Einbau von abgehängten Decken – VE 027.7 Tischlerarbeiten Akustikpaneele nach ATV DIN 18355;Stadt Würzburg;Würzburg;115681.04;;45421146;60;https://ted.europa.eu/bg/notice/-/detail/467260-2026
467353-2026;2026-07-06T22:00:00.000Z;Deutschland – Installation von Jalousien – WHZ, Campus Innenstadt Hochtechnologiezentrum P.-Breuer- Str.5-11 Neubau/San;Staatsbetrieb Sächsisches Immobilien- und Baumanagement, NL Zwickau;Zwickau;218037.68;;45421143 45421144;60;https://ted.europa.eu/bg/notice/-/detail/467353-2026
467142-2026;2026-07-06T22:00:00.000Z;Deutschland – Installation von Einbaumöbeln – Lose Möblierung VE 29;Stadt Heide;Heide;766143;2026-07-20T08:15:00.000Z;45421153;55;https://ted.europa.eu/bg/notice/-/detail/467142-2026
464839-2026;2026-07-06T22:00:00.000Z;Deutschland – Installation von Trennwänden – WC-Trennwände - Neubau Melanchthonschule in Münster - VE 342;Bauwerke Münster GmbH;Münster;;2026-08-06T10:00:00.000Z;45421152;48;https://ted.europa.eu/bg/notice/-/detail/464839-2026
464922-2026;2026-07-06T22:00:00.000Z;Deutschland – Einbau von Fenstern – Altenpflegeheim Neviandtstraße 87, Kunststofffenster;Stadt Wuppertal;Wuppertal;;2026-08-07T06:00:00.000Z;45421132;48;https://ted.europa.eu/bg/notice/-/detail/464922-2026
465917-2026;2026-07-06T22:00:00.000Z;Deutschland – Einbau von Türen und Fenstern – Fensterarbeiten;Gemeinde Stockelsdorf;Stockelsdorf;;2026-08-04T07:00:00.000Z;45421130;48;https://ted.europa.eu/bg/notice/-/detail/465917-2026
465926-2026;2026-07-06T22:00:00.000Z;Deutschland – Einbau von abgehängten Decken – Erweiterungsbau RealschulePlus Birkenfeld: Trockenbauarbeiten: abgehängte Decken;Kreisverwaltung Birkenfeld;Birkenfeld;;;45421146;48;https://ted.europa.eu/bg/notice/-/detail/465926-2026
466647-2026;2026-07-06T22:00:00.000Z;Deutschland – Einbau von Türen und Fenstern – Feuerwehrtechnische Zentrale Ebergötzen, Neubau - VE 317 Metallbauarbeiten Innentüren;Landkreis Göttingen;Göttingen;;;45421130 45421131 45421140 45343100;48;https://ted.europa.eu/bg/notice/-/detail/466647-2026
467969-2026;2026-07-06T22:00:00.000Z;Deutschland – Bautischlerarbeiten – Erweiterung und Sanierung der Karl-Brauckmann-Schule: Tischlerarbeiten Innentüren;Kreis Unna - Der Landrat;Unna;;2026-08-06T08:00:00.000Z;45421000 45421131;48;https://ted.europa.eu/bg/notice/-/detail/467969-2026
466583-2026;2026-07-06T22:00:00.000Z;Deutschland – Bauarbeiten – 217-300 FWH-2026 Neubau Feuerwehrgerätehaus, hier: Feuerwehrtore;GVE Grundstücksverwaltung Stadt Essen GmbH;Essen;;2026-07-17T08:00:00.000Z;44221240 44221300 45421148;43;https://ted.europa.eu/bg/notice/-/detail/466583-2026
461538-2026;2026-07-05T22:00:00.000Z;Deutschland – Bauarbeiten – Grundsanierung Jugendamt, Ostwall 64, Fassaden-, Fenster- und Metallbauarbeiten;Vergabe und Beschaffungszentrum Dortmund;Dortmund;;2026-08-21T18:00:00.000Z;45421100 45421110 45421112 45421130;83;https://ted.europa.eu/bg/notice/-/detail/461538-2026
463673-2026;2026-07-05T22:00:00.000Z;Deutschland – Einbau von Türen und Fenstern sowie Zubehör – Holzfenster Sonnenschutz Eingangstuer;Staatl. Bauamt München 1;München;;2026-08-11T06:45:00.000Z;45421100;83;https://ted.europa.eu/bg/notice/-/detail/463673-2026
463719-2026;2026-07-05T22:00:00.000Z;Deutschland – Einbau von Türen und Fenstern sowie Zubehör – Neubau Sporthalle Asperg - Fenster- & Außentüren;nps Bauprojektmanagement GmbH;Stuttgart;;2026-08-10T07:59:00.000Z;45421100;83;https://ted.europa.eu/bg/notice/-/detail/463719-2026
463819-2026;2026-07-05T22:00:00.000Z;Deutschland – Straßenbauarbeiten – Kreuzungsfreier Ausbau Frankenschnellweg, Abschnitt West: Bauleistungen, Straßen- & Ingenieurbau;Stadt Nürnberg - Servicebetrieb Öffentlicher Raum;Nürnberg;;2026-10-05T07:00:00.000Z;45223210;83;https://ted.europa.eu/bg/notice/-/detail/463819-2026
461898-2026;2026-07-05T22:00:00.000Z;Deutschland – Metallbauarbeiten – Metallbauarbeiten;Staatliches Bauamt Würzburg;Würzburg;344750.89;;45421100;80;https://ted.europa.eu/bg/notice/-/detail/461898-2026
461978-2026;2026-07-05T22:00:00.000Z;Deutschland – Beschlagarbeiten – Tischler- und Beschlagsarbeiten;Gemeinde Eitting;Oberding;256243;;45421160;80;https://ted.europa.eu/bg/notice/-/detail/461978-2026
462348-2026;2026-07-05T22:00:00.000Z;Deutschland – Bauarbeiten für Stahlkonstruktionen – Kinderhaus Oberlenningen - LV 331 Stahlbau und Metallgeländer;Gemeinde Lenningen;Lenningen;126845;;45223210;80;https://ted.europa.eu/bg/notice/-/detail/462348-2026
462840-2026;2026-07-05T22:00:00.000Z;Deutschland – Bauarbeiten für Stahlkonstruktionen – SWU-ST | Avenio XL - Stahlbauarbeiten;SWU Ulm/Neu-Ulm GmbH;Ulm;236472.64;;45223210;80;https://ted.europa.eu/bg/notice/-/detail/462840-2026
463377-2026;2026-07-05T22:00:00.000Z;Deutschland – Einbau von Türen und Fenstern sowie Zubehör – Kinderhaus Oberlenningen - LV 326 Fenster, Außentüren, Sonnenschutz;Gemeinde Lenningen;Lenningen;365532;;45421100 45421132;80;https://ted.europa.eu/bg/notice/-/detail/463377-2026
463527-2026;2026-07-05T22:00:00.000Z;Deutschland – Einbau von Türen und Fenstern sowie Zubehör – Neubau Kindertagesstätte Oßweil - Fensterbauarbeiten;Stadt Ludwigsburg;Ludwigsburg;253838;;45421100 45421132;80;https://ted.europa.eu/bg/notice/-/detail/463527-2026
464508-2026;2026-07-05T22:00:00.000Z;Deutschland – Baustelleneinrichtung – Ergänzungsbau Studierendenwohnanlage Pariser Straße 54 in Bonn;Studierendenwerk Bonn AöR - Vergabestelle -;Bonn;116173.76;;45340000;80;https://ted.europa.eu/bg/notice/-/detail/464508-2026
463535-2026;2026-07-05T22:00:00.000Z;Deutschland – Einbau von Türen und Fenstern sowie Zubehör – Sanierung Dreifeldsporthalle Kreisgymnasium St. Ursula in Haselünne: Metallbauarbeiten Fenster + Außentüren;Landkreis Emsland;Meppen;;2026-08-04T08:00:00.000Z;45421100;68;https://ted.europa.eu/bg/notice/-/detail/463535-2026
462086-2026;2026-07-05T22:00:00.000Z;Deutschland – Maschinentechnische Installationsarbeiten – Neubau Kläranlage Weinsheim, Los 2 - Anlagentechnik;Verbandsgemeinde Prüm;Prüm;;2026-07-17T08:00:00.000Z;45223210;63;https://ted.europa.eu/bg/notice/-/detail/462086-2026
463680-2026;2026-07-05T22:00:00.000Z;Deutschland – Installation von Einbaumöbeln – ZOP Tischlerarbeiten/Möbel Bst. 3-5;Pius Hospital Oldenburg;Oldenburg;;2026-08-17T06:15:00.000Z;45421153 45421150;63;https://ted.europa.eu/bg/notice/-/detail/463680-2026
460824-2026;2026-07-05T22:00:00.000Z;Deutschland – Errichtung von Geländern – Steinachtalschule, Abtsteinach - Generalsanierung mit Neubau - Schlosserarbeiten;Eigenbetrieb Schule und Gebäudewirtschaft - Kreis Bergstraße - Vergabestelle;Heppenheim;157903;;45341000;60;https://ted.europa.eu/bg/notice/-/detail/460824-2026
461929-2026;2026-07-05T22:00:00.000Z;"Deutschland – Einbau von Türen – ehem. Kraftwerk-Mitte in Dresden; KWM 26 Energiemuseum; VE 350 Innentüren";DREWAG - Stadtwerke Dresden GmbH;Dresden;138979.58;;45421131 45421111 44221220 44221230;60;https://ted.europa.eu/bg/notice/-/detail/461929-2026
461985-2026;2026-07-05T22:00:00.000Z;Deutschland – Einbau von Fenstern – Fenster / Rollläden / Absturzsicherung, 432 Neubau Feuerwehrhaus Süd;Gemeinde Henstedt-Ulzburg - Die Bürgermeisterin;Henstedt-Ulzburg;128000;;45421132;60;https://ted.europa.eu/bg/notice/-/detail/461985-2026
462045-2026;2026-07-05T22:00:00.000Z;Deutschland – Baufertigstellung – Neubau der Grundschule in Stadtlauringen - Mobile Trennwände;Markt Stadtlauringen;Stadtlauringen;105000;2026-08-06T12:00:00.000Z;45421141;60;https://ted.europa.eu/bg/notice/-/detail/462045-2026
462272-2026;2026-07-05T22:00:00.000Z;Deutschland – Einbau von Türen – SKZ Lausitz Königsw. Fischwirtschaft;Staatsbetrieb Sächsisches Immobilien- und Baumanagament NL Bautzen;Bautzen;165694;;45421131;60;https://ted.europa.eu/bg/notice/-/detail/462272-2026
462743-2026;2026-07-05T22:00:00.000Z;Deutschland – Bauarbeiten – Seniorenwohnen in Farchant - Holzfenster- und Türen;Gemeinde Farchant;Farchant;209451;;45421132 45421112 45421130 45421110;60;https://ted.europa.eu/bg/notice/-/detail/462743-2026
462806-2026;2026-07-05T22:00:00.000Z;Deutschland – Einbau von Toren – SWU-HA-Tore | Avenio XL - Tore Halle E,C;SWU Verkehr GmbH;Ulm;164212.22;;45421148;60;https://ted.europa.eu/bg/notice/-/detail/462806-2026
463111-2026;2026-07-05T22:00:00.000Z;Deutschland – Einbau von Türen – Tischlerarbeiten - Innentüren, 432 Neubau Feuerwehrhaus Süd;Gemeinde Henstedt-Ulzburg - Die Bürgermeisterin;Henstedt-Ulzburg;89622;;45421131 45421151;60;https://ted.europa.eu/bg/notice/-/detail/463111-2026
463854-2026;2026-07-05T22:00:00.000Z;Deutschland – Wasserinstallationsarbeiten – KKE 305.2 Wasserversorgungsanlagen;Universitätsklinikum Schleswig-Holstein AöR;Lübeck;107476.2;;45343200;60;https://ted.europa.eu/bg/notice/-/detail/463854-2026
464105-2026;2026-07-05T22:00:00.000Z;Deutschland – Maschinentechnische Installationen – Melktechnik LLG Iden;Ministerium für Wirtschaft, Tourismus, Landwirtschaft und Forsten des Landes Sachsen-Anhalt;Leipzig;1647242.03;;45421153;60;https://ted.europa.eu/bg/notice/-/detail/464105-2026
462316-2026;2026-07-05T22:00:00.000Z;Deutschland – Bautischlerei-Einbauarbeiten mit Metall, außer Türen und Fenstern – Rat- und Dorfgemeinschaftshaus - Trockenbauarbeiten;Gemeinde Cappeln (Oldenburg);Cappeln;;;45421140;48;https://ted.europa.eu/bg/notice/-/detail/462316-2026
462830-2026;2026-07-05T22:00:00.000Z;Deutschland – Bautischlerei-Einbauarbeiten – Tischlerarbeiten, Paket 3;Landeshauptstadt München, Baureferat;München;;2026-08-04T09:10:00.000Z;45421153;48;https://ted.europa.eu/bg/notice/-/detail/462830-2026
463134-2026;2026-07-05T22:00:00.000Z;Deutschland – Einbau von Türen – 031.1 - Metalltüren - Hauptfeuerwache mit Rettungswache und Integrierter Leitstelle;Stadt Trier;Trier;;2026-08-04T08:00:00.000Z;45421131;48;https://ted.europa.eu/bg/notice/-/detail/463134-2026
463558-2026;2026-07-05T22:00:00.000Z;Deutschland – Einbau von Türen – Schreinerarbeiten Neubau Jeckel-Areal;Stadt Rottenburg am Neckar;Rottenburg am Neckar;;;45421131;48;https://ted.europa.eu/bg/notice/-/detail/463558-2026
464467-2026;2026-07-05T22:00:00.000Z;Deutschland – Einbau von Türen – Metallbau Außen- und Innentüren Feuerwache Kirchhellen;Stadt Bottrop;Bottrop;;2026-08-04T08:00:00.000Z;45421131;48;https://ted.europa.eu/bg/notice/-/detail/464467-2026
461912-2026;2026-07-05T22:00:00.000Z;Deutschland – Einbau von Trennwänden – Systemwände;Klinikverbund Südwest gGmbH im Namen und auf Rechnung für den Eigenbetrieb Gebäudemanagement des Landkreises Böblingen;Böblingen;0.01;;45421141;40;https://ted.europa.eu/bg/notice/-/detail/461912-2026
463345-2026;2026-07-05T22:00:00.000Z;Deutschland – Bautischlerarbeiten – Tischlerarbeiten/Wandschutz/Handläufe/Schreinerarbeiten zur Brandschutzsanierung Klinikum Rastatt;Klinikum Mittelbaden gGmbH;Baden-Baden;0;;45421000 45421131;40;https://ted.europa.eu/bg/notice/-/detail/463345-2026
464378-2026;2026-07-05T22:00:00.000Z;Deutschland – Abbrucharbeiten – Abbruch/Trockenbau/Innenputz/Brandschutz zur Brandschutzsanierung Klinikum Rastatt;Klinikum Mittelbaden gGmbH;Baden-Baden;0;;45343100;40;https://ted.europa.eu/bg/notice/-/detail/464378-2026
459860-2026;2026-07-02T22:00:00.000Z;Deutschland – Dienstleistungen in der Forstwirtschaft – Forstwirtschaftliche Dienstleistungen - Waldumbau Petersroda (Pflanzung, Zaunbau, Pflege);Stadt Sandersdorf-Brehna;Sandersdorf-Brehna;;2026-08-10T08:00:00.000Z;45342000;83;https://ted.europa.eu/bg/notice/-/detail/459860-2026
460561-2026;2026-07-02T22:00:00.000Z;Deutschland – Bauarbeiten für Stahlkonstruktionen – 11.1 Stahlbauarbeiten;Gemeinde Aschheim;Aschheim;;2026-08-13T07:00:00.000Z;45223210;83;https://ted.europa.eu/bg/notice/-/detail/460561-2026
458454-2026;2026-07-02T22:00:00.000Z;Deutschland – Einbau von Türen und Fenstern sowie Zubehör – Landkreis Göttingen, Sanierung Turn- und Schwimmhalle Adelebsen: Metallbauarbeiten - Fenster und Türen;Landkreis Göttingen;Göttingen;192480.6;;45421100;80;https://ted.europa.eu/bg/notice/-/detail/458454-2026
459640-2026;2026-07-02T22:00:00.000Z;Deutschland – Bauarbeiten – SG Zeven - KuBiZ Zeven - Tischlerarbeiten, Innentüren;Samtgemeinde Zeven;Zeven;95251.1;;45421100;80;https://ted.europa.eu/bg/notice/-/detail/459640-2026
460200-2026;2026-07-02T22:00:00.000Z;Deutschland – Metallbauarbeiten – Metallbau Beschlagarbeiten offline;Staatliches Bauamt Erlangen-Nürnberg, Technische Geschäftsleitung, SG Bau;Erlangen;100506.72;2026-08-04T07:06:00.000Z;45421160;80;https://ted.europa.eu/bg/notice/-/detail/460200-2026
460467-2026;2026-07-02T22:00:00.000Z;Deutschland – Einbau von Türen und Fenstern sowie Zubehör – Metall-Glas-Elemente;Gemeinde Inning a. Ammersee;Inning;643941;;45421100;80;https://ted.europa.eu/bg/notice/-/detail/460467-2026
457686-2026;2026-07-02T22:00:00.000Z;Deutschland – Fassadenarbeiten – LUD - Neubau Rettungswache inkl. SZ - Fassadenarbeiten;BG Kliniken Ludwigshafen und Tübingen gGmbH;Ludwigshafen;;2026-08-03T10:00:00.000Z;45421100;68;https://ted.europa.eu/bg/notice/-/detail/457686-2026
457923-2026;2026-07-02T22:00:00.000Z;Deutschland – Fassadenarbeiten – Sanierung Baulich-Technische Infrastruktur: Metallbau Fassade I - Sheddach;Max-Planck-Gesellschaft Abt.III;München;;2026-08-03T08:00:00.000Z;45421100;68;https://ted.europa.eu/bg/notice/-/detail/457923-2026
458579-2026;2026-07-02T22:00:00.000Z;Deutschland – Bauarbeiten für Stahlkonstruktionen – NBHL_306_Stahlbau;Stadt Lohne;Lohne;;2026-08-04T08:00:00.000Z;45223210;68;https://ted.europa.eu/bg/notice/-/detail/458579-2026
459443-2026;2026-07-02T22:00:00.000Z;Deutschland – Bauleistungen im Hochbau – Los 3.9 Verwaltungsgebäude Holzfenster;MAWV;Königs Wusterhausen;;2026-08-06T09:00:00.000Z;45421100;68;https://ted.europa.eu/bg/notice/-/detail/459443-2026
459546-2026;2026-07-02T22:00:00.000Z;Deutschland – Bauarbeiten für Stahlkonstruktionen – Realschule Simbach BA 3, Schlosserarbeiten;Landkreis Rottal-Inn;Pfarrkirchen;;2026-08-06T09:00:00.000Z;45223210;68;https://ted.europa.eu/bg/notice/-/detail/459546-2026
459791-2026;2026-07-02T22:00:00.000Z;Deutschland – Einbau von Türen und Fenstern sowie Zubehör – Metallbau - Fenster;Bundesrepublik Deutschland, vertreten durch den Landesbetrieb Bau und Immobilien Hessen, Zentrale Vergabe;Bad Nauheim;;2026-08-04T08:00:00.000Z;45421100;68;https://ted.europa.eu/bg/notice/-/detail/459791-2026
460650-2026;2026-07-02T22:00:00.000Z;Deutschland – Metallbauarbeiten – Metallbauarbeiten Brüstungselement;Landeshauptstadt München, Baureferat;München;;2026-08-04T08:20:00.000Z;45223210 45421160;68;https://ted.europa.eu/bg/notice/-/detail/460650-2026
459112-2026;2026-07-02T22:00:00.000Z;Deutschland – Bautischlerarbeiten – Neubau Grundschule Zur Ahrensdorfer Heide 11 in Ludwigsfelde - Los 16 - Tischlerarbeiten - Innentüren;Stadt Ludwigsfelde;Ludwigsfelde;;2026-08-11T12:00:00.000Z;45421000 45421131;63;https://ted.europa.eu/bg/notice/-/detail/459112-2026
457481-2026;2026-07-02T22:00:00.000Z;Deutschland – Bauarbeiten an Gebäuden für Not- und Rettungsdienste – Trockenbau, Akustikmaßnahmen und Metallunterdecken, Rettungszentrum;Stadt Freiburg i. Br. - Vergabemanagement;Freiburg im Breisgau;163363.52;;45421146;60;https://ted.europa.eu/bg/notice/-/detail/457481-2026
457422-2026;2026-07-02T22:00:00.000Z;Deutschland – Installation von Einbaumöbeln – Tischler Möbel VE 21;Stadt Heide;Heide;3131330;2026-07-20T08:10:00.000Z;45421153 45421150;55;https://ted.europa.eu/bg/notice/-/detail/457422-2026
457613-2026;2026-07-02T22:00:00.000Z;Deutschland – Einbau von Trennwänden – Erweiterung und Sanierung der Karl-Brauckmann-Schule: WC-Trennwände;Kreis Unna - Der Landrat;Unna;;2026-08-04T08:00:00.000Z;45421141 45421152;48;https://ted.europa.eu/bg/notice/-/detail/457613-2026
458284-2026;2026-07-02T22:00:00.000Z;Deutschland – Gipskartonarbeiten – Gymnasium im Schloss - Neubau Entlastungsbau II - Trockenbauarbeiten;Stadt Wolfenbüttel;Wolfenbüttel;;2026-08-03T07:00:00.000Z;45421148;48;https://ted.europa.eu/bg/notice/-/detail/458284-2026
459518-2026;2026-07-02T22:00:00.000Z;"Deutschland – Bauarbeiten – VOB 17-25O Errichtung eines Berufsschulcampus BA 1; VE 4-3180 Haus IV: Trockenbauarbeiten";Landkreis Vorpommern-Rügen;Stralsund;;2026-08-03T07:00:00.000Z;45421146;48;https://ted.europa.eu/bg/notice/-/detail/459518-2026
460293-2026;2026-07-02T22:00:00.000Z;Deutschland – Installation von Einbauküchen – Küchentechnik;Kreis Offenbach - FD Gebäudewirtschaft;Dietzenbach;;2026-08-04T08:00:00.000Z;45421151;48;https://ted.europa.eu/bg/notice/-/detail/460293-2026
460299-2026;2026-07-02T22:00:00.000Z;Deutschland – Bautischlerei-Einbauarbeiten – Bahrenfelder Straße 260 - Käfige und Netze;SBH | Schulbau Hamburg;Hamburg;40054000;2026-07-16T08:00:00.000Z;45421141;45;https://ted.europa.eu/bg/notice/-/detail/460299-2026
459140-2026;2026-07-02T22:00:00.000Z;"Deutschland – Metallbauarbeiten – Erw. Gesamtschule Verl; Metallbau- und Verglasungsarbeiten Neubau Innen";Zentrale Vergabestelle der Städte Rietberg, Verl und der Gemeinde Langenberg;Rietberg;;2026-07-09T08:00:00.000Z;45421130;43;https://ted.europa.eu/bg/notice/-/detail/459140-2026
459808-2026;2026-07-02T22:00:00.000Z;Deutschland – Installation von Einbauküchen – Küchen- und Einbaumöbel;Caritasverband für die Diözese Speyer e.V.;Speyer;;2026-07-20T10:00:00.000Z;45421151 45421153;43;https://ted.europa.eu/bg/notice/-/detail/459808-2026
460337-2026;2026-07-02T22:00:00.000Z;Deutschland – Fassadenarbeiten – NBKO_300_116_Pfosten-Riegel-Fassaden;Bezirk Oberfranken - Namens und im Auftrag der Gesundheitseinrichtungen des Bezirks Oberfranken;Bayreuth;;2026-07-17T08:00:00.000Z;45421130;43;https://ted.europa.eu/bg/notice/-/detail/460337-2026
458960-2026;2026-07-02T22:00:00.000Z;Deutschland – Einbau von Trennwänden – Rahmenvertrag (Zeitvertrag 2026-2028) WC-Trennwände;Kreisausschuss des Lahn-Dill-Kreises 12.4 Zentrale Vergabe- und Submissionsstelle;Wetzlar;-1;;45421141;40;https://ted.europa.eu/bg/notice/-/detail/458960-2026
456600-2026;2026-07-01T22:00:00.000Z;Deutschland – Einbau von Türen und Fenstern sowie Zubehör – BAU - VOB - LV12 Fensterarbeiten Holz - Schule PES;BBS Bau- und Betriebsservice GmbH;Mannheim;;2026-08-19T08:00:00.000Z;45421100;83;https://ted.europa.eu/bg/notice/-/detail/456600-2026
452976-2026;2026-07-01T22:00:00.000Z;Deutschland – Rohbauarbeiten – Triftstraße 43 - Erw. Rohbau;GMH | Gebäudemanagement Hamburg GmbH;Hamburg;1328795;;45223210;80;https://ted.europa.eu/bg/notice/-/detail/452976-2026
453289-2026;2026-07-01T22:00:00.000Z;Deutschland – Einbau von Türen und Fenstern sowie Zubehör – Abbruch und Neubau Personalwohnheim Thoraxklinik Heidelberg;Thoraxklinik am Universitätsklinikum Heidelberg gGmbH;Heidelberg;164004;;45421100 45421131 45421132 45421130;80;https://ted.europa.eu/bg/notice/-/detail/453289-2026
454065-2026;2026-07-01T22:00:00.000Z;Deutschland – Einbau von Türen und Fenstern sowie Zubehör – Schreinerarbeiten Holz Innentueren;Staatliches Bauamt Kempten;Kempten;808330.93;;45421100 45421141;80;https://ted.europa.eu/bg/notice/-/detail/454065-2026
456604-2026;2026-07-01T22:00:00.000Z;Deutschland – Einbau von Türen und Fenstern sowie Zubehör – Harksheider Straße 70 - Sporthallen Türen;SBH | Schulbau Hamburg;Hamburg;114057;;45421100 44221300;80;https://ted.europa.eu/bg/notice/-/detail/456604-2026
456653-2026;2026-07-01T22:00:00.000Z;Deutschland – Einbau von Türen und Fenstern sowie Zubehör – Bildungscampus Naumburg, Schönburger Straße, 06618 Naumburg, Los 3-05 Außentüren, Alu-Glas-Fassaden;Burgenlandkreis;Naumburg (Saale);365709.82;;45421100;80;https://ted.europa.eu/bg/notice/-/detail/456653-2026
453838-2026;2026-07-01T22:00:00.000Z;Deutschland – Bauarbeiten für Stahlkonstruktionen – Polizeipräsidium, Gesamtsanierung Stahlbauarbeiten;Vermögen und Bau Baden-Württemberg, Amt Heilbronn;Heilbronn;151572.52;2026-07-08T21:59:00.000Z;45223210;75;https://ted.europa.eu/bg/notice/-/detail/453838-2026
453564-2026;2026-07-01T22:00:00.000Z;Deutschland – Bauarbeiten – HBF, P7 Zugangsgebäude Lindenhofplatz - Schlosser- arbeiten, Stahlbau (V1);Mannheimer Parkhausbetriebe GmbH;Manheim;;;45223210;68;https://ted.europa.eu/bg/notice/-/detail/453564-2026
453585-2026;2026-07-01T22:00:00.000Z;Deutschland – Bauarbeiten für Stahlkonstruktionen – Schlosserarbeiten Einfriedung Hof;Kulturstiftung Dessau-Wörlitz;Dessau-Roßlau;;2026-08-03T08:00:00.000Z;45223210;68;https://ted.europa.eu/bg/notice/-/detail/453585-2026
454130-2026;2026-07-01T22:00:00.000Z;Deutschland – Metallbauarbeiten – Abbruch und Neubau Personalwohnheim Thoraxkkinik Heidelberg gGmbH;Thoraxklinik am Universitätsklinikum Heidelberg gGmbH;Heidelberg;;2026-08-04T07:59:00.000Z;45223210 45341000 45421147;68;https://ted.europa.eu/bg/notice/-/detail/454130-2026
455493-2026;2026-07-01T22:00:00.000Z;Deutschland – Einbau von Türen und Fenstern sowie Zubehör – Neubau Feuerwehr-Technisches-Zentrum in 15344 Strausberg, Los 13.2 - Innentüren Schiebetüren;Landkreis Märkisch-Oderland / Amt für Digitalisierung, Organisation und Personal;Seelow;;2026-08-03T12:00:00.000Z;45421100 45421130 45421131;68;https://ted.europa.eu/bg/notice/-/detail/455493-2026
455609-2026;2026-07-01T22:00:00.000Z;"Deutschland – Einbau von Türen und Fenstern sowie Zubehör – VOB 17-25O Errichtung eines Berufsschulcampus BA 1; VE 2-3090 Haus II Innentüren Holz";Landkreis Vorpommern-Rügen;Stralsund;;2026-07-31T10:00:00.000Z;45421100;68;https://ted.europa.eu/bg/notice/-/detail/455609-2026
454911-2026;2026-07-01T22:00:00.000Z;Deutschland – Einbau von Türen und Fenstern sowie Zubehör – Pfosten-Riegel-Fassade Feuerwache Kirchhellen;Stadt Bottrop;Bottrop;;2026-07-24T08:00:00.000Z;45421100;63;https://ted.europa.eu/bg/notice/-/detail/454911-2026
455478-2026;2026-07-01T22:00:00.000Z;Deutschland – Bauleistungen im Hochbau – Neubau OGTS und Schulmensa - Küchentechnik;Gemeinde Memmelsdorf;Memmelsdorf;;2026-08-19T08:00:00.000Z;45421151;63;https://ted.europa.eu/bg/notice/-/detail/455478-2026
453045-2026;2026-07-01T22:00:00.000Z;Deutschland – Bautischlerarbeiten – Tischlerarbeiten - Innentüren;Markt Großostheim;Großostheim;313341.77;;45421000 45421131;60;https://ted.europa.eu/bg/notice/-/detail/453045-2026
454224-2026;2026-07-01T22:00:00.000Z;Deutschland – Bautischlerarbeiten – TPB.362.33 Schreiner III Teeküchen;Deutsches Museum von Meisterwerken der Naturwissenschaft und Technik (AdöR);München;218917;;45421000 45421151;60;https://ted.europa.eu/bg/notice/-/detail/454224-2026
454424-2026;2026-07-01T22:00:00.000Z;"Deutschland – Einbau von Türen und Fenstern sowie Zubehör – Erweiterung / Sanierung Juri-Gagarin-Oberschule Fürstenwalde; Los 19a - Fensterbänke";Landkreis Oder-Spree - Der Landrat;Beeskow;39724.25;;45421100;60;https://ted.europa.eu/bg/notice/-/detail/454424-2026
455168-2026;2026-07-01T22:00:00.000Z;Deutschland – Einbau von Türen – Tübingen, UNI, Innovationscampus Cyber Valley 2. BA CyVy 2. BA 3.031.2 Schlosser 2 Stahl-Glas-Türen;Vermögen und Bau Baden-Württemberg, Amt Tübingen;Tübingen;634068.5;2026-08-04T07:00:00.000Z;45421131;60;https://ted.europa.eu/bg/notice/-/detail/455168-2026
455297-2026;2026-07-01T22:00:00.000Z;Deutschland – Bautischlerarbeiten – Sanierung Bestandsgebäude Altfriedschule, Frintroper Str. 432a, 45359 Essen - Tischlerarbeiten - Innentüren und Fensterbänke;Stadt Essen - Immobilienwirtschaft;Essen;124143.1;;45421000 45421131;60;https://ted.europa.eu/bg/notice/-/detail/455297-2026
455424-2026;2026-07-01T22:00:00.000Z;Deutschland – Einbau von Fenstern – 300.026.2_4 / Fensterbauarbeiten Alu;Zweckverband Berufliches Schulzentrum Kempten (Allgäu);Kempten (Allgäu);573278.93;;45421132 44221100;60;https://ted.europa.eu/bg/notice/-/detail/455424-2026
456375-2026;2026-07-01T22:00:00.000Z;Deutschland – Metallbauarbeiten – SV-CMÜ-260323-003 - SOST - Sanierung Olympiastadion München, Metalltürarbeiten II;SWM Services GmbH;München;0;;45421100 45421131;60;https://ted.europa.eu/bg/notice/-/detail/456375-2026
453430-2026;2026-07-01T22:00:00.000Z;"Deutschland – Einbau von Trennwänden – Neubau Friedensschule Osnabrück; mobile Trennwände";Stadt Osnabrück - FD Öffentliche Aufträge;Osnabrück;;2026-08-03T06:30:00.000Z;45421141 45421000;48;https://ted.europa.eu/bg/notice/-/detail/453430-2026
454145-2026;2026-07-01T22:00:00.000Z;Deutschland – Wandverkleidungsarbeiten – Prallwand + Sporthallentüren/-tore;Evangelische Kirche von Westfalen, Das Landeskirchenamt;Bielefeld;;2026-07-31T08:00:00.000Z;44221200 44221220 45421131;48;https://ted.europa.eu/bg/notice/-/detail/454145-2026
454391-2026;2026-07-01T22:00:00.000Z;Deutschland – Einbau von Trennwänden – Mobiltrennwände_VE 311;Universitätsmedizin der Johannes Gutenberg-Universität Mainz;Mainz;;2026-07-28T08:00:00.000Z;45421141;43;https://ted.europa.eu/bg/notice/-/detail/454391-2026
455509-2026;2026-07-01T22:00:00.000Z;Deutschland – Installation von Einbaumöbeln – Generalsanierung Hogy | Fachklassenausstattung Naturwissenschaften inkl. Wartung;Stadtverwaltung Göppingen;Göppingen;;2026-08-03T07:00:00.000Z;45421153;48;https://ted.europa.eu/bg/notice/-/detail/455509-2026
456276-2026;2026-07-01T22:00:00.000Z;"Deutschland – Einbau von Türen – Landkreis Ludwigslust-Parchim - Gymnasiales Schulzentrum ""Fritz Reuter"", 2. BA - Modernisierung Haus 3, Los 227 Tischler- und Beschlagarbeiten Innentüren, 19303 Dömitz";Landkreis Ludwigslust-Parchim - Der Landrat;Parchim;;2026-07-31T07:00:00.000Z;45421131 44221200 44221210;48;https://ted.europa.eu/bg/notice/-/detail/456276-2026
453012-2026;2026-07-01T22:00:00.000Z;Deutschland – Metallbauarbeiten – Metallbauarbeiten: Trafotüren und Druckentlastungsklappen;Land Hessen, vertreten durch den Landesbetrieb Bau und Immobilien Hessen, Zentrale Vergabe;Bad Nauheim;;2026-07-08T07:00:00.000Z;45421131;43;https://ted.europa.eu/bg/notice/-/detail/453012-2026
455004-2026;2026-07-01T22:00:00.000Z;"Deutschland – Einbau von Trennwänden – Erw. Gesamtschule Verl; Mobile Trennwand";Zentrale Vergabestelle der Städte Rietberg, Verl und der Gemeinde Langenberg;Rietberg;;2026-07-21T08:00:00.000Z;45421141 45421152;43;https://ted.europa.eu/bg/notice/-/detail/455004-2026
456333-2026;2026-07-01T22:00:00.000Z;Deutschland – Einbau von abgehängten Decken – LRS - Turnhallenausbau - Prallwand - Sporthallenwandbekleidung einschl. zugehöriger Türen, Tore und Revisionselemente;Stadt Kaufbeuren;Kaufbeuren;;2026-07-22T07:50:00.000Z;45421146 45421152;43;https://ted.europa.eu/bg/notice/-/detail/456333-2026
456426-2026;2026-07-01T22:00:00.000Z;Deutschland – Einbau von abgehängten Decken – Erweiterung und energetische Sanierung der Ludwig-Reinhard-Schule mit Neubau einer 2-fach Schulsporthalle in 87600 Kaufbeuren;Stadt Kaufbeuren;Kaufbeuren;;2026-07-22T07:30:00.000Z;45421146;43;https://ted.europa.eu/bg/notice/-/detail/456426-2026
450928-2026;2026-06-30T22:00:00.000Z;Deutschland – Bauarbeiten – messe- kongress- kulturforum saarbrücken - fassadenarbeiten;Congress-Centrum Saar GmbH;Saarbrücken;;2026-08-12T12:00:00.000Z;45421100;83;https://ted.europa.eu/bg/notice/-/detail/450928-2026
451274-2026;2026-06-30T22:00:00.000Z;Deutschland – Einbau von Türen und Fenstern sowie Zubehör – Schreinerarbeiten (Fenster, Außentüren, Sonnenschutz);Stadt Geisenfeld;Geisenfeld;;2026-08-11T08:00:00.000Z;45421100;83;https://ted.europa.eu/bg/notice/-/detail/451274-2026
449248-2026;2026-06-30T22:00:00.000Z;Deutschland – Einbau von Türen und Fenstern sowie Zubehör – Fensterarbeiten;OPG Offenbacher Projektentwicklungsgesellschaft mbH im Namen und Rechnung des Magistrates der Stadt Offenbach am Main;Offenbach am Main;367446.8;;45421100;80;https://ted.europa.eu/bg/notice/-/detail/449248-2026
449212-2026;2026-06-30T22:00:00.000Z;"Deutschland – Bauarbeiten – Ausschreibung von Außenfenster; Außentüren (Gewerk 326B) für den Neubau des AKK";AKK Altonaer Kinderkrankenhaus gGmbH;Hamburg;;2026-07-31T08:00:00.000Z;44221000 45421100;68;https://ted.europa.eu/bg/notice/-/detail/449212-2026
449639-2026;2026-06-30T22:00:00.000Z;Deutschland – Einbau von Türen und Fenstern sowie Zubehör – 032 Alu-Türen und, Alu Pfosten Riegel F., Alu-Fenster;Stadt Augsburg;Augsburg;;2026-07-31T09:00:00.000Z;45421100;68;https://ted.europa.eu/bg/notice/-/detail/449639-2026
450127-2026;2026-06-30T22:00:00.000Z;Deutschland – Bauarbeiten – Tischlerarbeiten - Erweiterung der Annette-von-Droste-Hülshoffschule Nienberge;Stadt Münster - Zentrale Rechtsdienstleistungen und Vergabemanagement;Münster;;2026-08-03T05:30:00.000Z;45421100 45421000;68;https://ted.europa.eu/bg/notice/-/detail/450127-2026
450372-2026;2026-06-30T22:00:00.000Z;Deutschland – Einbau von Türen und Fenstern sowie Zubehör – Metalltüren (VE034), CVK, DHZC;Charité - Universitätsmedizin Berlin;Berlin;;2026-07-29T08:00:00.000Z;45421100;68;https://ted.europa.eu/bg/notice/-/detail/450372-2026
450710-2026;2026-06-30T22:00:00.000Z;Deutschland – Bauarbeiten für Stahlkonstruktionen – Umbau- und Modernisierungsmaßnahmen der 'Baumwollspinnerei' Sankt Ingbert;Stadtverwaltung Sankt Ingbert;St. Ingbert;;2026-07-30T08:00:00.000Z;45223210;68;https://ted.europa.eu/bg/notice/-/detail/450710-2026
450753-2026;2026-06-30T22:00:00.000Z;Deutschland – Installation von Zäunen, Geländern und Sicherheitseinrichtungen – TPB.336.01 Vereinzelungsanlagen;Deutsches Museum von Meisterwerken der Naturwissenschaft und Technik (AdöR);München;;2026-08-03T12:00:00.000Z;45340000;68;https://ted.europa.eu/bg/notice/-/detail/450753-2026
450849-2026;2026-06-30T22:00:00.000Z;Deutschland – Einbau von Türen und Fenstern sowie Zubehör – Fensterbauarbeiten und Außentüren, Max-Weber-Schule;Stadt Freiburg i. Br. - Vergabemanagement;Freiburg im Breisgau;;2026-08-04T07:20:00.000Z;45421100;68;https://ted.europa.eu/bg/notice/-/detail/450849-2026
449748-2026;2026-06-30T22:00:00.000Z;Deutschland – Gipskartonarbeiten – Trockenbauarbeiten SOM 2.OG - 6.OG;Trägergesellschaft Kliniken Aurich-Emden-Norden mbH;Aurich;;2026-08-24T10:00:00.000Z;45421146;63;https://ted.europa.eu/bg/notice/-/detail/449748-2026
450833-2026;2026-06-30T22:00:00.000Z;Deutschland – Fassadenarbeiten – Neubau kbo-Inn-Salzach-Klinikum - Errichtung Pflegegebäude BT C + D - 107_3-3210 Fassadenarbeiten;kbo-Inn-Salzach Klinikum gGmbH;Wasserburg;;2026-07-09T08:00:00.000Z;45421100;63;https://ted.europa.eu/bg/notice/-/detail/450833-2026
452086-2026;2026-06-30T22:00:00.000Z;Deutschland – Bauleistungen im Hochbau – Glaserarbeiten;Stadt Bad Staffelstein;Bad Staffelstein;;2026-07-17T08:00:00.000Z;45421100 44221100 44221200;63;https://ted.europa.eu/bg/notice/-/detail/452086-2026
450453-2026;2026-06-30T22:00:00.000Z;Deutschland – Gipskartonarbeiten – Trockenbauarbeiten 70-00001-2040-309;Fraunhofer-Gesellschaft zur Förderung der angewandten Forschung e.V.;München;2094737;;45421141;60;https://ted.europa.eu/bg/notice/-/detail/450453-2026
451655-2026;2026-06-30T22:00:00.000Z;Deutschland – Gipskartonarbeiten – Bildungscampus Naumburg, Schönburger Straße, 06618 Naumburg, Los 3-10 Trockenbauarbeiten;Burgenlandkreis;Naumburg (Saale);1244218.59;;45421146;60;https://ted.europa.eu/bg/notice/-/detail/451655-2026
452411-2026;2026-06-30T22:00:00.000Z;Deutschland – Installation von Jalousien – Auftragsänderung 2: Bekanntmachung - Wiederaufbau Johannes-Sturmius Gymnasium, Sonnenschutz;Stadt Schleiden;Schleiden;100414.93;;45421143;60;https://ted.europa.eu/bg/notice/-/detail/452411-2026
452611-2026;2026-06-30T22:00:00.000Z;Deutschland – Fassadenarbeiten – 300.019.1_4 / Pfosten-Riegel-Fassade;Zweckverband Berufliches Schulzentrum Kempten (Allgäu);Kempten (Allgäu);200820.21;;44221100 45421132;60;https://ted.europa.eu/bg/notice/-/detail/452611-2026
452686-2026;2026-06-30T22:00:00.000Z;Deutschland – Brandschutzarbeiten – Genslerstraße 33 - Brandschutzputz;SBH | Schulbau Hamburg;Hamburg;9586000;2026-07-31T08:00:00.000Z;45343100;60;https://ted.europa.eu/bg/notice/-/detail/452686-2026
449866-2026;2026-06-30T22:00:00.000Z;Deutschland – Bautischlerei-Einbauarbeiten – Am Pferdemarkt 23-26, SÖR Neubau Betriebszentrale, Sanitärtrennwände MuFu;Stadt Nürnberg Hochbauamt SöR;Nürnberg;;;45421141 45421152;48;https://ted.europa.eu/bg/notice/-/detail/449866-2026
449877-2026;2026-06-30T22:00:00.000Z;Deutschland – Installation von Einbauküchen – Küchentechnik;Kulturstiftung Fürth, im Sondervermögen der DT Deutsche Stiftungstreuhand AG;Fürth;;2026-07-30T07:00:00.000Z;45421151;48;https://ted.europa.eu/bg/notice/-/detail/449877-2026
450216-2026;2026-06-30T22:00:00.000Z;Deutschland – Einbau von Türen – 033 Stahl- und Stahlglastüren;Stadt Augsburg;Augsburg;;2026-07-31T09:30:00.000Z;45421131;48;https://ted.europa.eu/bg/notice/-/detail/450216-2026
452069-2026;2026-06-30T22:00:00.000Z;Deutschland – Gipskartonarbeiten – Trockenbau Wände und Holzinnentüren;Universitätsklinikum Halle (Saale);Halle (Saale);;;44221200;48;https://ted.europa.eu/bg/notice/-/detail/452069-2026
452488-2026;2026-06-30T22:00:00.000Z;Deutschland – Einbau von Fenstern – 031 Holz-Alufenster und Holz-Alu Pfosten Riegel F.;Stadt Augsburg;Augsburg;;2026-07-31T08:30:00.000Z;45421132;48;https://ted.europa.eu/bg/notice/-/detail/452488-2026
452494-2026;2026-06-30T22:00:00.000Z;Deutschland – Einbau von Trennwänden – Gemeinde Tappenbeck: Neubau eines Sport- und Gemeinschaftsparks: Mobile Trennwand;Gemeinde Tappenbeck;Tappenbeck;;2026-07-29T08:00:00.000Z;45421141 45421152;48;https://ted.europa.eu/bg/notice/-/detail/452494-2026
449377-2026;2026-06-30T22:00:00.000Z;Deutschland – Bau von Kliniken – Krankenhaus Wittmund gGmbH: 2. BA Tischlerarbeiten;Krankenhaus Wittmund gGmbH;Wittmund;0;2026-08-05T08:00:00.000Z;45421150;40;https://ted.europa.eu/bg/notice/-/detail/449377-2026
450393-2026;2026-06-30T22:00:00.000Z;Deutschland – Installation von Einbauküchen – Einbauküchen;Evangelisches Diakonissenhaus Berlin Teltow Lehnin;Teltow;51932.77;;45421151;40;https://ted.europa.eu/bg/notice/-/detail/450393-2026
450608-2026;2026-06-30T22:00:00.000Z;Deutschland – Einbau von Türen – Innentüren;OPG Offenbacher Projektentwicklungsgesellschaft mbH im Namen und Rechnung des Magistrates der Stadt Offenbach Main, Eigenbetrieb (ESO), kommunale Dienstleistungen;Offenbach am Main;52855;;45421131;40;https://ted.europa.eu/bg/notice/-/detail/450608-2026
452166-2026;2026-06-30T22:00:00.000Z;Deutschland – Einbau von abgehängten Decken – Fassadensanierung Kreisberufsschulzentrum Aalen - Deckenarbeiten -;Landratsamt Ostalbkreis - Zentrale Vergabestelle;Aalen;31810;;45421146;40;https://ted.europa.eu/bg/notice/-/detail/452166-2026
445921-2026;2026-06-29T22:00:00.000Z;Deutschland – Einbau von Türen – Neubau Feuerwehr-Technisches-Zentrum in 15344 Strausberg, Los 14 - Innentüren Aluminium;Landkreis Märkisch-Oderland / Amt für Digitalisierung, Organisation und Personal;Seelow;;2026-07-30T12:00:00.000Z;45421100 45421131 45421110 45421130;68;https://ted.europa.eu/bg/notice/-/detail/445921-2026
446124-2026;2026-06-29T22:00:00.000Z;Deutschland – Bau von Konstruktionen und baulichen Anlagen – Nationales Hockey-Trainingszentrum Kaltlufthalle - Hallenbauwerk - VE3-03;EWMG – Entwicklungsgesellschaft der Stadt Mönchengladbach mbH;Mönchengladbach;;2026-08-03T09:00:00.000Z;45223210;68;https://ted.europa.eu/bg/notice/-/detail/446124-2026
446323-2026;2026-06-29T22:00:00.000Z;Deutschland – Metallbauarbeiten – SEP GS Schützenstraße - Sanierung und Erweiterung - Metallbau- und Beschlagarbeiten / Innentüren (Alu-Rahmen u. -Zargen);Stadt Solingen;Solingen;;2026-07-30T08:00:00.000Z;45421160 45421120 45421131;68;https://ted.europa.eu/bg/notice/-/detail/446323-2026
446403-2026;2026-06-29T22:00:00.000Z;Deutschland – Einbau von Türen und Fenstern sowie Zubehör – Hofburgschule Alten-Buseck Erweiterungsanbau, Fenster, Glasfassade;Landkreis Gießen - Der Kreisausschuss -;Gießen;;;45421100;68;https://ted.europa.eu/bg/notice/-/detail/446403-2026
447835-2026;2026-06-29T22:00:00.000Z;Deutschland – Bauarbeiten – Umweltbundesamt - Dahlemer Dreieck Haus 1 - Tischler- und Beschlagarbeiten - Vergabe 1637/2026;Bundesamt für Bauwesen und Raumordnung, in Vertretung der Bundesanstalt für Immobilienaufgaben;Berlin;;2026-08-04T08:30:00.000Z;45421100 45421160;68;https://ted.europa.eu/bg/notice/-/detail/447835-2026
448310-2026;2026-06-29T22:00:00.000Z;Deutschland – Einbau von Türen und Fenstern sowie Zubehör – VE07 PR Konstruktion Holz, Alu, Außenfenster, Außentüren - Grundschule Barendorf;Samtgemeinde Ostheide;Barendorf;;2026-07-30T08:00:00.000Z;45421100;68;https://ted.europa.eu/bg/notice/-/detail/448310-2026
448548-2026;2026-06-29T22:00:00.000Z;Deutschland – Einbau von Türen und Fenstern sowie Zubehör – KKE17 Metallbauarbeiten Außenfenster, PR;Land Schleswig-Holstein endvertreten durch Gebäudemanagement Schleswig-Holstein AöR;Lübeck;;2026-08-06T07:15:00.000Z;45421100;68;https://ted.europa.eu/bg/notice/-/detail/448548-2026
448676-2026;2026-06-29T22:00:00.000Z;Deutschland – Einbau von Türen und Fenstern sowie Zubehör – Zoo Krefeld Orang-Utan Anlage (BA.2) | Stahlfenster / Verglasungen;Zoo Krefeld gGmbH;Krefeld;;2026-08-04T10:00:00.000Z;45421100;68;https://ted.europa.eu/bg/notice/-/detail/448676-2026
449072-2026;2026-06-29T22:00:00.000Z;Deutschland – Bautischlerarbeiten – Um- und Neubau Rathaus Grefrath - Holzfenster Altbau;Gemeinde Grefrath;Grefrath;;2026-07-30T08:00:00.000Z;45421100 45421000;68;https://ted.europa.eu/bg/notice/-/detail/449072-2026
447355-2026;2026-06-29T22:00:00.000Z;Deutschland – Bau von Anlandevorrichtungen – Grundinstandsetzung Hellinganlage am Bauhof Würzburg;WSA Main Standort Schweinfurt;Würzburg;;2026-07-09T08:59:00.000Z;45223210;63;https://ted.europa.eu/bg/notice/-/detail/447355-2026
448173-2026;2026-06-29T22:00:00.000Z;Deutschland – Einbau von Türen und Fenstern sowie Zubehör – 26S80077, Wilhelmstein-Kaserne, Neubau zentrales Waffenkammergebäude, Metallbau, Glas-Alu Elemente und Innentüren;Bundesrepublik Deutschland vertreten durch das Staatliche Baumanagement Niedersachsen;Nienburg/Weser;;2026-07-28T05:00:00.000Z;45421100;63;https://ted.europa.eu/bg/notice/-/detail/448173-2026
445738-2026;2026-06-29T22:00:00.000Z;Deutschland – Einbau von Toren – Toranlagen (116VN504 / Husum, JuLeKa, Flächen f. WAZg 1./SpezPi);Bundesrepublik Deutschland endvertreten durch Gebäudemanagement Schleswig-Holstein;Lübeck;352578.38;;45421148;60;https://ted.europa.eu/bg/notice/-/detail/445738-2026
445810-2026;2026-06-29T22:00:00.000Z;"Deutschland – Einbau von Türen – Münster, Forschungsfertigung Batteriezelle 2.BA Fab; Innentüren";NRW.URBAN GmbH & Co.KG;Düsseldorf;2963261;;45421131 44221200 44221220 44221300 45343000;60;https://ted.europa.eu/bg/notice/-/detail/445810-2026
445826-2026;2026-06-29T22:00:00.000Z;Deutschland – Einbau von Türen – Neubau Kita in der Carl-Villinger-Straße - Innentüren;Stadtverwaltung Worms, Abt. 6.4 Zentrale Ausschreibungsstelle und Dienste;Worms;301304.31;;45421131;60;https://ted.europa.eu/bg/notice/-/detail/445826-2026
447077-2026;2026-06-29T22:00:00.000Z;Deutschland – Installation von Zentralheizungen – Heizungsarbeiten 2. BA;Landeshauptstadt München, Baureferat;München;1050111.02;;45343100;60;https://ted.europa.eu/bg/notice/-/detail/447077-2026
447237-2026;2026-06-29T22:00:00.000Z;Deutschland – Metallbauarbeiten – Notleitstelle Kafkastraße, U-Bahn Nürnberg: Vergabepaket 25 - Stahlbau Unterkonstruktion Diesel;Stadt Nürnberg, U-Bahnbauamt;Nürnberg;45772.1;;45223210;60;https://ted.europa.eu/bg/notice/-/detail/447237-2026
447335-2026;2026-06-29T22:00:00.000Z;"Deutschland – Installation von Einbauküchen – Erich-Maria-Remarque-Schule, Erweiterung zur Oberschule; 471 Küchentechnik";Stadt Osnabrück - FD Öffentliche Aufträge;Osnabrück;197878.56;;45421151;60;https://ted.europa.eu/bg/notice/-/detail/447335-2026
447529-2026;2026-06-29T22:00:00.000Z;Deutschland – Einbau von Türen – Innentueren PK und Mensa;Staatliches Bauamt München 2;München;173658.09;;45421131;60;https://ted.europa.eu/bg/notice/-/detail/447529-2026
448742-2026;2026-06-29T22:00:00.000Z;Deutschland – Zimmer- und Tischlerarbeiten – Sporthallentüren, Prallwand;Kemptener Kommunalunternehmen;Kempten (Allgäu);460521.1;;45421131;60;https://ted.europa.eu/bg/notice/-/detail/448742-2026
445769-2026;2026-06-29T22:00:00.000Z;Deutschland – Fassadenarbeiten – Restaurator Fenster Fassade Holz KGB;Stiftung Katholische Universität Eichstätt-Ingolstadt;Eichstätt;;2026-08-05T10:20:00.000Z;45421132;48;https://ted.europa.eu/bg/notice/-/detail/445769-2026
445919-2026;2026-06-29T22:00:00.000Z;Deutschland – Installation von Einbaumöbeln – Sächs. Kompetenzz. Lausitzer Revier Königswartha Zentrum Fischwirtschaft;Staatsbetrieb Sächsisches Immobilien- und Baumanagement, Zentrale, Zentralstelle Vergabe- und Vertragsmanagement;Dresden;;2026-08-03T07:00:00.000Z;45421153;48;https://ted.europa.eu/bg/notice/-/detail/445919-2026
446424-2026;2026-06-29T22:00:00.000Z;Deutschland – Reparatur und Wartung von Pumpen, Ventilen, Hähnen, Metallbehältern und Maschinen – Wartung Brandschutzklappen;Universitätsklinikum Düsseldorf;Düsseldorf;;;45343100;48;https://ted.europa.eu/bg/notice/-/detail/446424-2026
446474-2026;2026-06-29T22:00:00.000Z;Deutschland – Bau von Grundschulen – SEP Grundschule Gerberstraße - Metallbauarbeiten;Stadt Solingen;Solingen;;2026-07-30T08:00:00.000Z;45421130 45421145;48;https://ted.europa.eu/bg/notice/-/detail/446474-2026
447389-2026;2026-06-29T22:00:00.000Z;Deutschland – Wärmedämmarbeiten – Dämm- und Brandschutzarbeiten an technischen Anlagen;Landeshauptstadt München, Baureferat;München;;2026-07-28T09:20:00.000Z;45343100;43;https://ted.europa.eu/bg/notice/-/detail/447389-2026
447955-2026;2026-06-29T22:00:00.000Z;Deutschland – Einbau von Türen – Neubau Straßenmeisterei Calw - Metallbau- Türen;Landkreis Calw, Gebäudemanagement und Liegenschaften;Calw;;;45421131;48;https://ted.europa.eu/bg/notice/-/detail/447955-2026
448074-2026;2026-06-29T22:00:00.000Z;Deutschland – Einbau von Türen und Fenstern – GS Ost Saarbrücken -Umbau im Bestand -Fenster;Gebäudemanagementbetrieb der Landeshauptstadt Saarbrücken - GMS;Saarbrücken;;;45421130;48;https://ted.europa.eu/bg/notice/-/detail/448074-2026
448424-2026;2026-06-29T22:00:00.000Z;"Deutschland – Installation von Einbauküchen – Tischlerarbeiten - Küchenausstattung; Neubau Kita Schwarzenholz";Gemeinde Saarwellingen Bauamt;Saarwellingen;;;45421151;48;https://ted.europa.eu/bg/notice/-/detail/448424-2026
446746-2026;2026-06-29T22:00:00.000Z;Deutschland – Fassadenarbeiten – NBKO_300_116_Pfosten-Riegel-Fassaden;Bezirk Oberfranken - Namens und im Auftrag der Gesundheitseinrichtungen des Bezirks Oberfranken;Bayreuth;;2026-07-10T08:00:00.000Z;45421130;43;https://ted.europa.eu/bg/notice/-/detail/446746-2026
447191-2026;2026-06-29T22:00:00.000Z;Deutschland – Metallbauarbeiten – Landkreis Ludwigslust-Parchim - Neubau Feuerwehr-Service-Zentrum in Neustadt-Glewe - Los 312 - Metallbau & Schlosser inkl. Tore und Stahlblechtüren;Landkreis Ludwigslust-Parchim - Der Landrat;Parchim;;2026-07-14T09:15:00.000Z;44221200 44221300;43;https://ted.europa.eu/bg/notice/-/detail/447191-2026
448897-2026;2026-06-29T22:00:00.000Z;Deutschland – Einbau von Toren – Neubau Hauptamtl. Feuer- und Rettungswache Lüdenscheid - VE 309 - Sektionaltore;Stadt Lüdenscheid;Lüdenscheid;;2026-07-27T10:00:00.000Z;45421148 44221300;43;https://ted.europa.eu/bg/notice/-/detail/448897-2026
442633-2026;2026-06-28T22:00:00.000Z;Deutschland – Bauleistungen im Hochbau – Los 008 - PR- und Vorhangfassade, Außentüren, Sonnenschutz - Neubau Sporthalle Artur-Becker-Oberschule;Große Kreisstadt Delitzsch, SG 65;Delitzsch;1546588.26;2026-07-30T11:00:00.000Z;45421100 45421145;80;https://ted.europa.eu/bg/notice/-/detail/442633-2026
444140-2026;2026-06-28T22:00:00.000Z;Deutschland – Metallbauarbeiten – Neubau des Mobilitätszentrums UrbanLand (MZL) Schlosser;Technische Hochschule Ostwestfalen-Lippe;Lemgo;239679.8;;45223210 45421100;80;https://ted.europa.eu/bg/notice/-/detail/444140-2026
445292-2026;2026-06-28T22:00:00.000Z;Deutschland – Bauarbeiten – Bundesministerium f. Umwelt, Naturschutz, nukleare Sicherheit u. Verbraucherschutz - Erweiterungsbau - Stahlbauarbeiten - 139/2026;Bundesamt für Bauwesen und Raumordnung, in Vertretung der Bundesanstalt für Immobilienaufgaben;Berlin;748794;;45262410 45223210;80;https://ted.europa.eu/bg/notice/-/detail/445292-2026
442114-2026;2026-06-28T22:00:00.000Z;Deutschland – Einbau von Türen und Fenstern sowie Zubehör – Rohrrahmentüren (VE035), CVK, DHZC;Charité - Universitätsmedizin Berlin;Berlin;;2026-07-29T08:00:00.000Z;45421100;68;https://ted.europa.eu/bg/notice/-/detail/442114-2026
443014-2026;2026-06-28T22:00:00.000Z;Deutschland – Einbau von Türen und Fenstern sowie Zubehör – Sanierung GGS Bergstraße Alt-Wetter - Fenster und Türen;Stadt Wetter (Ruhr);Wetter (Ruhr);;2026-07-30T08:00:00.000Z;45421100 45421110 45421130 45421111 45421112 45421131 45421132;68;https://ted.europa.eu/bg/notice/-/detail/443014-2026
443678-2026;2026-06-28T22:00:00.000Z;Deutschland – Errichtung von Zäunen – LOS 27 - Außenanlagen - Zaunbau, Sanierung und Erweiterung der Wilhelm-Tempel-Grundschule Niedercunnersdorf;Gemäß VOB/B (Vergabe- und Vertragsordnung für Bauleistung (Teil B)) sowie den Weiteren besonderen Vertragsbedingungen für die Ausführung von Bauleistungen, sowie den Zusätzlichen Vertragsbedingungen für die Ausführung von Bauleistungen. Die weiteren Besonderen Vertragsbedingungen sowie die Zusätzlichen Vertragsbedingungen liegen den Ausschreibungsunterlagen bei.;Kottmar;;2026-08-03T08:00:00.000Z;45342000 45340000;68;https://ted.europa.eu/bg/notice/-/detail/443678-2026
445057-2026;2026-06-28T22:00:00.000Z;Deutschland – Einbau von Türen und Fenstern sowie Zubehör – Holztüren (VE033), CVK, DHZC;Charité - Universitätsmedizin Berlin;Berlin;;2026-07-29T08:00:00.000Z;45421100;68;https://ted.europa.eu/bg/notice/-/detail/445057-2026
444879-2026;2026-06-28T22:00:00.000Z;Deutschland – Bauarbeiten – Stahlbauarbeiten, Brandschutztechnische und energetische Sanierung des Märkischen Gymnasiums und der Stadthalle Wattenscheid, Saarlandstraße 38-44;Stadt Bochum, Referat Zentrale Vergabestelle;Bochum;;2026-07-27T08:00:00.000Z;45223210 45343100;63;https://ted.europa.eu/bg/notice/-/detail/444879-2026
445436-2026;2026-06-28T22:00:00.000Z;Deutschland – Bauarbeiten für Stahlkonstruktionen – 62-2026-383-EA - Stahlbauarbeiten DIN 18335, Metallbauarbeiten DIN 18360;Stadt Regensburg;Regensburg;;2026-07-13T08:00:00.000Z;45223210;63;https://ted.europa.eu/bg/notice/-/detail/445436-2026
443009-2026;2026-06-28T22:00:00.000Z;Deutschland – Einbau von Türen – Asklepios Südpfalzklinik Kandel - Neubau OP, ZNA, ITS;Asklepios Südpfalzkliniken GmbH - Asklepios Südpfalzklinik Kandel;Kandel;233191;;45421131 44221200;60;https://ted.europa.eu/bg/notice/-/detail/443009-2026
443206-2026;2026-06-28T22:00:00.000Z;Deutschland – Einbau von Türen – Asklepios Südpfalzklinik Kandel - Neubau OP, ZNA, ITS;Asklepios Südpfalzkliniken GmbH - Asklepios Südpfalzklinik Kandel;Kandel;539329;;45421131 44221200;60;https://ted.europa.eu/bg/notice/-/detail/443206-2026
443383-2026;2026-06-28T22:00:00.000Z;Deutschland – Einbau von Fenstern – SWU-AF | Avenio XL - Fenster;SWU Verkehr GmbH;Ulm;116606.85;;45421132;60;https://ted.europa.eu/bg/notice/-/detail/443383-2026
443843-2026;2026-06-28T22:00:00.000Z;Deutschland – Einbau von Türen – Universitätsklinikum Münster - Rahmenverträge 2026 - R18 Türen und Zargen;Universitätsklinikum Münster;Münster;425266.5;;45421131 45421111;60;https://ted.europa.eu/bg/notice/-/detail/443843-2026
444738-2026;2026-06-28T22:00:00.000Z;Deutschland – Einbau von Türen – Asklepios Südpfalzklinik Kandel - Neubau OP, ZNA, ITS;Asklepios Südpfalzkliniken GmbH - Asklepios Südpfalzklinik Kandel;Kandel;346903;;45421131 44221230;60;https://ted.europa.eu/bg/notice/-/detail/444738-2026
444900-2026;2026-06-28T22:00:00.000Z;Deutschland – Installation von Zäunen, Geländern und Sicherheitseinrichtungen – Einfriedung Grundstück;Stadt Freising;Freising;38375.82;;45340000;60;https://ted.europa.eu/bg/notice/-/detail/444900-2026
445338-2026;2026-06-28T22:00:00.000Z;Deutschland – Einbau von Fenstern – Sonnenland 27 - Tischler Fenster;SBH | Schulbau Hamburg;Hamburg;8421000;2026-07-28T08:00:00.000Z;45421132;60;https://ted.europa.eu/bg/notice/-/detail/445338-2026
445361-2026;2026-06-28T22:00:00.000Z;Deutschland – Zimmer- und Tischlerarbeiten – GAZ - Los 27.1 (Tischlerarbeiten);Landkreis Vorpommern-Greifswald - Der Landrat;Greifswald;346229.53;;45421000 45421152 45421153;60;https://ted.europa.eu/bg/notice/-/detail/445361-2026
445485-2026;2026-06-28T22:00:00.000Z;Deutschland – Fassadenarbeiten – MPI für Astronomie in Heidelberg - Erweiterung Institutsgebäude - Fassade, Fenster und Sonnneschutz;Max-Planck-Gesellschaft , GV-Bauabteilung;München;1787060.94;;44221100 44221110 45421132;60;https://ted.europa.eu/bg/notice/-/detail/445485-2026
444200-2026;2026-06-28T22:00:00.000Z;"Deutschland – Einbau von Fenstern – Alte Staatsgalerie Stuttgart Fenster - Holzfenster - Instandsetzung, Austausch, Sicherheit; ASG Fassaden 3. BA, 3.6-3.7";Vermögen und Bau Baden-Württemberg, Amt Stuttgart;Stuttgart;1415000;2026-07-28T07:00:00.000Z;45421132;55;https://ted.europa.eu/bg/notice/-/detail/444200-2026
442458-2026;2026-06-28T22:00:00.000Z;Deutschland – Einbau von Trennwänden – Ersatzneubauten für den Müllabfuhrbetrieb Raubling - Bürotrennwände und Innentüren für Gebäude 2;Landkreis Rosenheim - Kreiseigener Hochbau;Rosenheim;;2026-08-04T08:00:00.000Z;45421141 45421131;48;https://ted.europa.eu/bg/notice/-/detail/442458-2026
443720-2026;2026-06-28T22:00:00.000Z;Deutschland – Einbau von Fenstern – Theodor-Heuss-Schule, Erweiterung als 3,5-zügige Grundschule mit Nachmittagsbetreuung, Schreinerarbeiten Holzfenster;Hanau Immobilien- und Baumanagement, Eigenbetrieb der Stadt Hanau;Hanau;;2026-07-28T07:30:00.000Z;45421132;48;https://ted.europa.eu/bg/notice/-/detail/443720-2026
444791-2026;2026-06-28T22:00:00.000Z;Deutschland – Zimmer- und Tischlerarbeiten – Auftragsänderung 3: Bürgercampus Stadt Ahlen, Neubau Stadthaus, Tischlerarbeiten - Innentüren;Stadt Ahlen;Ahlen;;;44221200;48;https://ted.europa.eu/bg/notice/-/detail/444791-2026
442039-2026;2026-06-28T22:00:00.000Z;Deutschland – Einbau von Tür- und Fensterrahmen – Handelslehranstalten Lohne: Neubau Aula und Verwaltung - Aluminiumtüren;Landkreis Vechta;Vechta;;2026-07-23T08:00:00.000Z;45421110;43;https://ted.europa.eu/bg/notice/-/detail/442039-2026
443024-2026;2026-06-28T22:00:00.000Z;Deutschland – Bauarbeiten – Trockenbau;Magistrat der Stadt Wetzlar;Wetzlar;;2026-07-28T06:30:00.000Z;45421152;43;https://ted.europa.eu/bg/notice/-/detail/443024-2026
445351-2026;2026-06-28T22:00:00.000Z;Deutschland – Bauleistungen im Hochbau – DESY Hamburg Neubau ITGZ I - Tischlerarbeiten Feste Einbauten;Deutsches Elektronen-Synchrotron DESY;Hamburg;;2026-07-27T10:00:00.000Z;45421000 45421151 45421153;43;https://ted.europa.eu/bg/notice/-/detail/445351-2026
444948-2026;2026-06-28T22:00:00.000Z;Deutschland – Bauarbeiten für Kindergärten – Trockenbauarbeiten, Sanitärtrennwände;Landeshauptstadt München, Baureferat;München;16483;;45421141;40;https://ted.europa.eu/bg/notice/-/detail/444948-2026
445618-2026;2026-06-28T22:00:00.000Z;"Deutschland – Bauarbeiten für Schulgebäude – Gesamtsanierung und Erweiterung Zentrum für Bildung, Kultur und Soziales Pirna-Sonnenstein; Los 314: Trockenbauarbeiten Bestandsgebäude";Stadtverwaltung Pirna;Pirna;0;;45421146;40;https://ted.europa.eu/bg/notice/-/detail/445618-2026
