id;veroeffentlicht;titel;auftraggeber;ort;wert_eur;frist;cpv;score;url
521697-2026;2026-07-27T22:00:00.000Z;Deutschland – Dienstleistungen von Architektur-, Konstruktions- und Ingenieurbüros und Prüfstellen – Rahmenvereinbarung Hydraulischer Abgleich, Heizlastberechnung und Einbau Thermostatregler;F&W Fördern & Wohnen AöR;Hamburg;2000000;2026-08-31T08:00:00.000Z;45331000;95;https://ted.europa.eu/bg/notice/-/detail/521697-2026
522131-2026;2026-07-27T22:00:00.000Z;Deutschland – Bauinstallationsarbeiten – GU-Rahmenvertrag 2026 Los 3 - TGA_Schlüsselfertiges Bauen;Land Berlin – Sondervermögen Immobilien des Landes Berlin (SILB) vertreten durch die BIM Berliner Immobilienmanagement GmbH;Berlin;20500000;2026-08-11T12:50:00.000Z;45331000 45310000;95;https://ted.europa.eu/bg/notice/-/detail/522131-2026
519674-2026;2026-07-27T22:00:00.000Z;Deutschland – Elektroinstallationsarbeiten – Elektroinstallationsarbeiten, Elektrotechnische Ausstattung;Landeshauptstadt München, Baureferat;München;;2026-09-08T08:00:00.000Z;45311200 45312100 45316213 45317300 45316100;83;https://ted.europa.eu/bg/notice/-/detail/519674-2026
521270-2026;2026-07-27T22:00:00.000Z;Deutschland – Elektroinstallationsarbeiten – Erdung Blitzschutz;BRD, vertr. d. BMVg, vertr. d. ABH, vertr. d. BBA;Hamburg;;2026-08-25T07:00:00.000Z;45311200;83;https://ted.europa.eu/bg/notice/-/detail/521270-2026
521323-2026;2026-07-27T22:00:00.000Z;Deutschland – Installation von Heizungs-, Lüftungs- und Klimaanlagen – Wärmeversorgung, Kälteversorgung;Krankenhauszweckverband Bayreuth;Bayreuth;;2026-08-27T08:15:00.000Z;45331000;83;https://ted.europa.eu/bg/notice/-/detail/521323-2026
521841-2026;2026-07-27T22:00:00.000Z;Deutschland – Installation von Heizungs-, Lüftungs- und Klimaanlagen – Heizungsarbeiten;OPG Offenbacher Projektentwicklungsgesellschaft mbH im Namen und Rechnung des Magistrates der Stadt Offenbach am Main;Offenbach am Main;;2026-08-27T11:00:00.000Z;45331000;83;https://ted.europa.eu/bg/notice/-/detail/521841-2026
522049-2026;2026-07-27T22:00:00.000Z;Deutschland – Installation von elektrischen Leitungen – 2026-59-BAU-EU Informationstechnische Anlagen / Neubau Multimediales Aktualitätshaus SWR Mainz (kurz: MAM);Südwestrundfunk Anstalt des öffentlichen Rechts;Stuttgart;;2026-08-31T08:00:00.000Z;45310000 45314300;83;https://ted.europa.eu/bg/notice/-/detail/522049-2026
522485-2026;2026-07-27T22:00:00.000Z;Deutschland – Installateurarbeiten und Verlegung von Abwasserleitungen – Abwasser-, Wasser-, Gasanlagen;Krankenhauszweckverband Bayreuth;Bayreuth;;2026-08-27T08:00:00.000Z;45332000 45332400;83;https://ted.europa.eu/bg/notice/-/detail/522485-2026
522499-2026;2026-07-27T22:00:00.000Z;Deutschland – Installation von Heizungs-, Lüftungs- und Klimaanlagen – Neubau Rettungswache Olvenstedt und Neubau Wohngruppe Olvenstedt, Birkenallee 41/43, 39130 Magdeburg - Los 4.03 Abgabsabsaugung;Landeshauptstadt Magdeburg, Die Oberbürgermeisterin;Magdeburg;;2026-09-01T06:59:00.000Z;45331000;83;https://ted.europa.eu/bg/notice/-/detail/522499-2026
522522-2026;2026-07-27T22:00:00.000Z;Deutschland – Installation von Elektroanlagen – Diakoniezentrum Ballenstedt - Elektrische Anlagen;Evangelische Stiftung Neinstedt;Thale;;2026-08-26T10:00:00.000Z;45311000;83;https://ted.europa.eu/bg/notice/-/detail/522522-2026
522649-2026;2026-07-27T22:00:00.000Z;Deutschland – Installation von Elektroanlagen – Gebäudeautomation BT C + F - Umbau und Erweiterung der Bertolt-Brecht-Gesamtschule in Seelze;Stadt Seelze - 21.1 Innere Verwaltung - Zentrale Vergabestelle;Seelze;;2026-08-25T08:45:00.000Z;45311000;83;https://ted.europa.eu/bg/notice/-/detail/522649-2026
519471-2026;2026-07-27T22:00:00.000Z;Deutschland – Installation von Heizungs-, Lüftungs- und Klimaanlagen – GGSD - Ausschreibung HLS-Arbeiten in 3 Losen;Gemeinnützige Gesellschaft für soziale Dienste - DAA - mbH;Nürnberg;1771424;;45331000 45315000 45332000;80;https://ted.europa.eu/bg/notice/-/detail/519471-2026
520230-2026;2026-07-27T22:00:00.000Z;Deutschland – Elektroinstallationsarbeiten – Elektroarbeiten - Erweiterung der OGS Fahlerweg in Langenfeld;Stadt Langenfeld Rhld. - ZVS;Langenfeld;484981.94;;45311200 45311100 45315600;80;https://ted.europa.eu/bg/notice/-/detail/520230-2026
520887-2026;2026-07-27T22:00:00.000Z;Deutschland – Museumsausstellungen – 6002996461-BwDLZ Dresden - Konzeptionierung und Erneuerung Vitrinenbeleuchtung MHM;Bundeswehr-Dienstleistungszentrum Dresden;Dresden;897958.5;;45316000;80;https://ted.europa.eu/bg/notice/-/detail/520887-2026
520892-2026;2026-07-27T22:00:00.000Z;Deutschland – Installation von Lüftungsanlagen – Grundschule und Kita Meinsen - Lüftungsarbeiten;Landkreis Schaumburg - Vergabestelle;Stadthagen;294972.35;;45331000 45331210 45331200;80;https://ted.europa.eu/bg/notice/-/detail/520892-2026
520901-2026;2026-07-27T22:00:00.000Z;Deutschland – Installation von Heizungs-, Lüftungs- und Klimaanlagen – LVR Klinik Langenfeld Umbau und Sanierung einer Produktionsküche/Heizung-Kälte;LVR-Klinik Langenfeld;Langenfeld;422487.91;;45331000;80;https://ted.europa.eu/bg/notice/-/detail/520901-2026
521394-2026;2026-07-27T22:00:00.000Z;Deutschland – Installation von Heizungs-, Lüftungs- und Klimaanlagen – Bestandslüftung;Vergabestelle Landeshauptstadt Stuttgart;Stuttgart;1814724;;45331000 45331210;80;https://ted.europa.eu/bg/notice/-/detail/521394-2026
522114-2026;2026-07-27T22:00:00.000Z;Deutschland – Elektroinstallationsarbeiten – BLB NRW Köln / Technische Hochschule Köln, Campus Deutz, Neubau Gebäude B, Brandmeldeanlage;Bau- und Liegenschaftsbetrieb NRW Köln;Köln;181474.03;;45311200;80;https://ted.europa.eu/bg/notice/-/detail/522114-2026
522338-2026;2026-07-27T22:00:00.000Z;Deutschland – Elektroinstallationsarbeiten – Hebebrandstraße 1 - Gebäudeautomation;SBH | Schulbau Hamburg;Hamburg;387927;;45311200;80;https://ted.europa.eu/bg/notice/-/detail/522338-2026
519606-2026;2026-07-27T22:00:00.000Z;Deutschland – Sonstige Elektroinstallationsarbeiten – Nürtingen, Hochschule für Wirtschaft und Umwelt, Unterbringung Kunst- und Theatertherapie Photovoltaik;Vermögen und Bau Baden-Württemberg, Amt Ludwigsburg;Ludwigsburg;75630.25;2026-08-26T21:59:00.000Z;45317000;75;https://ted.europa.eu/bg/notice/-/detail/519606-2026
519331-2026;2026-07-27T22:00:00.000Z;"Deutschland – Bauarbeiten für Rohrleitungen, Fernmelde- und Stromleitungen, für Autobahnen, Straßen, Flugplätze und Eisenbahnen; Nivellierungsarbeiten – VST-25/12-0122 Vorgezogene Erschließung Nachtrag 1";"Klinikum Südstadt Rostock Hanse- und Universitätsstadt Rostock Die Oberbürgermeisterin Eigenbetrieb ""Klinikum Südstadt Rostock"" Akademisches Lehrkrankenhaus der Universität Rostock";Rostock;;;45310000;68;https://ted.europa.eu/bg/notice/-/detail/519331-2026
519495-2026;2026-07-27T22:00:00.000Z;Deutschland – Installation von Elektroanlagen – Ertüchtigung Flughafentunnel B312 - Technische Ausrüstung - LOS2 Brandbekämpfungsanlage;Flughafen Stuttgart GmbH;Stuttgart;;;45311000 45311100 45311200 45316000 45312100 45312310 45314300 45314310 45314320 45315100 45315300 45315500 45315600 45315700 45316200 45316210 45316211 45316212 45316213 45317200 45317300 45331200;68;https://ted.europa.eu/bg/notice/-/detail/519495-2026
521370-2026;2026-07-27T22:00:00.000Z;Deutschland – Installation von elektrischen Leitungen – Villa Kleyer Elektroinstallation;Stadt Frankfurt am Main - Amt für Bau und Immobilien;Frankfurt am Main;;;45310000;68;https://ted.europa.eu/bg/notice/-/detail/521370-2026
519774-2026;2026-07-27T22:00:00.000Z;Deutschland – Installation von Lüftungsanlagen – Lufttechnische Anlagen;Krankenhauszweckverband Bayreuth;Bayreuth;;2026-08-27T08:30:00.000Z;45331210;63;https://ted.europa.eu/bg/notice/-/detail/519774-2026
519982-2026;2026-07-27T22:00:00.000Z;Deutschland – Installation von Sanitäreinrichtungen – Diakoniezentrum Ballenstedt - Technische Gebäudeausrüstung;Evangelische Stiftung Neinstedt;Thale;;2026-08-26T10:00:00.000Z;45332400;63;https://ted.europa.eu/bg/notice/-/detail/519982-2026
520984-2026;2026-07-27T22:00:00.000Z;Deutschland – Blitzschutzarbeiten – Blitzschutz;Stadt Scheßlitz;Scheßlitz;;2026-08-27T08:00:00.000Z;45312310;63;https://ted.europa.eu/bg/notice/-/detail/520984-2026
521271-2026;2026-07-27T22:00:00.000Z;Deutschland – Elektrotechnikinstallation – FBLAD | Sanierung Freibad Ladenburg - Elektrotechnik;Stadt Ladenburg;Ladenburg;;2026-08-24T08:00:00.000Z;45315100;63;https://ted.europa.eu/bg/notice/-/detail/521271-2026
521592-2026;2026-07-27T22:00:00.000Z;Deutschland – Blitzschutzarbeiten – Blitzschutzanlagen;Landeshauptstadt Hannover - Fachbereich Gebäudemanagement;Hannover;;2026-09-02T08:00:00.000Z;45312310;63;https://ted.europa.eu/bg/notice/-/detail/521592-2026
521897-2026;2026-07-27T22:00:00.000Z;Deutschland – Blitzschutzarbeiten – Neubau Ausbildungs- und Brandschutzzentrum (BAZ) am Standort Newel;Verbandsgemeindeverwaltung Trier-Land;Trier;;2026-08-25T06:45:00.000Z;45312310;63;https://ted.europa.eu/bg/notice/-/detail/521897-2026
521922-2026;2026-07-27T22:00:00.000Z;Deutschland – Installation von Aufzügen – HZA-GI_Aufzuganlage Gebäude B und C;Bundesanstalt für Immobilienaufgaben, vertreten durch den Landesbetrieb Bau und Immobilien Hessen, Zentrale Vergabe;Bad Nauheim;;2026-08-28T08:00:00.000Z;45313100;63;https://ted.europa.eu/bg/notice/-/detail/521922-2026
522287-2026;2026-07-27T22:00:00.000Z;Deutschland – Blitzschutzarbeiten – Blitzschutz- und Erdungsanlagen;Staatliches Bau- und Liegenschaftsamt Rostock;Rostock;;2026-09-09T21:59:00.000Z;45312310;63;https://ted.europa.eu/bg/notice/-/detail/522287-2026
522620-2026;2026-07-27T22:00:00.000Z;Deutschland – Installation von Schaltanlagen – Gebäudeautomation - Neubau Stadthaus 4 - Bauwerke Münster GmbH;Bauwerke Münster GmbH;Münster;;2026-08-18T10:00:00.000Z;45315700;63;https://ted.europa.eu/bg/notice/-/detail/522620-2026
519535-2026;2026-07-27T22:00:00.000Z;Deutschland – Bauarbeiten für Wasser- und Abwasserrohrleitungen – Clemens-Dülmer-Schule: Erdleitungen;Stadt Bocholt;Bocholt;87000;;45331000;60;https://ted.europa.eu/bg/notice/-/detail/519535-2026
519874-2026;2026-07-27T22:00:00.000Z;"Deutschland – Installation von Heizungs-, Lüftungs- und Klimaanlagen – Grundschule Stephanus ; Gebäude- und Anlagenautomation";GMP Paderborn;Paderborn;0;;45331000;60;https://ted.europa.eu/bg/notice/-/detail/519874-2026
520484-2026;2026-07-27T22:00:00.000Z;Deutschland – Installation von Lüftungsanlagen – LVR Klinik Langenfeld Umbau und Sanierung einer Produktionsküche/Lüftungstechnik;LVR-Klinik Langenfeld;Langenfeld;479295.8;;45331210;60;https://ted.europa.eu/bg/notice/-/detail/520484-2026
520486-2026;2026-07-27T22:00:00.000Z;Deutschland – Bodenbelags- und Wandverkleidungsarbeiten – GNUE Erweiterung JVA Halle, Teilmaßnahme 3: Mehrzweckgebäude mit Raumschießanlage und Begleitmaßnahmen - KKE 307 - Installation und Wartung Photovoltaikanlage (SHL 344-25);Landesbetrieb Bau- und Liegenschaftsmanagement Sachsen-Anhalt (BLSA);Magdeburg;192358.46;;45315300;60;https://ted.europa.eu/bg/notice/-/detail/520486-2026
520678-2026;2026-07-27T22:00:00.000Z;Deutschland – Installation von Elektroanlagen – PV-Anlage, Neubau Feuer- und Rettungswache II, Saturnstr. 7, 42699 Solingen;Stadt Solingen;Solingen;134862.04;;45311000;60;https://ted.europa.eu/bg/notice/-/detail/520678-2026
521587-2026;2026-07-27T22:00:00.000Z;Deutschland – Installation von Beleuchtungs- und Signalanlagen – 2026-65 DVG Errichtung der Beleuchtungsanlage in der Betankungsfläche Wasserstofftankstelle am Unkelstein;Duisburger Verkehrsgesellschaft AG;Duisburg;51057.06;;45316000;60;https://ted.europa.eu/bg/notice/-/detail/521587-2026
521716-2026;2026-07-27T22:00:00.000Z;Deutschland – Installation von Heizungs-, Lüftungs- und Klimaanlagen – Sanitäranlagen Haus 7;Handwerkskammer Dortmund;Dortmund;71958.08;;45331000 45332200 45332300 45332400 45333000;60;https://ted.europa.eu/bg/notice/-/detail/521716-2026
521728-2026;2026-07-27T22:00:00.000Z;Deutschland – Installation von Signalanlagen – Citybahn Essen, VE 12.2 LSA 58 Hindenburgstr. / Hachestr.;Stadt Essen - Amt für Straßen und Verkehr;Essen;175599.5;;45316200;60;https://ted.europa.eu/bg/notice/-/detail/521728-2026
522528-2026;2026-07-27T22:00:00.000Z;Deutschland – Installation von Aufzügen – Große Neu-, um- und Erweiterungsbauten LSA, Neubau Labor- und Verwaltungsgebäude für das Landesamt für Verbraucherschutz - KG 460 - Förderanlagen (SHL 437-25);Landesbetrieb Bau- und Liegenschaftsmanagement Sachsen-Anhalt (BLSA);Magdeburg;466938;;45313100;60;https://ted.europa.eu/bg/notice/-/detail/522528-2026
519635-2026;2026-07-27T22:00:00.000Z;Deutschland – Installation von Gasregeleinrichtungen – Heizung- und Kälteanlagen Feuerwache Kirchhellen;Stadt Bottrop;Bottrop;;2026-08-04T09:00:00.000Z;45333100;48;https://ted.europa.eu/bg/notice/-/detail/519635-2026
520018-2026;2026-07-27T22:00:00.000Z;Deutschland – Installation von Zentralheizungen – Heizungstechnische Anlagen KG 420 für das Leibniz-Gymnasium Remscheid;Stadt Remscheid, Fachdienst Recht und Vergabe, Abteilung Zentrale Vergabestelle;Remscheid;;;45331100;48;https://ted.europa.eu/bg/notice/-/detail/520018-2026
521204-2026;2026-07-27T22:00:00.000Z;Deutschland – Installation von Zentralheizungen – Heizungsarbeiten;Landeshauptstadt München, Baureferat;München;;2026-08-04T07:50:00.000Z;45331100;48;https://ted.europa.eu/bg/notice/-/detail/521204-2026
521535-2026;2026-07-27T22:00:00.000Z;Deutschland – Bauarbeiten – A 20, km 251 - 265 bd. RF, Los 2 Verkehrssicherung;Die Autobahn GmbH des Bundes - NL Nordost;Hohen Neuendorf OT Stolpe;;;45316213;48;https://ted.europa.eu/bg/notice/-/detail/521535-2026
522009-2026;2026-07-27T22:00:00.000Z;Deutschland – Installation von Schaltanlagen – Revitalisierung und Sanierung Jeckel-Areal;Stadt Rottenburg am Neckar;Rottenburg am Neckar;;;45315700;48;https://ted.europa.eu/bg/notice/-/detail/522009-2026
519426-2026;2026-07-27T22:00:00.000Z;"Deutschland – Installation von Aufzügen – RS Schloss Neuhaus; Erweiterung; Fördertechnik";GMP Paderborn;Paderborn;0;;45313100;40;https://ted.europa.eu/bg/notice/-/detail/519426-2026
519628-2026;2026-07-27T22:00:00.000Z;Deutschland – Installation von Aufzügen – ZV - Litzendorf - Revitalisierung des Areals ehem. Brauerei und Gaststätte Winkler in Melkendorf - Förderanlagen;Gemeinde Litzendorf;Coburg;80875;;45313100;40;https://ted.europa.eu/bg/notice/-/detail/519628-2026
519832-2026;2026-07-27T22:00:00.000Z;Deutschland – Bauarbeiten für Eisenbahnlinien – SPGK_Bauleistungen Gößnitz - Crimmitschau;DB Netz AG (Bukr 16);Frankfurt Main;0;;45314300;40;https://ted.europa.eu/bg/notice/-/detail/519832-2026
520432-2026;2026-07-27T22:00:00.000Z;Deutschland – Elektrotechnikinstallation – KBS-Campus Bochum, Elektrotechnik;Deutsche Rentenversicherung Knappschaft-Bahn-See;Bochum;0.01;;45315100;40;https://ted.europa.eu/bg/notice/-/detail/520432-2026
521527-2026;2026-07-27T22:00:00.000Z;Deutschland – Gleisbauarbeiten – 2. S-Bahn-Stammstrecke München, Ersatzmaßnahme Rangierbahnhof Nord, VE2951;DB Netz AG (Bukr 16);Frankfurt Main;0;;45314300 45314310;40;https://ted.europa.eu/bg/notice/-/detail/521527-2026
521671-2026;2026-07-27T22:00:00.000Z;Deutschland – Elektrotechnikinstallation – Empfangsgebäude Gießen, Neubau der Elektrische Energieanlagen;DB InfraGO AG – Geschäftsbereich Personenbahnhöfe (Bukr 11);Berlin;0;;45315100;40;https://ted.europa.eu/bg/notice/-/detail/521671-2026
521735-2026;2026-07-27T22:00:00.000Z;Deutschland – Blitzschutzarbeiten – Große Neu-, um- und erweiterungsbauten LSA, Neubau Labor- und Verwaltungsgebäude für das Landesamt für Verbraucherschutz - KG 446 - Blitzschutzanlagen (SHL 436-25);Landesbetrieb Bau- und Liegenschaftsmanagement Sachsen-Anhalt (BLSA);Magdeburg;142605;;45312310;40;https://ted.europa.eu/bg/notice/-/detail/521735-2026
521946-2026;2026-07-27T22:00:00.000Z;Deutschland – Installation von kältetechnischen Anlagen – Kältetechnik - Erweiterung der OGS Fahlerweg in Langenfeld;Stadt Langenfeld Rhld. - ZVS;Langenfeld;97064.4;;45331231;40;https://ted.europa.eu/bg/notice/-/detail/521946-2026
521950-2026;2026-07-27T22:00:00.000Z;Deutschland – Bauarbeiten für Rohrleitungen, Fernmelde- und Stromleitungen – Stellwerkszentralisierung Bf. Elsterwerda-Biehla, ESTW-A Elsterwerda-Biehla;DB Netz AG (Bukr 16);Frankfurt Main;0;;45312100 45312200 45314000 45315300;40;https://ted.europa.eu/bg/notice/-/detail/521950-2026
516185-2026;2026-07-26T22:00:00.000Z;Deutschland – Dienstleistungen von Architektur-, Konstruktions- und Ingenieurbüros und Prüfstellen – Rahmenvereinbarung Hydraulischer Abgleich, Heizlastberechnung und Einbau Thermostatregler;F&W Fördern & Wohnen AöR;Hamburg;2000000;2026-08-31T08:00:00.000Z;45331000;95;https://ted.europa.eu/bg/notice/-/detail/516185-2026
515756-2026;2026-07-26T22:00:00.000Z;Deutschland – Installation von Heizungs-, Lüftungs- und Klimaanlagen – Lüftungs- und Regelungstechnik,Mittelpunkt-Grundschule Hungen;Landkreis Gießen - Der Kreisausschuss -;Gießen;;2026-08-25T08:00:00.000Z;45331000;83;https://ted.europa.eu/bg/notice/-/detail/515756-2026
515780-2026;2026-07-26T22:00:00.000Z;Deutschland – Elektroinstallationsarbeiten – Generalsanierung Genovevaburg - Elektroarbeiten;Stadtverwaltung Mayen;Mayen;;2026-09-09T08:00:00.000Z;45311200;83;https://ted.europa.eu/bg/notice/-/detail/515780-2026
515851-2026;2026-07-26T22:00:00.000Z;Deutschland – Installation von Elektroanlagen – Neubau Kindertagesstätte mit Mensa Malschenberg - Elektrotechnische Anlagen;Stadtverwaltung Rauenberg;Rauenberg;;2026-08-24T08:00:00.000Z;45311000 45311200;83;https://ted.europa.eu/bg/notice/-/detail/515851-2026
516007-2026;2026-07-26T22:00:00.000Z;Deutschland – Installation von Elektroanlagen – VG Köln Grundinstandsetzung - Elektro- und Nachrichtentechnik;Bau- und Liegenschaftsbetrieb NRW Köln;Köln;;2026-08-25T08:00:00.000Z;45311000 45311200;83;https://ted.europa.eu/bg/notice/-/detail/516007-2026
516426-2026;2026-07-26T22:00:00.000Z;Deutschland – Bau von Grundschulen – Grundschule Wittenburg 2. BA - Mensa und Bestandsgebäude 10 Lose;Stadt Wittenburg;Wittenburg;;2026-09-03T11:00:00.000Z;45311000 45331000 45311100 45311200 45315000 45316000 45317000 45331200 45331210 45331220 45312000 45312100 45312200 45312310 45314000 45315100 45315600 45315700 45317300;83;https://ted.europa.eu/bg/notice/-/detail/516426-2026
516565-2026;2026-07-26T22:00:00.000Z;Deutschland – Elektroinstallationsarbeiten – Leistungen der Gebäudeautomation für den Neubau der Theater-Probebühne in Trier;SWT Anstalt des öffentlichen Rechts der Stadt Trier (SWT-AöR);Trier;;2026-08-25T09:00:00.000Z;45311200;83;https://ted.europa.eu/bg/notice/-/detail/516565-2026
516567-2026;2026-07-26T22:00:00.000Z;Deutschland – Installation von Heizungs-, Lüftungs- und Klimaanlagen – Stadt Damme: Neubau Kita Holter Kapelle - HLS-Arbeiten;Landkreis Vechta;Vechta;;2026-08-20T08:00:00.000Z;45331000 45332400;83;https://ted.europa.eu/bg/notice/-/detail/516567-2026
516660-2026;2026-07-26T22:00:00.000Z;Deutschland – Maschinentechnische Installationen – EU-weite Ausschreibung der Lieferung, Montage und Inbetriebnahme von vier neuen BHKW-Motoren;Zweckverband Abfallbehandlung Kahlenberg;Ringsheim;;2026-08-28T08:00:00.000Z;45311200 45331210 45315100;83;https://ted.europa.eu/bg/notice/-/detail/516660-2026
516794-2026;2026-07-26T22:00:00.000Z;Deutschland – Installation von Heizungs-, Lüftungs- und Klimaanlagen – Heizungsanlage / Sanitäranlage;Evangelische Kirche von Westfalen Das Landeskirchenamt;Bielefeld;;2026-08-26T08:00:00.000Z;45331000 45332400;83;https://ted.europa.eu/bg/notice/-/detail/516794-2026
516800-2026;2026-07-26T22:00:00.000Z;Deutschland – Gipskartonarbeiten – Neubau Kindertagesstätte mit Mensa Malschenberg - Trockenbauarbeiten;Stadtverwaltung Rauenberg;Rauenberg;;2026-08-24T08:00:00.000Z;45311000;83;https://ted.europa.eu/bg/notice/-/detail/516800-2026
516808-2026;2026-07-26T22:00:00.000Z;Deutschland – Installation von Lüftungsanlagen – Raumlufttechnische Anlagen (RLT);Evangelische Kirche von Westfalen, Das Landeskirchenamt;Bielefeld;;2026-08-27T08:00:00.000Z;45331000 45331210;83;https://ted.europa.eu/bg/notice/-/detail/516808-2026
516974-2026;2026-07-26T22:00:00.000Z;Deutschland – Installation von elektrischen Leitungen – Munitionsdepot Kriegsfeld - Baustromversorgung und Baubeleuchtung;Bundesrepublik Deutschland,vertreten durch das Bundesministerium der Verteidigung,vertreten durch das Amt für Bundesbau,vertreten durch den Landesbetrieb Liegenschafts- u. Baubetreuung Niederlassung Kaiserslautern,vertreten durch den Niederlassungsleiter;Kaiserslautern;;2026-08-25T08:00:00.000Z;45310000;83;https://ted.europa.eu/bg/notice/-/detail/516974-2026
516995-2026;2026-07-26T22:00:00.000Z;Deutschland – Installation von Heizungs-, Lüftungs- und Klimaanlagen – Bau 10.40 - Generalsanierung botanisches Institut - Heizungsbauarbeiten;Karlsruher Institut für Technologie;Eggenstein-Leopoldshafen;;2026-09-10T08:30:00.000Z;45331000;83;https://ted.europa.eu/bg/notice/-/detail/516995-2026
517008-2026;2026-07-26T22:00:00.000Z;Deutschland – Installation von Beleuchtungs- und Signalanlagen – SV-CNI-260724-005 - Sicherheitsbeleuchtungszentralen, Elektroinstallation;Stadtwerke München GmbH;München;;2026-09-07T10:00:00.000Z;45316000;83;https://ted.europa.eu/bg/notice/-/detail/517008-2026
517337-2026;2026-07-26T22:00:00.000Z;Deutschland – Elektroinstallationsarbeiten – Kita Lotte-Lemke;Stadt Heilbronn;Heilbronn;;2026-09-01T07:45:00.000Z;45311200;83;https://ted.europa.eu/bg/notice/-/detail/517337-2026
517910-2026;2026-07-26T22:00:00.000Z;Deutschland – Installation von elektrischen Leitungen – Elektrotechnik - Erweiterung und Aufstockung Anne-Frank-Berufskolleg Münster - Bauwerke Münster GmbH;Bauwerke Münster GmbH;Münster;;2026-09-08T10:00:00.000Z;45310000 45311000 45311100 45314300 45315100 45315600 45316100;83;https://ted.europa.eu/bg/notice/-/detail/517910-2026
518097-2026;2026-07-26T22:00:00.000Z;Deutschland – Landschaftsgärtnerische Arbeiten – Landschaftsgärtnerische Arbeiten;Stadt Köln, Amt für Recht, Vergabe und Versicherungen;Köln;;2026-08-25T08:00:00.000Z;45311000;83;https://ted.europa.eu/bg/notice/-/detail/518097-2026
518878-2026;2026-07-26T22:00:00.000Z;Deutschland – Installateurarbeiten – Jürgensche- und Francksen Villa, Sanierung Stadtvillen - Heizungs- und Sanitär- und Lüftungsinstallation;Stadt Oldenburg (Oldb);Oldenburg;;2026-08-24T08:00:00.000Z;45330000 45331000 45332000;83;https://ted.europa.eu/bg/notice/-/detail/518878-2026
515816-2026;2026-07-26T22:00:00.000Z;Deutschland – Sonstige Elektroinstallationsarbeiten – MSR technische Arbeiten;Staatl. Bauamt München 1;München;2793692.8;;45317000;80;https://ted.europa.eu/bg/notice/-/detail/515816-2026
517326-2026;2026-07-26T22:00:00.000Z;Deutschland – Bauarbeiten für Gebäude im Gesundheitswesen – Modernisierung und Erweiterung der Intensivstation im D-Trakt (ITS) - Los 39 - Stark- und Schwachstromanlagen (Hauptmaßnahme);Krankenhaus der Barmherzigen Brüder Trier;Trier;1343226.81;;45311200;80;https://ted.europa.eu/bg/notice/-/detail/517326-2026
518148-2026;2026-07-26T22:00:00.000Z;Deutschland – Installation von Heizungs-, Lüftungs- und Klimaanlagen – TUD, Gerber-Bau Brandschutzmaßnahmen;Staatsbetrieb Sächsisches Immobilien- und Baumanagement, Zentrale, Zentralstelle Vergabe- und Vertragsmanagement;Dresden;251725.71;;45331000;80;https://ted.europa.eu/bg/notice/-/detail/518148-2026
518486-2026;2026-07-26T22:00:00.000Z;Deutschland – Installation von Elektroanlagen – Kommunikations-, sicherheits- und informationstechnische Anlagen 4.5.2;Amt Schenkenländchen;Teupitz;551883.22;;45311000 45312100 45312200;80;https://ted.europa.eu/bg/notice/-/detail/518486-2026
518647-2026;2026-07-26T22:00:00.000Z;Deutschland – Elektroinstallationsarbeiten – Neubau der Straßenmeisterei Markdorf - PV-Anlage;Landratsamt Bodenseekreis;Friedrichshafen;179387;;45311200;80;https://ted.europa.eu/bg/notice/-/detail/518647-2026
518768-2026;2026-07-26T22:00:00.000Z;Deutschland – Installateurarbeiten – Sanitärinstallation, Sanierung + Erweiterungsbau;Stadt Frankfurt am Main - Amt für Bau und Immobilien;Frankfurt am Main;355741.31;;45330000 45332000;80;https://ted.europa.eu/bg/notice/-/detail/518768-2026
518189-2026;2026-07-26T22:00:00.000Z;Deutschland – Installation von Lüftungsanlagen – Iserbarg 2 - Lüftung;SBH | Schulbau Hamburg;Hamburg;6411000;2026-08-25T08:00:00.000Z;45331210 45331200;75;https://ted.europa.eu/bg/notice/-/detail/518189-2026
518840-2026;2026-07-26T22:00:00.000Z;Deutschland – Mittelspannungsarbeiten – Mittelspannungsanlagen;Staatliches Bauamt Erlangen-Nürnberg, Technische Geschäftsleitung, SG Bau;Erlangen;745335.18;2026-08-25T07:04:00.000Z;45315500;75;https://ted.europa.eu/bg/notice/-/detail/518840-2026
515723-2026;2026-07-26T22:00:00.000Z;Deutschland – Installateurarbeiten und Verlegung von Abwasserleitungen – HMWEVW-Gesamtkonzept-Strangsanierung Sanitär II;Land Hessen, vertreten durch den Landesbetrieb Bau und Immobilien Hessen, Zentrale Vergabe;Bad Nauheim;;;45332000;68;https://ted.europa.eu/bg/notice/-/detail/515723-2026
515726-2026;2026-07-26T22:00:00.000Z;Deutschland – Fundamentierungsarbeiten – Qualifizierungssystem An die Interessenten zum Qualifizierungssystem für Gründungsbau, Dükerung & Kabelzug der Stromnetz Berlin GmbH;Stromnetz Berlin GmbH;Berlin;;;45311100 45314310;68;https://ted.europa.eu/bg/notice/-/detail/515726-2026
516420-2026;2026-07-26T22:00:00.000Z;Deutschland – Bauarbeiten – 70422 Elektrotechnische Anlagen - Trennung SV/AV, Reha-Zentrum Ückeritz;DRV Bund Einkaufsmanagement Bauleistungen;Berlin;;;45311000;68;https://ted.europa.eu/bg/notice/-/detail/516420-2026
516659-2026;2026-07-26T22:00:00.000Z;Deutschland – Installation von Heizungs-, Lüftungs- und Klimaanlagen – Los 21 HLS Installation/ Regent Hettstedt;Landkreis Mansfeld-Südharz;Sangerhausen;;;45331000;68;https://ted.europa.eu/bg/notice/-/detail/516659-2026
516916-2026;2026-07-26T22:00:00.000Z;Deutschland – Bau von Gefängnissen – JVA WÜ, Neubau Anstaltsküche;Staatliches Bauamt Würzburg;Würzburg;;;45330000 45331000 45311200 45311000 45311100 45316000 45332200 45332300 45332400 45331100 45331220 45331230 45315100 45315700 45315300 45315600 45312310 45313100;68;https://ted.europa.eu/bg/notice/-/detail/516916-2026
517671-2026;2026-07-26T22:00:00.000Z;Deutschland – Bauarbeiten – Technische Gebäudeausrüstung Sanitär - Heizung - Kälte - Digitale Pathologie, Modulbau;Universitätsklinikum Aachen AöR;Aachen;;;45331000;68;https://ted.europa.eu/bg/notice/-/detail/517671-2026
518908-2026;2026-07-26T22:00:00.000Z;Deutschland – Installation von Lüftungs- und Klimaanlagen – Generalunternehmer Technik Radiopharmakalabor;Universitätsklinikum Aachen AöR;Aachen;;;45310000 45331200 45312100 45331100 45331210 45333000;68;https://ted.europa.eu/bg/notice/-/detail/518908-2026
515710-2026;2026-07-26T22:00:00.000Z;Deutschland – Installation von Lüftungsanlagen – Anbau Unesco-Schule, 2. BA - Lüftung;Stadt Kamp-Lintfort;Kamp-Lintfort;;2026-08-18T07:00:00.000Z;45331210;63;https://ted.europa.eu/bg/notice/-/detail/515710-2026
515751-2026;2026-07-26T22:00:00.000Z;Deutschland – Installation von Lüftungsanlagen – Kornhaus Neugestaltung Museum;Stadtverwaltung Kirchheim unter Teck;Kirchheim unter Teck;;2026-08-20T08:45:00.000Z;45331210;63;https://ted.europa.eu/bg/notice/-/detail/515751-2026
515893-2026;2026-07-26T22:00:00.000Z;Deutschland – Bauarbeiten für Wasser- und Abwasserrohrleitungen – Medienumverlegung -ID26157_Kor;Senatsverwaltung für Stadtentwicklung, Bauen und Wohnen, V M 1 - Vergabestelle für den Öffentlichen Hochbau - Referat V D;Berlin;;2026-08-26T09:00:00.000Z;45332300;63;https://ted.europa.eu/bg/notice/-/detail/515893-2026
515902-2026;2026-07-26T22:00:00.000Z;Deutschland – Installation von Sanitäreinrichtungen – Anbau Unesco-Schule, 2. BA - Sanitär;Stadt Kamp-Lintfort;Kamp-Lintfort;;2026-08-18T08:00:00.000Z;45332400;63;https://ted.europa.eu/bg/notice/-/detail/515902-2026
516552-2026;2026-07-26T22:00:00.000Z;Deutschland – Elektroinstallationsarbeiten für Transformatoren – Neue Trafo-Kompaktstation und 10kV Übergabestation;Bischöfliches Generalvikariat Trier;Trier;;2026-08-24T09:00:00.000Z;45317200 45315500;63;https://ted.europa.eu/bg/notice/-/detail/516552-2026
517165-2026;2026-07-26T22:00:00.000Z;Deutschland – Installation von Zentralheizungen – Heizungsinstallation - Sanierung und Erweiterung JLS-Außenstelle;Stadt Frankfurt am Main - Amt für Bau und Immobilien;Frankfurt am Main;;2026-08-25T07:00:00.000Z;45331100;63;https://ted.europa.eu/bg/notice/-/detail/517165-2026
517574-2026;2026-07-26T22:00:00.000Z;Deutschland – Installation von Lüftungsanlagen – KARLA Verwaltungs- und Bildungszentrum - Lüftung II;Landratsamt Karlsruhe, Amt für Gebäudemanagement, Bauverwaltung;Karlsruhe;;2026-08-27T08:00:00.000Z;45331210;63;https://ted.europa.eu/bg/notice/-/detail/517574-2026
518336-2026;2026-07-26T22:00:00.000Z;"Deutschland – Installation von Aufzügen – Erweiterungsbau Grundschule Hohnstädt; Fördertechnik";Stadtverwaltung Grimma;Grimma;;2026-08-24T11:30:00.000Z;45313100;63;https://ted.europa.eu/bg/notice/-/detail/518336-2026
518462-2026;2026-07-26T22:00:00.000Z;Deutschland – Installation von Aufzügen – Sanierung Baulich-Technische Infrastruktur: Fördertechnik;Max-Planck-Gesellschaft Abt.III;München;;2026-08-27T09:00:00.000Z;45313100 45315100;63;https://ted.europa.eu/bg/notice/-/detail/518462-2026
518630-2026;2026-07-26T22:00:00.000Z;Deutschland – Installation von Sanitäreinrichtungen – Kornhaus Neugestaltung Museum;Stadtverwaltung Kirchheim unter Teck;Kirchheim unter Teck;;2026-08-20T08:30:00.000Z;45332400;63;https://ted.europa.eu/bg/notice/-/detail/518630-2026
518712-2026;2026-07-26T22:00:00.000Z;Deutschland – Installation von Lüftungsanlagen – Raumlufttechnische Anlagen - 3. Bauabschnitt Neubau Grundschule;Gemeinde Schönkirchen c/o Amt Schrevenborn;Heikendorf;;2026-09-08T08:00:00.000Z;45331210;63;https://ted.europa.eu/bg/notice/-/detail/518712-2026
518813-2026;2026-07-26T22:00:00.000Z;Deutschland – Installation von Zentralheizungen – Wärme- und Kältetechnische Anlagen 70-00471-3770-402 - PR1262013-3770-B;Fraunhofer-Gesellschaft zur Förderung der angewandten Forschung e.V. - Einkauf B12 - Vergabestelle Bau;München;;2026-08-27T08:00:00.000Z;45331100;63;https://ted.europa.eu/bg/notice/-/detail/518813-2026
518986-2026;2026-07-26T22:00:00.000Z;Deutschland – Installation von Sanitäreinrichtungen – Bau 10.40 - Generalsanierung botanisches Institut - Sanitärarbeiten;Karlsruher Institut für Technologie;Eggenstein-Leopoldshafen;;2026-09-10T09:00:00.000Z;45332400;63;https://ted.europa.eu/bg/notice/-/detail/518986-2026
519152-2026;2026-07-26T22:00:00.000Z;Deutschland – Installation von Aufzügen – Aufzugsanlagen;Trägergesellschaft Kliniken Aurich-Emden-Norden mbH;Aurich;;2026-08-24T10:00:00.000Z;45313100;63;https://ted.europa.eu/bg/notice/-/detail/519152-2026
519168-2026;2026-07-26T22:00:00.000Z;Deutschland – Installation von Brandmeldeanlagen – Bio-Security Immobilien GmbH - Installation und Betrieb einer Brandmeldeanlage;Bio-Security Immobilien GmbH;Bönen;;2026-08-27T08:00:00.000Z;45312100;63;https://ted.europa.eu/bg/notice/-/detail/519168-2026
515662-2026;2026-07-26T22:00:00.000Z;Deutschland – Recycling von Siedlungsabfällen – Verwertung von Altpapier aus dem Burgenlandkreis;Abfallwirtschaft Sachsen-Anhalt Süd - AöR;Mertendorf OT Görschen;2136748;;45312200;60;https://ted.europa.eu/bg/notice/-/detail/515662-2026
516472-2026;2026-07-26T22:00:00.000Z;Deutschland – Installation von Lüftungsanlagen – Raumlufttechnische Anlagen - Kulturschule Gelsenkirchen, Am Schalker Verein 9+11, 45888 Gelsenkirchen;Stadt Gelsenkirchen;Gelsenkirchen;3844366.52;;45331210;60;https://ted.europa.eu/bg/notice/-/detail/516472-2026
516730-2026;2026-07-26T22:00:00.000Z;Deutschland – Bauarbeiten für Eisenbahnlinien – Komplexmaßnahme Umbau Bf. Bad Schandau Ost;DB Netz AG (Bukr 16);Frankfurt Main;0;;45316000 45314300;60;https://ted.europa.eu/bg/notice/-/detail/516730-2026
517714-2026;2026-07-26T22:00:00.000Z;Deutschland – Bauarbeiten für Eisenbahnlinien – Komplexmaßnahme Umbau Bf. Bad Schandau Ost;DB Netz AG (Bukr 16);Frankfurt Main;0;;45316000 45314300;60;https://ted.europa.eu/bg/notice/-/detail/517714-2026
518257-2026;2026-07-26T22:00:00.000Z;Deutschland – Installation von Kühlanlagen – Prozesskälteanlage - Sanierung Zentralküche;Universitätsklinikum Düsseldorf;Düsseldorf;4961160.51;;45331230;60;https://ted.europa.eu/bg/notice/-/detail/518257-2026
518465-2026;2026-07-26T22:00:00.000Z;Deutschland – Installation von Zentralheizungen – Heizungsinstallationsarbeiten;Staatliches Bauamt Ingolstadt;Ingolstadt;621410.91;;45331100;60;https://ted.europa.eu/bg/notice/-/detail/518465-2026
518748-2026;2026-07-26T22:00:00.000Z;Deutschland – Installation von Lüftungs- und Klimaanlagen – Ersatzbau Krankenhaus Mittweida 3. BA: Raumlufttechnische Anlagen;Landkreis Mittweida Krankenhaus gGmbH;Mittweida;642808.95;;45331200 45331210 45331221;60;https://ted.europa.eu/bg/notice/-/detail/518748-2026
519051-2026;2026-07-26T22:00:00.000Z;Deutschland – Ladegeräte – Offenes Verfahren zur Herstellung, Lieferung und Inbetriebnahme einer Ladeinfrastruktur für eBusse;FS Omnibus GmbH & Co. KG;Reinheim;1;;45311000;60;https://ted.europa.eu/bg/notice/-/detail/519051-2026
519234-2026;2026-07-26T22:00:00.000Z;Deutschland – Installation von Lüftungs- und Klimaanlagen – Lueftungsinstallationsarbeiten;Staatliches Bauamt Ingolstadt;Ingolstadt;372374.75;;45331200;60;https://ted.europa.eu/bg/notice/-/detail/519234-2026
517502-2026;2026-07-26T22:00:00.000Z;Deutschland – Blitzschutzarbeiten – DLR Standort Neustrelitz - Blitzschutz- und Erdungsanlagen (26-0230_B);Deutsches Zentrum für Luft- und Raumfahrt e.V.;Braunschweig;0;2026-08-27T07:15:00.000Z;45312310;55;https://ted.europa.eu/bg/notice/-/detail/517502-2026
518234-2026;2026-07-26T22:00:00.000Z;Deutschland – Installation von Lüftungs- und Klimaanlagen – Lüftungstechnik Haus 7;Handwerkskammer Dortmund;Dortmund;135517.87;;45331200 45331210 45331221;40;https://ted.europa.eu/bg/notice/-/detail/518234-2026
518311-2026;2026-07-26T22:00:00.000Z;Deutschland – Blitzschutzarbeiten – Grundschule und Kita Meinsen - Blitzschutz- und Erdungsanlage;Landkreis Schaumburg - Vergabestelle;Stadthagen;33695.86;;45312310;40;https://ted.europa.eu/bg/notice/-/detail/518311-2026
518420-2026;2026-07-26T22:00:00.000Z;Deutschland – Installation von Lüftungsanlagen – Raumlufttechnik-2;Land Hessen, vertreten durch den Landesbetrieb Bau und Immobilien Hessen, Zentrale Vergabe;Bad Nauheim;4669.91;;45331210;40;https://ted.europa.eu/bg/notice/-/detail/518420-2026
518695-2026;2026-07-26T22:00:00.000Z;Deutschland – Installation von Einbaumöbeln – Ersatzneubau Krankenhaus Mittweida, Pflegebau P3: Edelstahlmöbel P3;Landkreis Mittweida Krankenhaus gGmbH;Mittweida;16914.66;;45332400;40;https://ted.europa.eu/bg/notice/-/detail/518695-2026
518706-2026;2026-07-26T22:00:00.000Z;Deutschland – Maschinentechnische Installationsarbeiten – Prozessleitsystem München;DB Regio AG (Bukr 12);Frankfurt am Main;0;;45314300;40;https://ted.europa.eu/bg/notice/-/detail/518706-2026
514080-2026;2026-07-23T22:00:00.000Z;Deutschland – Elektroinstallationsarbeiten – 26E20099 - Polizeiinspektion Cuxhaven (BHZ II), Z-BU Sanierung Bestandsgebäude, Niederspannungsinstallation;Land Niedersachsen vertreten durch das Staatliche Baumanagement Niedersachsen;Cuxhaven;1016868;2026-09-03T07:20:00.000Z;45311200;95;https://ted.europa.eu/bg/notice/-/detail/514080-2026
512087-2026;2026-07-23T22:00:00.000Z;Deutschland – Installation von Heizungs-, Lüftungs- und Klimaanlagen – Hochschule der Sächs. Polizei (FH) Rothenburg - BA 03 Trainingszentrum;Staatsbetrieb Sächsisches Immobilien- und Baumanagement, Zentrale, Zentralstelle Vergabe- und Vertragsmanagement;Dresden;;2026-08-25T07:00:00.000Z;45331000;83;https://ted.europa.eu/bg/notice/-/detail/512087-2026
512104-2026;2026-07-23T22:00:00.000Z;Deutschland – Installation von Elektroanlagen – BA 02b Elektrotechnik;Staatliches Bauamt Traunstein;Traunstein;;2026-08-25T07:30:00.000Z;45311000;83;https://ted.europa.eu/bg/notice/-/detail/512104-2026
512669-2026;2026-07-23T22:00:00.000Z;Deutschland – Installation von Elektroanlagen – Max-Planck-Forschungsstelle für die Wissenschaft der Pathogene, Neubau und Umbau: Starkstrom ELT;Max-Planck-Gesellschaft Abt.III;München;;2026-08-14T09:00:00.000Z;45311000 45315300 45315500 45315600;83;https://ted.europa.eu/bg/notice/-/detail/512669-2026
512696-2026;2026-07-23T22:00:00.000Z;Deutschland – Sonstige Elektroinstallationsarbeiten – RegioSpeicher Mosbach - EPC - Engineering, procurement and construction (EPC) of a lithium-ion battery storage facility with 10 MW of active power consumption;Trianel Flexibilitätsprojekte GmbH & Co. KG;Aachen;;2026-08-24T10:00:00.000Z;45317000 45311200;83;https://ted.europa.eu/bg/notice/-/detail/512696-2026
512995-2026;2026-07-23T22:00:00.000Z;Deutschland – Bauarbeiten – Starkstromanlagen;Humboldt-Universität zu Berlin;Berlin;;2026-08-25T08:00:00.000Z;45311000;83;https://ted.europa.eu/bg/notice/-/detail/512995-2026
513141-2026;2026-07-23T22:00:00.000Z;Deutschland – Installation von Heizungs-, Lüftungs- und Klimaanlagen – Kältetechnik Erweiterung Rechenzentrum Mainz - 30028035;Mainzer Stadtwerke AG;Mainz;;2026-08-21T08:00:00.000Z;45331000;83;https://ted.europa.eu/bg/notice/-/detail/513141-2026
513168-2026;2026-07-23T22:00:00.000Z;Deutschland – Elektroinstallationsarbeiten – Umbau und Erweiterung der Grundschule Fleestedt - Elektroinstallation;Landkreis Harburg - Zentrale Vergabestelle für die Gemeinde Seevetal;Winsen/Luhe;;2026-08-25T08:00:00.000Z;45311200;83;https://ted.europa.eu/bg/notice/-/detail/513168-2026
513414-2026;2026-07-23T22:00:00.000Z;Deutschland – Elektroinstallationsarbeiten – Bau 10.40 - Generalsanierung botanisches Institut - Elektroarbeiten;Karlsruher Institut für Technologie;Eggenstein-Leopoldshafen;;2026-09-10T08:00:00.000Z;45311200 45311000;83;https://ted.europa.eu/bg/notice/-/detail/513414-2026
513688-2026;2026-07-23T22:00:00.000Z;Deutschland – Installation von Elektroanlagen – VG - Neubau FwGH Salmtal - Trafostation;Verbandsgemeinde Wittlich-Land;Wittlich;;2026-08-07T08:00:00.000Z;45311000;68;https://ted.europa.eu/bg/notice/-/detail/513688-2026
513693-2026;2026-07-23T22:00:00.000Z;Deutschland – Installation von Elektroanlagen – Gebäudeautomation;Deutsches Krebsforschungszentrum Heidelberg;Heidelberg;;2026-09-17T08:00:00.000Z;45311000 45315700;83;https://ted.europa.eu/bg/notice/-/detail/513693-2026
513913-2026;2026-07-23T22:00:00.000Z;Deutschland – Installation von Elektroanlagen – Elektroinstallation Zentraltower;Staatliches Bauamt Ingolstadt;Ingolstadt;;2026-08-18T07:45:00.000Z;45311000;83;https://ted.europa.eu/bg/notice/-/detail/513913-2026
514094-2026;2026-07-23T22:00:00.000Z;Deutschland – Elektroinstallationsarbeiten – Elektroinstallation für Sanierung und Umbau Rathaus Blaustein;Stadt Blaustein;Blaustein;;2026-08-10T08:00:00.000Z;45311200;83;https://ted.europa.eu/bg/notice/-/detail/514094-2026
514169-2026;2026-07-23T22:00:00.000Z;Deutschland – Installation von Heizungs-, Lüftungs- und Klimaanlagen – Hochschule der Sächs. Polizei (FH) Rothenburg - BA 03 Trainingszentrum;Staatsbetrieb Sächsisches Immobilien- und Baumanagement, Zentrale, Zentralstelle Vergabe- und Vertragsmanagement;Dresden;;2026-08-25T07:00:00.000Z;45331000;83;https://ted.europa.eu/bg/notice/-/detail/514169-2026
514270-2026;2026-07-23T22:00:00.000Z;Deutschland – Elektroinstallationsarbeiten – Neubau eines Freizeit-, Sport- und Kommunikationszentrums Am Walperloh in 98574 Schmalkalden;Stadtverwaltung Schmalkalden;Schmalkalden;;2026-08-24T09:00:00.000Z;45311200;83;https://ted.europa.eu/bg/notice/-/detail/514270-2026
514457-2026;2026-07-23T22:00:00.000Z;Deutschland – Elektroinstallationsarbeiten – Elektroinstallationen BT B Gymnasium II - Erweiterung Schulzentrum Steinlach-Wiesaz in Dußlingen;Gemeindeverwaltungsverband Steinlach Wiesaz;Gomaringen;;2026-09-11T10:00:00.000Z;45311200 45315100;83;https://ted.europa.eu/bg/notice/-/detail/514457-2026
514589-2026;2026-07-23T22:00:00.000Z;Deutschland – Bauinstallationsarbeiten – WSA_17;Studierendenwerk West:Brandenburg;Potsdam;;2026-09-02T08:00:00.000Z;45330000 45331000 45332400;83;https://ted.europa.eu/bg/notice/-/detail/514589-2026
514969-2026;2026-07-23T22:00:00.000Z;Deutschland – Installation von Elektroanlagen – Elektrotechnik Erweiterung Rechenzentrum Mainz - 30028034;Mainzer Stadtwerke AG;Mainz;;2026-08-21T08:00:00.000Z;45311000;83;https://ted.europa.eu/bg/notice/-/detail/514969-2026
515593-2026;2026-07-23T22:00:00.000Z;Deutschland – Elektroinstallationsarbeiten – 27.32 - Generalsanierung Albert-Schweitzer-Schule - Elektrotechnik;Schulverband Albert-Schweitzer-Schule;Wiesloch;;2026-08-26T09:00:00.000Z;45311200 45315100;83;https://ted.europa.eu/bg/notice/-/detail/515593-2026
511978-2026;2026-07-23T22:00:00.000Z;Deutschland – Installation von elektrischen Leitungen – Sanierung Rathaus, Elektroinstallation und PV-Installation;Stadt St. Georgen;St. Georgen im Schwarzwald;2171908.3;;45310000;80;https://ted.europa.eu/bg/notice/-/detail/511978-2026
513364-2026;2026-07-23T22:00:00.000Z;Deutschland – Installation von Elektroanlagen – MA, MaReCum, Med. Fakultät Mannheim der Uni HD, Neubau Forschung und Lehre Medientechnik (Gebäude 1, Gebäude 2 und Gebäude 6);Vermögen und Bau Baden-Württemberg, Amt Mannheim und Heidelberg Dienstsitz Mannheim;Mannheim;944800;2026-08-03T21:59:00.000Z;45311000;80;https://ted.europa.eu/bg/notice/-/detail/513364-2026
514057-2026;2026-07-23T22:00:00.000Z;Deutschland – Installation von Heizungs-, Lüftungs- und Klimaanlagen – Wärmeversorgungsanlagen;Kreisausschuss des Landkreises Darmstadt-Dieburg für das Da-Di-Werk, Gebäudemanagement;Darmstadt;556354.94;;45331000;80;https://ted.europa.eu/bg/notice/-/detail/514057-2026
515167-2026;2026-07-23T22:00:00.000Z;Deutschland – Bauarbeiten für Schwimmbäder – Sanierung Trixi-Bad Großschönau Los 1.44.0 Elektroinstallation 1. BA;Landratsamt Görlitz;Görlitz;495712;;45311200;80;https://ted.europa.eu/bg/notice/-/detail/515167-2026
515406-2026;2026-07-23T22:00:00.000Z;Deutschland – Elektroinstallationsarbeiten – ZKM, HfG, Kunstmuseum Karlsruhe, Erneuerung der Beleuchtung und Sicherheitsbeleuchtung;Stadt Karlsruhe Amt für Hochbau und Gebäudewirtschaft;Karlsruhe;3909877.04;;45311200 45316000;80;https://ted.europa.eu/bg/notice/-/detail/515406-2026
512850-2026;2026-07-23T22:00:00.000Z;Deutschland – Stromversorgungsanlagen – Sanierung Rathaus mit Kulturzentraum: Netzersatzanlage;Stadt Bocholt;Bocholt;190000;2026-08-25T07:00:00.000Z;45315300;75;https://ted.europa.eu/bg/notice/-/detail/512850-2026
513215-2026;2026-07-23T22:00:00.000Z;Deutschland – Sonstige Elektroinstallationsarbeiten – Nürtingen, Hochschule für Wirtschaft und Umwelt, Unterbringung Kunst- und Theatertherapie Photovoltaik;Vermögen und Bau Baden-Württemberg, Amt Ludwigsburg;Ludwigsburg;75630.25;2026-08-26T21:59:00.000Z;45317000;75;https://ted.europa.eu/bg/notice/-/detail/513215-2026
513350-2026;2026-07-23T22:00:00.000Z;Deutschland – Stromversorgungsanlagen – Speicher S04_Donauried;Netze ODR GmbH;Ellwangen;3500000;2026-08-28T10:00:00.000Z;45315300;75;https://ted.europa.eu/bg/notice/-/detail/513350-2026
512503-2026;2026-07-23T22:00:00.000Z;Deutschland – Reparatur und Wartung von elektrischen und mechanischen Einrichtungen in Gebäuden – Offenes Verfahren (EU-weit) zur Vergabe von Wartungs- und Prüfleistungen für hand- und kraftbetätigte Anlagen, mit und ohne Feststellanlagen in Baden-Württemberg, VOEK 515-25;Bundesanstalt für Immobilienaufgaben;Bonn;;2026-08-04T07:00:00.000Z;50710000;68;https://ted.europa.eu/bg/notice/-/detail/512503-2026
514020-2026;2026-07-23T22:00:00.000Z;Deutschland – Installation von Elektroanlagen – 89099 - RMK SD - BA1 - Neubau Funktionsbau - HM - Gebäudeautomation;Rems-Murr-Kliniken gGmbH;Winnenden;;;45311000;68;https://ted.europa.eu/bg/notice/-/detail/514020-2026
514067-2026;2026-07-23T22:00:00.000Z;Deutschland – Bauarbeiten – Medientechnik;Magistrat der Stadt Wetzlar;Wetzlar;;;45310000;68;https://ted.europa.eu/bg/notice/-/detail/514067-2026
514461-2026;2026-07-23T22:00:00.000Z;Deutschland – Installation von Heizungs-, Lüftungs- und Klimaanlagen – 89099 - RMK SD - BA1 - Neubau Funktionsbau - HM - Raumlufttechnische Anlagen;Rems-Murr-Kliniken gGmbH;Winnenden;;;45331000;68;https://ted.europa.eu/bg/notice/-/detail/514461-2026
514517-2026;2026-07-23T22:00:00.000Z;Deutschland – Bau von Heizzentralen – UNITED HEAT Wastewater Heat Pump - EPC-Contractor - Detailed Engineering and Construction;Stadtwerke Görlitz AG;Görlitz;;;45310000;68;https://ted.europa.eu/bg/notice/-/detail/514517-2026
515175-2026;2026-07-23T22:00:00.000Z;Deutschland – Installation von Heizungs-, Lüftungs- und Klimaanlagen – 89099 - RMK SD - BA1 - Neubau Funktionsbau - HM - Heizung;Rems-Murr-Kliniken gGmbH;Winnenden;;;45331000;68;https://ted.europa.eu/bg/notice/-/detail/515175-2026
515397-2026;2026-07-23T22:00:00.000Z;Deutschland – Installation von Heizungs-, Lüftungs- und Klimaanlagen – Entsorgungszentrum Reutlingen, Abluftfilteranlage;Technische Betriebsdienste Reutlingen;Reutlingen;;;45331000;68;https://ted.europa.eu/bg/notice/-/detail/515397-2026
512322-2026;2026-07-23T22:00:00.000Z;Deutschland – Installation von Aufzügen – Generalübernehmerleistungen für die Planung und Errichtung eines Kantinenaufzugs, ECA-2026-047;Bundesdruckerei GmbH;Berlin;;2026-08-13T08:00:00.000Z;45313100;63;https://ted.europa.eu/bg/notice/-/detail/512322-2026
512538-2026;2026-07-23T22:00:00.000Z;Deutschland – Bauarbeiten – Lüftungstechnische Anlagen;Landeshauptstadt Hannover - Fachbereich Gebäudemanagement;Hannover;;2026-09-07T09:00:00.000Z;45331210;63;https://ted.europa.eu/bg/notice/-/detail/512538-2026
513211-2026;2026-07-23T22:00:00.000Z;Deutschland – Installation von Sanitäreinrichtungen – Ludwig-Uhland-Gymnasium Generalsanierung BT C und D;Stadtverwaltung Kirchheim unter Teck;Kirchheim unter Teck;;2026-08-21T08:15:00.000Z;45332400;63;https://ted.europa.eu/bg/notice/-/detail/513211-2026
513460-2026;2026-07-23T22:00:00.000Z;Deutschland – Installation von Sanitäreinrichtungen – Sanitärinstallation - GNUE Neubau eines Labor- und Verwaltungsgebäudes für das Landesamt für Verbraucherschutz Halle An der Fliederwegkaserne 20, 06130 Halle (Saale) (SLB-2026-0327);Amt für Immobilien- und Baumanagement MD (AIB Magdeburg), Zentraleinheit Vergabe;Magdeburg;;2026-08-24T08:30:00.000Z;45332400;63;https://ted.europa.eu/bg/notice/-/detail/513460-2026
513568-2026;2026-07-23T22:00:00.000Z;Deutschland – Einbruchmeldeanlagen – SV-SWE-260310-004, Planung, Lieferung, Installation, Inbetriebnahme sowie Wartung und Support von drahtlosen Zaun-Detektionssystemen;Stadtwerke München GmbH;München;;2026-08-24T08:00:00.000Z;45312200;63;https://ted.europa.eu/bg/notice/-/detail/513568-2026
513658-2026;2026-07-23T22:00:00.000Z;Deutschland – Installation von Lüftungsanlagen – Ilmenau Schule Deutsch Evern;Samtgemeinde Ilmenau(LK Lüneburg);Melbeck;;2026-08-27T07:00:00.000Z;45331210;63;https://ted.europa.eu/bg/notice/-/detail/513658-2026
513663-2026;2026-07-23T22:00:00.000Z;Deutschland – Hochspannungsarbeiten – SV-KWE-260723-002 - TW - 110 kV Kabelbau - UW Theresienstraße Konvoi 3 - 110 kV Kabelbau;SWM Infrastruktur GmbH & Co. KG;München;;2026-08-24T11:00:00.000Z;45315400;63;https://ted.europa.eu/bg/notice/-/detail/513663-2026
513873-2026;2026-07-23T22:00:00.000Z;Deutschland – Installation von Aufzügen – Informationszentrum Mathildenhöhe Darmstadt - Aufzugsanlage;Wissenschaftsstadt Darmstadt vertr. durch Darmstädter Stadtentwicklungs GmbH & Co.KG (DSE);Darmstadt;;2026-08-25T08:00:00.000Z;45313100;63;https://ted.europa.eu/bg/notice/-/detail/513873-2026
513880-2026;2026-07-23T22:00:00.000Z;Deutschland – Installation von Schaltanlagen – Gebäudeautomation - BA 1;Katholisches Wohnungsbau- und Siedlungswerk der Diözese Regensburg GmbH;Regensburg;;2026-08-31T07:00:00.000Z;45315700;63;https://ted.europa.eu/bg/notice/-/detail/513880-2026
513986-2026;2026-07-23T22:00:00.000Z;Deutschland – Installation von Aufzügen – Aufzug;Gemeinde Tacherting;Tacherting;;2026-08-25T11:30:00.000Z;45313100;63;https://ted.europa.eu/bg/notice/-/detail/513986-2026
514009-2026;2026-07-23T22:00:00.000Z;Deutschland – Installation von Lüftungs- und Klimaanlagen – Lüftungsarbeiten;OPG Offenbacher Projektentwicklungsgesellschaft mbH im Namen und Rechnung des Magistrates der Stadt Offenbach am Main;Offenbach am Main;;2026-08-24T11:00:00.000Z;45331200;63;https://ted.europa.eu/bg/notice/-/detail/514009-2026
514772-2026;2026-07-23T22:00:00.000Z;Deutschland – Installation von Lüftungsanlagen – GS Rosa Luxemburg, Trakehnerstr. 1, 06124 Halle (Saale), Lüftungsanlagen, Kälteanlagen und Dämmung;Stadt Halle (Saale), Fachbereich Recht, Team Vergabe Bauleistungen/Bauplanungen;Halle (Saale);;2026-08-24T08:00:00.000Z;45331210 45331231;63;https://ted.europa.eu/bg/notice/-/detail/514772-2026
514946-2026;2026-07-23T22:00:00.000Z;Deutschland – Installation von Schaltanlagen – Gebäudeautomation;OPG Offenbacher Projektentwicklungsgesellschaft mbH im Namen und Rechnung des Magistrates der Stadt Offenbach am Main;Offenbach am Main;;2026-08-24T11:30:00.000Z;45315700;63;https://ted.europa.eu/bg/notice/-/detail/514946-2026
515072-2026;2026-07-23T22:00:00.000Z;Deutschland – Installation von Lüftungsanlagen – Bundesstadt Bonn: Dependance GGS Adelheidisschule - Lüftungsanlagen;Bundesstadt Bonn - Referat Vergabedienste;Bonn;;2026-10-08T07:00:00.000Z;45331210;63;https://ted.europa.eu/bg/notice/-/detail/515072-2026
515299-2026;2026-07-23T22:00:00.000Z;Deutschland – Installation von Aufzügen – 335 BENSZ - Neubau Schulzentrum Bad Endorf - 335-4610-03 Aufzugsanlagen BA2;Markt Bad Endorf;Bad Endorf;;2026-08-25T08:00:00.000Z;45313100;63;https://ted.europa.eu/bg/notice/-/detail/515299-2026
515347-2026;2026-07-23T22:00:00.000Z;Deutschland – Installation von Computerkabelnetzen – TUD Hochleistungsrechner-Speicherkomplex II;Staatsbetrieb Sächsisches Immobilien- und Baumanagement, Zentrale, Zentralstelle Vergabe- und Vertragsmanagement;Dresden;;2026-08-25T07:00:00.000Z;45314320;63;https://ted.europa.eu/bg/notice/-/detail/515347-2026
512309-2026;2026-07-23T22:00:00.000Z;Deutschland – Bauarbeiten für Schwimmbäder – Sanierung Trixi-Bad Großschönau - Los 1.43 Lüftungsinstallation;Landratsamt Görlitz;Görlitz;164174;;45331210;60;https://ted.europa.eu/bg/notice/-/detail/512309-2026
513170-2026;2026-07-23T22:00:00.000Z;Deutschland – Bau von Freizeitzentren – Sanierung Trixi-Bad Großschönau Los 1.41 Sanitärinstallation;Landratsamt Görlitz;Görlitz;276658;;45332400;60;https://ted.europa.eu/bg/notice/-/detail/513170-2026
513635-2026;2026-07-23T22:00:00.000Z;Deutschland – Installation von elektrischen Leitungen – Gleisfeldbeleuchtung Freilassing km80,5-82,0 (5703), KTB, GFB Traunstein km52,5-54,0 (5703);DB InfraGO AG – Geschäftsbereich Fahrweg (Bukr 16);Frankfurt Main;0;;45310000;60;https://ted.europa.eu/bg/notice/-/detail/513635-2026
514447-2026;2026-07-23T22:00:00.000Z;Deutschland – Bauarbeiten für Forschungsgebäude – Universität Regensburg - Neubau eines Forschungsgebäudes CITO;Staatliches Bauamt Regensburg;Regensburg;623373.06;;45332400;60;https://ted.europa.eu/bg/notice/-/detail/514447-2026
510934-2026;2026-07-22T22:00:00.000Z;Deutschland – Reparatur und Wartung von elektrischen und mechanischen Einrichtungen in Gebäuden – Wartung und Prüfung von kraftbetätigten Türen und Tore;Landeshauptstadt Hannover - Fachbereich Gebäudemanagement;Hannover;406708.5;2026-09-01T11:30:00.000Z;50710000;95;https://ted.europa.eu/bg/notice/-/detail/510934-2026
508703-2026;2026-07-22T22:00:00.000Z;Deutschland – Installation von elektrischen Leitungen – Elektrotechnische Arbeiten 4. BA - Umbau und Erweiterung der Regenbogenschule mit Mensa in Seelze;Stadt Seelze - 21.1 Innere Verwaltung - Zentrale Vergabestelle;Seelze;;2026-08-25T08:45:00.000Z;45310000;83;https://ted.europa.eu/bg/notice/-/detail/508703-2026
508982-2026;2026-07-22T22:00:00.000Z;Deutschland – Installation von Elektroanlagen – Mittelpunktgrundschule Hungen - Elektroinstallation nach DIN 18 382 Elektroanlagen sowie FM- und IT-Anlagen;Landkreis Gießen - Der Kreisausschuss -;Gießen;;2026-08-24T08:00:00.000Z;45311000;83;https://ted.europa.eu/bg/notice/-/detail/508982-2026
509444-2026;2026-07-22T22:00:00.000Z;Deutschland – Installation von Heizungs-, Lüftungs- und Klimaanlagen – Kornhaus Neugestaltung Museum;Stadtverwaltung Kirchheim unter Teck;Kirchheim unter Teck;;2026-08-20T09:00:00.000Z;45331000;83;https://ted.europa.eu/bg/notice/-/detail/509444-2026
509456-2026;2026-07-22T22:00:00.000Z;Deutschland – Bauarbeiten – Generalsanierung Kreiskrankenhaus Heppenheim - Lufttechnische Anlagen Bauteil G;Kreiskrankenhaus Bergstraße GmbH eine Einrichtung des Universitätsklinikums Heidelberg;Heppenheim;;2026-08-10T08:00:00.000Z;45331000 45331210 45331200;83;https://ted.europa.eu/bg/notice/-/detail/509456-2026
509495-2026;2026-07-22T22:00:00.000Z;Deutschland – Elektroinstallationsarbeiten – Erweiterung/Umbau und Sanierung Grundschule Freistett - Stark- und Schwachstromarbeiten;Stadt Rheinau;Rheinau;;2026-08-26T08:00:00.000Z;45311200 45310000;83;https://ted.europa.eu/bg/notice/-/detail/509495-2026
509567-2026;2026-07-22T22:00:00.000Z;Deutschland – Installation von Heizungs-, Lüftungs- und Klimaanlagen – Landkreis Ludwigslust-Parchim - Neubau Feuerwehr-Service-Zentrum in Neustadt-Glewe - Los 404 - Gebäudeautomation;Landkreis Ludwigslust-Parchim - Der Landrat;Parchim;;2026-08-25T07:30:00.000Z;45331000 45311200;83;https://ted.europa.eu/bg/notice/-/detail/509567-2026
510024-2026;2026-07-22T22:00:00.000Z;Deutschland – Elektroinstallationsarbeiten – Baustromversorgung;Katholische Kliniken im Märkischen Kreis gem. GmbH;Iserlohn;;2026-08-24T10:00:00.000Z;45311200 45315000 45317000 45317300;83;https://ted.europa.eu/bg/notice/-/detail/510024-2026
510852-2026;2026-07-22T22:00:00.000Z;Deutschland – Installation von Elektroanlagen – Lessinggymnasium - Elektroarbeiten_NB;Stadt Braunschweig Fachbereich Bauordnung und Zentrale Vergabestelle;Braunschweig;;2026-08-31T05:00:00.000Z;45311000;83;https://ted.europa.eu/bg/notice/-/detail/510852-2026
511106-2026;2026-07-22T22:00:00.000Z;Deutschland – Installation von elektrischen Leitungen – Kita Miteinander - Stark.- & Schwachstromarbeiten;Vergabestelle der Stadt Fulda;Fulda;;2026-08-25T08:30:00.000Z;45310000;83;https://ted.europa.eu/bg/notice/-/detail/511106-2026
511294-2026;2026-07-22T22:00:00.000Z;Deutschland – Installateurarbeiten und Verlegung von Abwasserleitungen – Sanitär- und Feuerlöschanlagen;Bäder Halle GmbH;Halle (Saale);;2026-08-24T07:30:00.000Z;45332000 45332200 45332300 45332400;83;https://ted.europa.eu/bg/notice/-/detail/511294-2026
511723-2026;2026-07-22T22:00:00.000Z;Deutschland – Installation von Feuerlöschanlagen – Komplettsanierung Pestalozzischule Zeitz Los 47 - Feuerlöschanlage;Burgenlandkreis;Naumburg (Saale);;2026-08-27T08:00:00.000Z;45330000;83;https://ted.europa.eu/bg/notice/-/detail/511723-2026
508611-2026;2026-07-22T22:00:00.000Z;Deutschland – Installation von Elektroanlagen – ELCH Elektroinstallationsarbeiten, Beleuchtung;Evangelischer Kirchenkreisverband für Kindertagesstätten Berlin Mitte-Nord c/o STATTBAU Stadtentwicklungsgesellschaft mbH;Berlin;399996;;45311000;80;https://ted.europa.eu/bg/notice/-/detail/508611-2026
508662-2026;2026-07-22T22:00:00.000Z;Deutschland – Heizungs- und sonstige Elektroinstallationen in Gebäuden – ELCH: Installation einer Heizungsanlage;Evangelischer Kirchenkreisverband für Kindertagesstätten in Berlin Mitte-Nord c/o STATTBAU Stadtentwicklungsgesellschaft mbH;Berlin;169503;;45315000;80;https://ted.europa.eu/bg/notice/-/detail/508662-2026
508822-2026;2026-07-22T22:00:00.000Z;Deutschland – Installateurarbeiten – Gymnasium Lernwelten Böhlen, Heizungsinstallation;Schulverein Lernwelten e.V.;Böhlen OT Großdeuben;489003;;45330000 45331000;80;https://ted.europa.eu/bg/notice/-/detail/508822-2026
509812-2026;2026-07-22T22:00:00.000Z;Deutschland – Installation von Beleuchtungs- und Signalanlagen – PD Leipzig/PRev. Leipzig Nord Neuunterbringung;Staatsbetrieb Sächsisches Immobilien- und Baumanagement NL Leipzig 1;Leipzig;989388.32;;45316000;80;https://ted.europa.eu/bg/notice/-/detail/509812-2026
509849-2026;2026-07-22T22:00:00.000Z;Deutschland – Elektroinstallationsarbeiten – Genslerstraße 33 - Starkstrom;SBH | Schulbau Hamburg;Hamburg;831910;;45311200;80;https://ted.europa.eu/bg/notice/-/detail/509849-2026
510268-2026;2026-07-22T22:00:00.000Z;Deutschland – Installateurarbeiten – ELCH - Sanitärarbeiten;Evangelischer Kirchenkreisverband für Kindertagesstätten Berlin Mitte-Nord c/o STATTBAU Stadtentwicklungsgesellschaft mbH;Berlin;176388;;45330000;80;https://ted.europa.eu/bg/notice/-/detail/510268-2026
510972-2026;2026-07-22T22:00:00.000Z;Deutschland – Installation von Elektroanlagen – Schwachstrom 70-00001-2040-466;Fraunhofer-Gesellschaft zur Förderung der angewandten Forschung e.V.;München;1474520.73;;45311000;80;https://ted.europa.eu/bg/notice/-/detail/510972-2026
511757-2026;2026-07-22T22:00:00.000Z;Deutschland – Bauarbeiten für Wasser- und Abwasserrohrleitungen – FP Riedensheim Verlegung Druckleitung für die Abwasserbeseitigung;Wasserwirtschaftsamt Ingolstadt;Ingolstadt;829581.27;;45332000 45332300;80;https://ted.europa.eu/bg/notice/-/detail/511757-2026
510948-2026;2026-07-22T22:00:00.000Z;Deutschland – Elektroinstallationsarbeiten für Transformatoren – WASEB, Inhauser Landstraße 20. 26388 Wilhelmshaven;Stadt Wilhelmshaven, FB 30 Rechtsamt, Zentrale Vergabestelle;Wilhelmshaven;563000;2026-08-25T07:15:00.000Z;45317200;75;https://ted.europa.eu/bg/notice/-/detail/510948-2026
508869-2026;2026-07-22T22:00:00.000Z;"Deutschland – Elektroinstallationsarbeiten – Neubau Wohngebäude mit Kinderhaus; Gewerk: Elektroinstallation";Wohnbau Pfullingen;Pfullingen;;;45311200;68;https://ted.europa.eu/bg/notice/-/detail/508869-2026
509496-2026;2026-07-22T22:00:00.000Z;Deutschland – Reparatur und Wartung von elektrischen und mechanischen Einrichtungen in Gebäuden – Offenes Verfahren (EU-weit) zur Vergabe von Wartungs- und Prüfleistungen für hand- und kraftbetätigte Anlagen, mit und ohne Feststellanlagen in Baden-Württemberg, VOEK 515-25;Bundesanstalt für Immobilienaufgaben;Bonn;;2026-08-04T07:00:00.000Z;50710000;68;https://ted.europa.eu/bg/notice/-/detail/509496-2026
510723-2026;2026-07-22T22:00:00.000Z;Deutschland – Elektroinstallationsarbeiten – Neubau Betriebsgebäude mit Fahrzeughalle, ZKA Chemnitz - Gebäudeautomation;Entsorgungsbetrieb der Stadt Chemnitz;Chemnitz;;;45311200 45315700;68;https://ted.europa.eu/bg/notice/-/detail/510723-2026
511108-2026;2026-07-22T22:00:00.000Z;Deutschland – Installation von Heizungs-, Lüftungs- und Klimaanlagen – 0012 - medius KLINIKEN OSTFILDERN-RUIT - Umbau OP-Nebenräume EOP - Heizung-/Kälte-/Sanitäranlagen;medius Kliniken gemeinnützige GmbH;Kirchheim unter Teck;;;45331000;68;https://ted.europa.eu/bg/notice/-/detail/511108-2026
511147-2026;2026-07-22T22:00:00.000Z;Deutschland – Reparatur und Wartung von elektrischen und mechanischen Einrichtungen in Gebäuden – Wartung, Prüfung und Instandhaltung von Türen - PR1164556-2370-I;Fraunhofer-Gesellschaft - Einkauf B12;München;;;50710000;68;https://ted.europa.eu/bg/notice/-/detail/511147-2026
511332-2026;2026-07-22T22:00:00.000Z;Deutschland – Bauarbeiten – Münster, Umbau und Sanierung des ehem. Offizierskasinos, Gebäude 30 im York-Quartier;NRW.URBAN Kommunale Entwicklung GmbH;Düsseldorf;;;45310000 45311200 45317000 45332000 45313100 45312310 45312000 45331200 45331210;68;https://ted.europa.eu/bg/notice/-/detail/511332-2026
511366-2026;2026-07-22T22:00:00.000Z;Deutschland – Installation von Elektroanlagen – Stark- und Schwachstromanlagen für FCC (FAIR Control Centre);GSI Helmholtzzentrum für Schwerionenforschung GmbH;Darmstadt;;;45311000;68;https://ted.europa.eu/bg/notice/-/detail/511366-2026
511481-2026;2026-07-22T22:00:00.000Z;Deutschland – Elektroinstallationsarbeiten – Landesgartenschau Oberhessen 2027 gGmbH - Elektroarbeiten im Stadtpark Büdingen;Landesgartenschau Oberhessen 2027 gGmbH;Nidda - Bad Salzhausen;;;45311200;68;https://ted.europa.eu/bg/notice/-/detail/511481-2026
508702-2026;2026-07-22T22:00:00.000Z;Deutschland – Installation von Aufzügen und Rolltreppen – Kita Lotte Lemke;Stadt Heilbronn Rechtsamt - Zentrales Vergabemanagement -;Heilbronn;;2026-09-08T08:30:00.000Z;45313000;63;https://ted.europa.eu/bg/notice/-/detail/508702-2026
508965-2026;2026-07-22T22:00:00.000Z;Deutschland – Installation von Sanitäreinrichtungen – Kornhaus Neugestaltung Museum;Stadtverwaltung Kirchheim unter Teck;Kirchheim unter Teck;;2026-08-20T08:30:00.000Z;45332400;63;https://ted.europa.eu/bg/notice/-/detail/508965-2026
509325-2026;2026-07-22T22:00:00.000Z;Deutschland – Installation von Aufzügen – Goethe Realschule Plus_Aufzugsanlage;Stadt Koblenz;Koblenz;;2026-08-20T08:00:00.000Z;45313100;63;https://ted.europa.eu/bg/notice/-/detail/509325-2026
509468-2026;2026-07-22T22:00:00.000Z;Deutschland – Installation von Aufzügen – Förderanlage;Landratsamt Wartburgkreis;Bad Salzungen;;2026-08-27T07:00:00.000Z;45313100;63;https://ted.europa.eu/bg/notice/-/detail/509468-2026
509606-2026;2026-07-22T22:00:00.000Z;Deutschland – Installation von Elektroanlagen – Elekroarbeiten;STADT UND LAND Wohnbauten-Gesellschaft mbH;Berlin;;2026-07-27T08:00:00.000Z;45311000;63;https://ted.europa.eu/bg/notice/-/detail/509606-2026
510112-2026;2026-07-22T22:00:00.000Z;Deutschland – Installation von Schaltanlagen – Gebäudeautomation;Landeshauptstadt Hannover - Fachbereich Gebäudemanagement;Hannover;;2026-09-07T08:00:00.000Z;45315700;63;https://ted.europa.eu/bg/notice/-/detail/510112-2026
510561-2026;2026-07-22T22:00:00.000Z;Deutschland – Installation von Lüftungsanlagen – Gesamtschule Hiesfeld - Lüftungstechnische Anlagen;Stadt Dinslaken für ProZent GmbH;Dinslaken;;2026-09-08T12:00:00.000Z;45331210;63;https://ted.europa.eu/bg/notice/-/detail/510561-2026
510591-2026;2026-07-22T22:00:00.000Z;Deutschland – Installation von Sanitäreinrichtungen – Gymnasium Johanneum, Neubau Fachunterrichtsgebäude;Hansestadt Lüneburg;Lüneburg;;2026-09-01T07:00:00.000Z;45332400;63;https://ted.europa.eu/bg/notice/-/detail/510591-2026
510747-2026;2026-07-22T22:00:00.000Z;Deutschland – Installation von Einbruchmeldeanlagen – Einbruchmeldeanlage_Betriebshof Giebel 46;Stadt Wuppertal;Wuppertal;;2026-08-25T06:15:00.000Z;45312200;63;https://ted.europa.eu/bg/notice/-/detail/510747-2026
510878-2026;2026-07-22T22:00:00.000Z;Deutschland – Installation von Lüftungs- und Klimaanlagen – Lüftungsarbeiten;Landeshauptstadt München, Baureferat;München;;2026-08-25T09:10:00.000Z;45331200 45331210;63;https://ted.europa.eu/bg/notice/-/detail/510878-2026
511486-2026;2026-07-22T22:00:00.000Z;Deutschland – Installation von Lüftungsanlagen – Kita Lotte Lemke;Stadt Heilbronn Rechtsamt - Zentrales Vergabemanagement -;Heilbronn;;2026-09-10T08:30:00.000Z;45331210;63;https://ted.europa.eu/bg/notice/-/detail/511486-2026
511704-2026;2026-07-22T22:00:00.000Z;Deutschland – Installation von Lüftungsanlagen – Kornhaus Neugestaltung Museum;Stadtverwaltung Kirchheim unter Teck;Kirchheim unter Teck;;2026-08-20T08:45:00.000Z;45331210;63;https://ted.europa.eu/bg/notice/-/detail/511704-2026
508609-2026;2026-07-22T22:00:00.000Z;"Deutschland – Bau von Museen – Los 68 - Aufzug; Lindenau-Museum Altenburg, Gabelentzstraße 5, 04600 Altenburg, Grundsanierung und Restaurierung";Landkreis Altenburger Land;Altenburg;380217;;45313100;60;https://ted.europa.eu/bg/notice/-/detail/508609-2026
508687-2026;2026-07-22T22:00:00.000Z;Deutschland – Installation von Zentralheizungen – Augustinermuseum Freiburg 3. BA, Heizungs- und Kälteinstallation, NT 4;Stadt Freiburg i. Br. - Vergabemanagement;Freiburg im Breisgau;1027033.79;;45331100;60;https://ted.europa.eu/bg/notice/-/detail/508687-2026
509053-2026;2026-07-22T22:00:00.000Z;Deutschland – Bauarbeiten für Produktionsanlagen – Bau von Hochbaumaßnahmen, Außenanlagen und Verkehrsflächen im Zusammenhang mit der Herstellung von Wasserstoff;Stadtwerke Stuttgart GmbH;Stuttgart;3967077;;45312310;60;https://ted.europa.eu/bg/notice/-/detail/509053-2026
509163-2026;2026-07-22T22:00:00.000Z;Deutschland – Wasserinstallationsarbeiten – GS EDS, Haus 6 - Abwasser-, Wasser-, Gasanlagen;Gemeinde Veitshöchheim;Veitshöchheim;503300;;45332200 45332300 45332400;60;https://ted.europa.eu/bg/notice/-/detail/509163-2026
509225-2026;2026-07-22T22:00:00.000Z;Deutschland – Installation von Fernmeldeanlagen – TU C Infra Campus RH, TBM7, NB Technikzentrale Süd;Staatsbetrieb Sächsisches Immobilien- und Baumanagement, Zentrale, Zentralstelle Vergabe- und Vertragsmanagement;Dresden;334881.73;;45314000;60;https://ted.europa.eu/bg/notice/-/detail/509225-2026
509352-2026;2026-07-22T22:00:00.000Z;Deutschland – Installation von Lüftungsanlagen – GS EDS, Haus 6 - Raumlufttechnische Anlagen;Gemeinde Veitshöchheim;Veitshöchheim;509750;;45331210 45331220 45331230;60;https://ted.europa.eu/bg/notice/-/detail/509352-2026
509507-2026;2026-07-22T22:00:00.000Z;Deutschland – Bauarbeiten für Gebäude im Gesundheitswesen – Umbau und Erweiterung des Westpfalz-Klinikums am Standort Kirchheimbolanden;Westpfalz-Klinikum GmbH;Kaiserslautern;1012330;2026-08-05T08:20:00.000Z;45315100;60;https://ted.europa.eu/bg/notice/-/detail/509507-2026
509954-2026;2026-07-22T22:00:00.000Z;Deutschland – Installation von Lüftungs- und Klimaanlagen – Polizeirevier Borna;Staatsbetrieb Sächsisches Immobilien- und Baumanagement NL Leipzig 1;Leipzig;794167.51;;45331200;60;https://ted.europa.eu/bg/notice/-/detail/509954-2026
510287-2026;2026-07-22T22:00:00.000Z;Deutschland – Installation von Sanitäreinrichtungen – Sanitärtechnik 70-00001-2720-463;Fraunhofer-Gesellschaft zur Förderung der angewandten Forschung e.V.;München;352017.36;;45332400;60;https://ted.europa.eu/bg/notice/-/detail/510287-2026
510550-2026;2026-07-22T22:00:00.000Z;Deutschland – Bauarbeiten für Forschungsgebäude – Universität Regensburg - Neubau eines Forschungsgebäudes CITO;Staatliches Bauamt Regensburg;Regensburg;532750.17;;45331231;60;https://ted.europa.eu/bg/notice/-/detail/510550-2026
510744-2026;2026-07-22T22:00:00.000Z;Deutschland – Elektroinstallationsarbeiten – Sanierung mit Erweiterung Jugendzentrum Stadt Bamberg Margaretendamm 12a, 96052 Bamberg;Stadt Bamberg / Zentrale Beschaffungs- und Vergabestelle;Bamberg;1;;45311200;60;https://ted.europa.eu/bg/notice/-/detail/510744-2026
511195-2026;2026-07-22T22:00:00.000Z;Deutschland – Installation von Lüftungs- und Klimaanlagen – Gymnasium Lernwelten Böhlen, Raumlufttechnik;Schulverein Lernwelten e.V.;Böhlen OT Großdeuben;403242;;45331200;60;https://ted.europa.eu/bg/notice/-/detail/511195-2026
509971-2026;2026-07-22T22:00:00.000Z;Deutschland – Stromversorgungsanlagen – Neu- und Umbauten von 10-kV-Mittelspannungs Kundenstationen;Stromnetz Berlin GmbH;Berlin;1;2026-08-21T21:59:00.000Z;45315300 45315500 45315600 45315700;55;https://ted.europa.eu/bg/notice/-/detail/509971-2026
508888-2026;2026-07-22T22:00:00.000Z;Deutschland – Installation von Lüftungsanlagen – Lieferung und Montage lüftungstechnischer Anlagen für die Erweiterung OGS Stürzelberg in Dormagen;Stadt Dormagen, vertreten durch den Eigenbetrieb Dormagen;Dormagen;;2026-08-03T10:00:00.000Z;45331210;48;https://ted.europa.eu/bg/notice/-/detail/508888-2026
511875-2026;2026-07-22T22:00:00.000Z;"Deutschland – Installation von Sanitäreinrichtungen – Neubau Wohngebäude mit Kinderhaus; Gewerk: Lüftungs- und Sanitärarbeiten";Wohnbau Pfullingen;Pfullingen;;;45332400;48;https://ted.europa.eu/bg/notice/-/detail/511875-2026
508596-2026;2026-07-22T22:00:00.000Z;Deutschland – Installation von Aufzügen – Brödermannsweg 2 - Aufzug;SBH | Schulbau Hamburg;Hamburg;45841;;45313100;40;https://ted.europa.eu/bg/notice/-/detail/508596-2026
509544-2026;2026-07-22T22:00:00.000Z;Deutschland – Blitzschutzarbeiten – Blitzschutzarbeiten;Evangelischer Kirchenkreisverband für Kindertagesstätten in Berlin Mitte-Nord c/o STATTBAU Stadtentwikclungsgesellschaft;Berlin;15848;;45312310;40;https://ted.europa.eu/bg/notice/-/detail/509544-2026
509621-2026;2026-07-22T22:00:00.000Z;"Deutschland – Kabelinfrastruktur – Neubau ESTW-A Rüdesheim; Kabeltiefbau";DB InfraGO AG – Geschäftsbereich Fahrweg (Bukr 16);Frankfurt Main;0;;45314300;40;https://ted.europa.eu/bg/notice/-/detail/509621-2026
505762-2026;2026-07-21T22:00:00.000Z;Deutschland – Installation von Heizungs-, Lüftungs- und Klimaanlagen – Bundesstadt Bonn: Dependance GGS Adelheidisschule - Sanitär- und Heizungsanlagen;Bundesstadt Bonn - Referat Vergabedienste;Bonn;;2026-09-29T07:00:00.000Z;45331000 45331200;83;https://ted.europa.eu/bg/notice/-/detail/505762-2026
506369-2026;2026-07-21T22:00:00.000Z;Deutschland – Installation von Elektroanlagen – 49_413_ ELT COSI;Deutsches Krebsforschungszentrum Heidelberg;Heidelberg;;2026-09-15T08:00:00.000Z;45311000 45314000;83;https://ted.europa.eu/bg/notice/-/detail/506369-2026
506447-2026;2026-07-21T22:00:00.000Z;Deutschland – Installateurarbeiten – Gesamtschule Hiesfeld, Bauteil E, Sanitär und Heizung;Stadt Dinslaken - Der Bürgermeister für die Prozent GmbH;Dinslaken;;2026-09-01T12:10:00.000Z;45330000;83;https://ted.europa.eu/bg/notice/-/detail/506447-2026
507393-2026;2026-07-21T22:00:00.000Z;Deutschland – Installateurarbeiten – Komplettsanierung Pestalozzischule Zeitz Los 41 - Sanitäranlagen;Burgenlandkreis;Naumburg (Saale);;2026-08-25T08:30:00.000Z;45330000 45332400;83;https://ted.europa.eu/bg/notice/-/detail/507393-2026
507527-2026;2026-07-21T22:00:00.000Z;Deutschland – Installation von elektrischen Leitungen – Kita Miteinander - Stark.- & Schwachstromarbeiten;Vergabestelle der Stadt Fulda;Fulda;;2026-08-25T08:30:00.000Z;45310000;83;https://ted.europa.eu/bg/notice/-/detail/507527-2026
507713-2026;2026-07-21T22:00:00.000Z;Deutschland – Installation von elektrischen Leitungen – MELCH MG01 Brandschutzsanierung VE12 Elektroleistungen;Berliner Wasserbetriebe;Berlin;;2026-08-24T08:00:00.000Z;45310000;83;https://ted.europa.eu/bg/notice/-/detail/507713-2026
508149-2026;2026-07-21T22:00:00.000Z;Deutschland – Bauinstallationsarbeiten – Bauabschnitt 1 - PW Campingplatz, RÜB RE81, PW IV Kürzell - EMSR und Maschinentechnik;Gemeinde Friesenheim - Abwasserverband Friesenheim;Friesenheim;;2026-08-20T09:00:00.000Z;45310000 45317000;83;https://ted.europa.eu/bg/notice/-/detail/508149-2026
508164-2026;2026-07-21T22:00:00.000Z;Deutschland – Abbrucharbeiten – Erneuerung Lichthochmaste Elbtunnel;Hamburg Verkehrsanlagen GmbH;Hamburg;;2026-08-19T07:00:00.000Z;45311000 45316100 45316110;83;https://ted.europa.eu/bg/notice/-/detail/508164-2026
505862-2026;2026-07-21T22:00:00.000Z;Deutschland – Installation von Elektroanlagen – Elektroinstallation 70-00006-3000-35;Fraunhofer-Gesellschaft zur Förderung der angewandten Forschung e.V.;München;2674017.3;;45311000;80;https://ted.europa.eu/bg/notice/-/detail/505862-2026
506295-2026;2026-07-21T22:00:00.000Z;Deutschland – Installation von Elektroanlagen – Elektroinstallation 70-00006-3000-35;Fraunhofer-Gesellschaft zur Förderung der angewandten Forschung e.V.;München;2674017.3;;45311000;80;https://ted.europa.eu/bg/notice/-/detail/506295-2026
506703-2026;2026-07-21T22:00:00.000Z;Deutschland – Elektroinstallationsarbeiten – 70-00010-2460-44 Stark- und Schwachstrom;Fraunhofer-Gesellschaft zur Förderung der angewandten Forschung e.V.;München;4982875.38;;45311200;80;https://ted.europa.eu/bg/notice/-/detail/506703-2026
507039-2026;2026-07-21T22:00:00.000Z;Deutschland – Aushub- und Erdbewegungsarbeiten – Auftragsänderung 1: BLB NRW K / St. Augustin / K-Bundespolizei Hangelar Interim STA-TBM 2-KFZ Halle / Tiefbauarbeiten;Bau- und Liegenschaftsbetrieb NRW Köln;Köln;607747.63;;45311100;80;https://ted.europa.eu/bg/notice/-/detail/507039-2026
507355-2026;2026-07-21T22:00:00.000Z;Deutschland – Bauarbeiten – Raumlufttechnische Anlagen (Kältetechnik) - Kulturschule Gelsenkirchen, Am Schalker Verein 9+11, 45888 Gelsenkirchen;Stadt Gelsenkirchen;Gelsenkirchen;217259.15;;45331000 45331231;80;https://ted.europa.eu/bg/notice/-/detail/507355-2026
507437-2026;2026-07-21T22:00:00.000Z;Deutschland – Elektroinstallationsarbeiten – BLB NRW Köln / Technische Hochschule Köln, Campus Deutz, Neubau Gebäude B, Elektroarbeiten;Bau- und Liegenschaftsbetrieb NRW Köln;Köln;1791516.08;;45311200 45315100;80;https://ted.europa.eu/bg/notice/-/detail/507437-2026
506596-2026;2026-07-21T22:00:00.000Z;Deutschland – Installation von Lüftungsanlagen – 26E20119 - Polizeiinspektion Cuxhaven (BHZ II), Z-BU Sanierung Bestandsgebäude, Errichtung von 2 Lüftungsanlagen;Land Niedersachsen vertreten durch das Staatliche Baumanagement Niedersachsen;Cuxhaven;545674;2026-08-27T07:19:00.000Z;45331210;75;https://ted.europa.eu/bg/notice/-/detail/506596-2026
506182-2026;2026-07-21T22:00:00.000Z;Deutschland – Installation von Elektroanlagen – LVR Klinik Düren, Sanierung Haus 14, Starkstromanlagen;LVR-Dezernat Gebäude- und Liegenschaftsmanagement, Umwelt, Energie, Bauen für Menschen GmbH;Köln;;;45311000;68;https://ted.europa.eu/bg/notice/-/detail/506182-2026
506196-2026;2026-07-21T22:00:00.000Z;"Deutschland – Installation von Heizungs-, Lüftungs- und Klimaanlagen – Neubau Wohngebäude und Kinderhaus; Gewerk: Heizungsarbeiten";Wohnbau Pfullingen;Pfullingen;;;45331000;68;https://ted.europa.eu/bg/notice/-/detail/506196-2026
507049-2026;2026-07-21T22:00:00.000Z;Deutschland – Friedhof – Elektroinstallationsarbeiten, Brandmeldeanlage;Landeshauptstadt München, Baureferat;München;;2026-07-30T07:40:00.000Z;45310000 45312100;68;https://ted.europa.eu/bg/notice/-/detail/507049-2026
507682-2026;2026-07-21T22:00:00.000Z;Deutschland – Installation von Heizungs-, Lüftungs- und Klimaanlagen – 27.30 - Generalsanierung Albert-Schweitzer-Schule - Heizungstechnik;Schulverband Albert-Schweitzer-Schule;Wiesloch;;;45331000;68;https://ted.europa.eu/bg/notice/-/detail/507682-2026
508135-2026;2026-07-21T22:00:00.000Z;Deutschland – Bauarbeiten – Umweltbundesamt - Dahlemer Dreieck - Netzersatzanlage nach DIN 18 382 nach DIN 18 382 - 78/2026;Bundesamt für Bauwesen und Raumordnung, in Vertretung der Bundesanstalt für Immobilienaufgaben;Berlin;;;45310000;68;https://ted.europa.eu/bg/notice/-/detail/508135-2026
505055-2026;2026-07-21T22:00:00.000Z;Deutschland – Installation von Lüftungsanlagen – Kinder- und Jugendtreff Südstadt mit PV-Anlage, Abbruch- und Neubau;Stadt Karlsruhe Amt für Hochbau und Gebäudewirtschaft;Karlsruhe;;2026-08-25T08:30:00.000Z;45331210;63;https://ted.europa.eu/bg/notice/-/detail/505055-2026
505565-2026;2026-07-21T22:00:00.000Z;Deutschland – Installation von Aufzügen – Plattformlifte;Stadt Augsburg;Augsburg;;2026-08-27T09:30:00.000Z;45313100;63;https://ted.europa.eu/bg/notice/-/detail/505565-2026
505661-2026;2026-07-21T22:00:00.000Z;Deutschland – Reparatur und Wartung von elektrischen Einrichtungen in Gebäuden – BMA-Konzession;Stadt Bochum, Referat Zentrale Vergabestelle;Bochum;;2026-08-21T10:00:00.000Z;45312100;63;https://ted.europa.eu/bg/notice/-/detail/505661-2026
506000-2026;2026-07-21T22:00:00.000Z;Deutschland – Installation von Aufzügen – Förderanlagen 2 nach Maschinenrichtlinie;Stadt Augsburg;Augsburg;;2026-08-27T08:30:00.000Z;45313100;63;https://ted.europa.eu/bg/notice/-/detail/506000-2026
506815-2026;2026-07-21T22:00:00.000Z;Deutschland – Mittelspannungsarbeiten – Mittelspannung BF6 und 10 10-05507-3350-401 - PR1018227-3350-B;Fraunhofer-Gesellschaft zur Förderung der angewandten Forschung e.V. - Einkauf B12 - Vergabestelle Bau;München;;2026-08-13T09:00:00.000Z;45315500;63;https://ted.europa.eu/bg/notice/-/detail/506815-2026
507555-2026;2026-07-21T22:00:00.000Z;Deutschland – Elektroinstallationsarbeiten für Transformatoren – Geschwister-Scholl-Gymnasium in Röthenbach- Neubau Klassentrakt - Trafostation;Landratsamt Nürnberger Land;Lauf a.d. Pegnitz;;2026-09-02T09:30:00.000Z;45317200 45315500;63;https://ted.europa.eu/bg/notice/-/detail/507555-2026
507684-2026;2026-07-21T22:00:00.000Z;Deutschland – Installation von Aufzügen und Rolltreppen – Hubbühnen 1;Stadt Augsburg;Augsburg;;2026-08-27T09:00:00.000Z;45313000 45313100;63;https://ted.europa.eu/bg/notice/-/detail/507684-2026
507748-2026;2026-07-21T22:00:00.000Z;Deutschland – Stromversorgungsanlagen – Errichtung eines Batteriespeichersystems am Standort Aachen-Eilendorf;STAWAG Energie GmbH, vertreten durch die E.V.A. Energieversorgungs- und Verkehrsgesellschaft mbH Aachen;Aachen;;2026-08-20T08:00:00.000Z;45315300;63;https://ted.europa.eu/bg/notice/-/detail/507748-2026
508127-2026;2026-07-21T22:00:00.000Z;Deutschland – Bauinstallationsarbeiten – Sanierung der Hagenbachhallen - Wegeleitsystem;Stadt Schwäbisch Hall, Zentrale Vergabestelle;Schwäbisch Hall;;2026-08-24T09:30:00.000Z;45316210;63;https://ted.europa.eu/bg/notice/-/detail/508127-2026
508254-2026;2026-07-21T22:00:00.000Z;Deutschland – Installation von Aufzügen – Förderanlagen 1 nach Aufzugsrichtlinie;Stadt Augsburg;Augsburg;;2026-08-27T08:00:00.000Z;45313100;63;https://ted.europa.eu/bg/notice/-/detail/508254-2026
505184-2026;2026-07-21T22:00:00.000Z;Deutschland – Installation von Lüftungsanlagen – 26E0163 Gästehaus der Landesregierung, Bastei Renovierung Modernisierung Optimierung;LBB Niederlassung Mainz;Mainz;313611.39;;45331210 45331231;60;https://ted.europa.eu/bg/notice/-/detail/505184-2026
505713-2026;2026-07-21T22:00:00.000Z;Deutschland – Installation von Elektroanlagen – GSH Bremen-Bremerhaven, Elektrische Weichenheizung;DB InfraGO AG – Geschäftsbereich Fahrweg (Bukr 16);Frankfurt Main;0;;45311000;60;https://ted.europa.eu/bg/notice/-/detail/505713-2026
505804-2026;2026-07-21T22:00:00.000Z;Deutschland – Stromversorgungsanlagen – Erneuerung Netzersatzanlage Unterwerk Muggenhof;Stadt Nürnberg, U-Bahnbauamt;Nürnberg;346997;;45315300;60;https://ted.europa.eu/bg/notice/-/detail/505804-2026
506133-2026;2026-07-21T22:00:00.000Z;Deutschland – Installation von Zentralheizungen – Heizung-Kälte-Neubau 70-00006-3000-99;Fraunhofer-Gesellschaft zur Förderung der angewandten Forschung e.V.;München;1516575.09;;45331100;60;https://ted.europa.eu/bg/notice/-/detail/506133-2026
506136-2026;2026-07-21T22:00:00.000Z;Deutschland – Entlüftungsgeräte – Campus Handwerk - Ausstattung Schweißen und Schleifen;Handwerkskammer Halle (Saale);Halle (Saale);304443;;45331210;60;https://ted.europa.eu/bg/notice/-/detail/506136-2026
506443-2026;2026-07-21T22:00:00.000Z;Deutschland – Elektrotechnikinstallation – BLB NRW D/Düsseldorf (WE 2348)/D-HHU 20.00 Techn. Infrastruktur Campus: Elektrotechnik - 065-26-00079;Bau- und Liegenschaftsbetrieb NRW Düsseldorf;Düsseldorf;362622.66;;45315100 45314300;60;https://ted.europa.eu/bg/notice/-/detail/506443-2026
507200-2026;2026-07-21T22:00:00.000Z;Deutschland – Installation von elektrischen Leitungen – Elektro- und Nachrichtentechnik - Erw. Marienschule Roxel;Stadt Münster - Zentrale Rechtsdienstleistungen und Vergabemanagement;Münster;27109.93;;45310000 45311000 45316000;60;https://ted.europa.eu/bg/notice/-/detail/507200-2026
507382-2026;2026-07-21T22:00:00.000Z;Deutschland – Installation von Zentralheizungen – Heizung-Kälte-Neubau 70-00006-3000-99;Fraunhofer-Gesellschaft zur Förderung der angewandten Forschung e.V.;München;1516575.09;;45331100;60;https://ted.europa.eu/bg/notice/-/detail/507382-2026
507546-2026;2026-07-21T22:00:00.000Z;Deutschland – Installation von Zentralheizungen – Heizung-Kälte-Neubau 70-00006-3000-99;Fraunhofer-Gesellschaft zur Förderung der angewandten Forschung e.V.;München;1516575.09;;45331100;60;https://ted.europa.eu/bg/notice/-/detail/507546-2026
507846-2026;2026-07-21T22:00:00.000Z;Deutschland – Installation von Zentralheizungen – Heizungstechnische Anlagen - Neubau Betriebshof Giebel 46 -;Stadt Wuppertal;Wuppertal;818641.01;;45331100;60;https://ted.europa.eu/bg/notice/-/detail/507846-2026
508231-2026;2026-07-21T22:00:00.000Z;Deutschland – Elektroinstallationsarbeiten – Elektrotechnik, CCM, Geb. 2660;Charité - Universitätsmedizin Berlin;Berlin;0.01;;45311200;60;https://ted.europa.eu/bg/notice/-/detail/508231-2026
504974-2026;2026-07-21T22:00:00.000Z;Deutschland – Elektrotechnikinstallation – Starkstrom/NT;Land Hessen, vertreten durch den Landesbetrieb Bau und Immobilien Hessen, Zentrale Vergabe;Bad Nauheim;;;45315100;48;https://ted.europa.eu/bg/notice/-/detail/504974-2026
505780-2026;2026-07-21T22:00:00.000Z;Deutschland – Installation von Zäunen, Geländern und Sicherheitseinrichtungen – 499- MFS Museum Folkwang Sicherheitstechnik, hier: Sicherheitstechnik;Stadt Essen, vertreten durch die GVE Grundstücksverwaltung Stadt Essen GmbH;Essen;;;45312200;48;https://ted.europa.eu/bg/notice/-/detail/505780-2026
506234-2026;2026-07-21T22:00:00.000Z;Deutschland – Installation von Aufzügen – Sanierung und Umbau Schloss - Aufzugsanlagen;Schloss-Stadt Hückeswagen;Hückeswagen;;;45313100;48;https://ted.europa.eu/bg/notice/-/detail/506234-2026
506642-2026;2026-07-21T22:00:00.000Z;Deutschland – Einbau von Reinräumen – Reinraumdecke und FFU 70-00321-3460-439 - PR1218163-3460-B;Fraunhofer-Gesellschaft zur Förderung der angewandten Forschung e.V. - Einkauf B12 - Vergabestelle Bau;München;;;45331210;48;https://ted.europa.eu/bg/notice/-/detail/506642-2026
506968-2026;2026-07-21T22:00:00.000Z;Deutschland – Stahlbetonkonstruktionen – 2. S-Bahn-Stammstrecke München - VE833 - Bauabschnitt Oberirdisch Ost Hauptbaumaßnahme;DB InfraGO AG – Geschäftsbereich Fahrweg (Bukr 16);Frankfurt Main;;;45314310;48;https://ted.europa.eu/bg/notice/-/detail/506968-2026
507267-2026;2026-07-21T22:00:00.000Z;Deutschland – Installation von Schaltanlagen – 0057 - Klinikum Memmingen, Neubau Klinikum - Gebäudeautomation;Klinikum Memmingen AöR;Memmingen;;2026-08-03T08:00:00.000Z;45315700;48;https://ted.europa.eu/bg/notice/-/detail/507267-2026
507722-2026;2026-07-21T22:00:00.000Z;Deutschland – Elektrotechnikinstallation – 16FEI23001 Erneuerung VST Duisburg, Erneuerung 50 Hz-Anlagen;Vergabekammer des Bundes beim Bundeskartellamt​;Bonn;;;45315100;48;https://ted.europa.eu/bg/notice/-/detail/507722-2026
506085-2026;2026-07-21T22:00:00.000Z;Deutschland – Bauarbeiten für Eisenbahnlinien – Neubau Gebäude für TK-Anbindung BZ München – Ausrüstung 50 Hz, Erdung 50 Hz-Anlagen, Ersatzstromversorgung inkl. Wartung (USV, NEA);DB Netz AG (Bukr 16);Frankfurt Main;0;;45315100;40;https://ted.europa.eu/bg/notice/-/detail/506085-2026
507821-2026;2026-07-21T22:00:00.000Z;Deutschland – Installation von Schaltanlagen – 497 - Generalsanierung, Teilabbruch, Teilneubau GMS Kümmersbruck - 3060 MSR-Technik;Gemeinde Kümmersbruck;Kümmersbruck;0;;45315700;40;https://ted.europa.eu/bg/notice/-/detail/507821-2026
507836-2026;2026-07-21T22:00:00.000Z;Deutschland – Installation von Aufzügen – Neubau Kindertagesstätte Hergensweiler - Aufzug;Gemeinde Hergensweiler;Hergensweiler;0.01;;45313100 45313000;40;https://ted.europa.eu/bg/notice/-/detail/507836-2026
508331-2026;2026-07-21T22:00:00.000Z;Deutschland – Installation von Schaltanlagen – Gaußschule (MSR)-UW;Stadt Braunschweig Fachbereich Bauordnung und Zentrale Vergabestelle;Braunschweig;0;;45315700;40;https://ted.europa.eu/bg/notice/-/detail/508331-2026
501596-2026;2026-07-20T22:00:00.000Z;Deutschland – Wärmedämmarbeiten – Technische Dämmung - Gesamtschule Münster-West - Erweiterungsneubau_TP1;Stadt Münster - Zentrale Rechtsdienstleistungen und Vergabemanagement;Münster;;2026-08-20T05:30:00.000Z;45331000 45332200;83;https://ted.europa.eu/bg/notice/-/detail/501596-2026
501978-2026;2026-07-20T22:00:00.000Z;Deutschland – Ladegeräte – VLG - Beschaffung von Ladeinfrastruktur für Elektrobusse;Verkehrsgesellschaft Landkreis Gifhorn mbH (VLG);Gifhorn;;2026-08-18T12:00:00.000Z;45311200;83;https://ted.europa.eu/bg/notice/-/detail/501978-2026
502068-2026;2026-07-20T22:00:00.000Z;Deutschland – Installation von Heizungs-, Lüftungs- und Klimaanlagen – BLB NRW BB / DU / LV-Stellung Uedem / Neubau BüroGeb. Tle ZentrLuftOp, Erweiterung / Sanitär-, Heizungs-, Lüftungs- und Klimatechnische Arbeiten / 080-26-00526;Bau- und Liegenschaftbetrieb NRW Bundesbau;Düsseldorf;;2026-08-24T07:00:00.000Z;45331000 45332400;83;https://ted.europa.eu/bg/notice/-/detail/502068-2026
502233-2026;2026-07-20T22:00:00.000Z;Deutschland – Installation von Heizungs-, Lüftungs- und Klimaanlagen – Sanierung Campus Wuppertal, VE402 Heizung + Kälte;BARMER Beschaffung und Vergabe;Wuppertal;;2026-08-18T08:00:00.000Z;45331000 45315000 45331231;83;https://ted.europa.eu/bg/notice/-/detail/502233-2026
502312-2026;2026-07-20T22:00:00.000Z;Deutschland – Installation von Heizungs-, Lüftungs- und Klimaanlagen – Gewerk 25- Lüftung auf der Kläranlage Emschermündung;Emschergenossenschaft;Essen;;2026-09-08T08:10:00.000Z;45331000 45332400;83;https://ted.europa.eu/bg/notice/-/detail/502312-2026
502416-2026;2026-07-20T22:00:00.000Z;Deutschland – Elektroinstallationsarbeiten – Bau Kreativforum, Cleantech Innovation Park, Hallstadt;Cleantech Innovation Park GmbH;Hallstadt;;2026-08-18T08:30:00.000Z;45311200 45317000 45314310 45314000;83;https://ted.europa.eu/bg/notice/-/detail/502416-2026
502442-2026;2026-07-20T22:00:00.000Z;Deutschland – Elektroinstallationsarbeiten für Stromverteilungsanlagen – Sanierung Campus Wuppertal, VE405 Starkstrom + Schwachstrom + MSR;BARMER Beschaffung und Vergabe;Wuppertal;;2026-08-18T08:00:00.000Z;45311200 45317300 45315500 45315600 45315100 45312310 45312100;83;https://ted.europa.eu/bg/notice/-/detail/502442-2026
502953-2026;2026-07-20T22:00:00.000Z;Deutschland – Bauinstallationsarbeiten – SmartLogisticNetwork VE21 Vollautomatisches Fahrerloses Transportsystem;Universitätsklinikum Bonn AöR;Bonn;;2026-09-01T08:00:00.000Z;45310000 45311000 45313000;83;https://ted.europa.eu/bg/notice/-/detail/502953-2026
503047-2026;2026-07-20T22:00:00.000Z;Deutschland – Installation von Heizungs-, Lüftungs- und Klimaanlagen – Heizungsanlagen - BA 1;Katholisches Wohnungsbau- und Siedlungswerk der Diözese Regensburg GmbH;Regensburg;;2026-08-25T07:00:00.000Z;45331000;83;https://ted.europa.eu/bg/notice/-/detail/503047-2026
503621-2026;2026-07-20T22:00:00.000Z;Deutschland – Installation von Elektroanlagen – Photovoltaikanlage;Gemeinde Eitting;Oberding;;2026-08-24T08:00:00.000Z;45311000;83;https://ted.europa.eu/bg/notice/-/detail/503621-2026
504042-2026;2026-07-20T22:00:00.000Z;Deutschland – Installation von Sanitäreinrichtungen – Projekt Erweiterung eines Bürogebäudes im Industriepark Frankfurt-Höchst Technische Ausrüstung Gebäude – Sanitär- und Heiztechnik;Contargo GmbH & Co. KG;Mannheim;;2026-08-17T12:00:00.000Z;45331000 45332400;83;https://ted.europa.eu/bg/notice/-/detail/504042-2026
504123-2026;2026-07-20T22:00:00.000Z;Deutschland – Bauarbeiten – Bautechnik;Emschergenossenschaft;Essen;;2026-08-25T08:20:00.000Z;45311200 45312310;83;https://ted.europa.eu/bg/notice/-/detail/504123-2026
501851-2026;2026-07-20T22:00:00.000Z;Deutschland – Bauarbeiten für Eisenbahnlinien und Seilbahnsysteme – Signaltechnik Bauzustand 1 Streckenstellwerk;MV Mannheimer Verkehr GmbH;Mannheim;8477132.54;;45316000 45316200;80;https://ted.europa.eu/bg/notice/-/detail/501851-2026
502013-2026;2026-07-20T22:00:00.000Z;Deutschland – Bauarbeiten – Neubau Feuer- und Rettungswache_Wärmeversorgungstechnik;Stadt Brühl - Der Bürgermeister;Brühl;2500000;;45331000;80;https://ted.europa.eu/bg/notice/-/detail/502013-2026
502764-2026;2026-07-20T22:00:00.000Z;Deutschland – Installation von Heizungs-, Lüftungs- und Klimaanlagen – Ersatzneubau der Sporthalle in Warberg in Süpplingen in der Samtgemende Nord-Elm - Sanitärtechnik;Samtgemeinde Nord-Elm;Süpplingen;197173.84;;45331000;80;https://ted.europa.eu/bg/notice/-/detail/502764-2026
502706-2026;2026-07-20T22:00:00.000Z;Deutschland – Installation von kältetechnischen Anlagen – 26E20118 - Polizeiinspektion Cuxhaven (BHZ II), Z-BU Sanierung Bestandsgebäude, Errichtung von 2 Kaltwassersätzen;Land Niedersachsen vertreten durch das Staatliche Baumanagement Niedersachsen;Cuxhaven;215802;2026-08-27T07:39:00.000Z;45331231;75;https://ted.europa.eu/bg/notice/-/detail/502706-2026
501988-2026;2026-07-20T22:00:00.000Z;Deutschland – Installateurarbeiten – Sanitärtechnische Anlagen KG 410 für das Leibniz-Gymnasium Remscheid;Stadt Remscheid, Fachdienst Recht und Vergabe, Abteilung Zentrale Vergabestelle;Remscheid;;;45330000;68;https://ted.europa.eu/bg/notice/-/detail/501988-2026
502590-2026;2026-07-20T22:00:00.000Z;Deutschland – Installateurarbeiten – Sanitärinstallation nach DIN 18381 - Neubau Sprachheilschule Maulburg;Landratsamt Lörrach, - Vergabestelle -;Lörrach;;;45330000;68;https://ted.europa.eu/bg/notice/-/detail/502590-2026
502877-2026;2026-07-20T22:00:00.000Z;Deutschland – Installateurarbeiten und Verlegung von Abwasserleitungen – LVR Klinik Düren, Sanierung Haus 14, Sanitäranlagen;LVR-Dezernat Gebäude- und Liegenschaftsmanagement, Umwelt, Energie, Bauen für Menschen GmbH;Köln;;;45332000;68;https://ted.europa.eu/bg/notice/-/detail/502877-2026
501786-2026;2026-07-20T22:00:00.000Z;Deutschland – Installation von Sanitäreinrichtungen – Sanierung Campus Wuppertal, VE401 Sanitär + Feuerlöschtechnik;BARMER Beschaffung und Vergabe;Wuppertal;;2026-08-18T08:00:00.000Z;45332400 45332200;63;https://ted.europa.eu/bg/notice/-/detail/501786-2026
501906-2026;2026-07-20T22:00:00.000Z;Deutschland – Installation von Schaltanlagen – Gesamtschule Hiesfeld Bt. E - Gebäude- und Anlagenautomation;Stadt Dinslaken für ProZent GmbH;Dinslaken;;2026-09-01T12:00:00.000Z;45315700;63;https://ted.europa.eu/bg/notice/-/detail/501906-2026
501969-2026;2026-07-20T22:00:00.000Z;Deutschland – Elektrotechnikinstallation – Projekt Erweiterung eines Bürogebäudes im Industriepark Frankfurt-Höchst Technische Ausrüstung Gebäude – ELT;Contargo GmbH & Co. KG;Mannheim;;2026-08-17T10:00:00.000Z;45315100;63;https://ted.europa.eu/bg/notice/-/detail/501969-2026
502008-2026;2026-07-20T22:00:00.000Z;Deutschland – Bauarbeiten für Rohrleitungen, Fernmelde- und Stromleitungen – RV Tiefbau und Steinsetzarbeiten inklusive Kabelzug im Streckengeschäft von Versorgungsnetzen;Netzgesellschaft Düsseldorf mbH;Düsseldorf;;2026-08-20T21:00:00.000Z;45314310;63;https://ted.europa.eu/bg/notice/-/detail/502008-2026
502041-2026;2026-07-20T22:00:00.000Z;Deutschland – Installation von Lüftungsanlagen – Lüftungsarbeiten;Stadt Emsdetten;Emsdetten;;2026-08-20T10:00:00.000Z;45331210;63;https://ted.europa.eu/bg/notice/-/detail/502041-2026
502884-2026;2026-07-20T22:00:00.000Z;Deutschland – Installation von kältetechnischen Anlagen – Projekt Erweiterung eines Bürogebäudes im Industriepark Frankfurt-Höchst Technische Ausrüstung Gebäude – Luft- und Kältetechnik;Contargo GmbH & Co. KG;Mannheim;;2026-08-17T11:00:00.000Z;45331231 45331200;63;https://ted.europa.eu/bg/notice/-/detail/502884-2026
502924-2026;2026-07-20T22:00:00.000Z;Deutschland – Installation von Lüftungsanlagen – Universität Leipzig, Veterinärmedizin, Institut Pathologie, Grundsanierung;Staatsbetrieb Sächsisches Immobilien- und Baumanagement, Zentrale, Zentralstelle Vergabe- und Vertragsmanagement;Dresden;;2026-08-27T07:00:00.000Z;45331210;63;https://ted.europa.eu/bg/notice/-/detail/502924-2026
503048-2026;2026-07-20T22:00:00.000Z;Deutschland – Installation von Lüftungsanlagen – Sanierung Campus Wuppertal, VE403 Lüftung;BARMER Beschaffung und Vergabe;Wuppertal;;2026-08-18T08:00:00.000Z;45331210;63;https://ted.europa.eu/bg/notice/-/detail/503048-2026
503052-2026;2026-07-20T22:00:00.000Z;Deutschland – Gasspeicher – Anlagenbau;Emschergenossenschaft;Essen;;2026-08-25T08:10:00.000Z;45333000;63;https://ted.europa.eu/bg/notice/-/detail/503052-2026
503497-2026;2026-07-20T22:00:00.000Z;Deutschland – Elektrotechnikinstallation – EMSR-Technik;Emschergenossenschaft;Essen;;2026-08-25T09:30:00.000Z;45315100 45315300 45315400 45315500 45315600 45315700 45312310;63;https://ted.europa.eu/bg/notice/-/detail/503497-2026
503618-2026;2026-07-20T22:00:00.000Z;Deutschland – Bauarbeiten – Aufzugsanlagen Ramersdorf 4. BTL. WA2;Münchner Wohnen GmbH;München;;2026-08-21T08:00:00.000Z;45313100;63;https://ted.europa.eu/bg/notice/-/detail/503618-2026
504127-2026;2026-07-20T22:00:00.000Z;Deutschland – Bauarbeiten – Stadt Hemmingen - GS Arnum - Lüftungstechnik;Stadt Hemmingen;Hemmingen;;2026-09-03T09:00:00.000Z;45331210 45331200;63;https://ted.europa.eu/bg/notice/-/detail/504127-2026
504365-2026;2026-07-20T22:00:00.000Z;Deutschland – Installation von Sanitäreinrichtungen – Sanitärarbeiten;Stadt Emsdetten;Emsdetten;;2026-08-20T10:00:00.000Z;45332400;63;https://ted.europa.eu/bg/notice/-/detail/504365-2026
504384-2026;2026-07-20T22:00:00.000Z;Deutschland – Bauarbeiten – TÜ-_-010 / LRZ.1020.001 -TUB - Neubau Luftrettungszentrum - Rohbauarbeiten;BG Kliniken Ludwigshafen und Tübingen gGmbH;Tübingen;;2026-09-03T10:00:00.000Z;45312310;63;https://ted.europa.eu/bg/notice/-/detail/504384-2026
504487-2026;2026-07-20T22:00:00.000Z;Deutschland – Installation von Lüftungsanlagen – Lüftungsinstallationsarbeiten- Erweiterungsbau;Bezirksamt Tempelhof-Schöneberg von Berlin;Berlin;;2026-08-21T08:00:00.000Z;45331210;63;https://ted.europa.eu/bg/notice/-/detail/504487-2026
504804-2026;2026-07-20T22:00:00.000Z;Deutschland – Solarzellendachdeckarbeiten – Sanierung Hagenbachhallen - Photovoltaikanlage;Stadt Schwäbisch Hall, Zentrale Vergabestelle;Schwäbisch Hall;;2026-08-24T09:00:00.000Z;45315300;63;https://ted.europa.eu/bg/notice/-/detail/504804-2026
504849-2026;2026-07-20T22:00:00.000Z;Deutschland – Niederspannungsarbeiten – Elektroinstallationsarbeiten, Prozessleittechnik und Automatisierung;Landeshauptstadt München, Baureferat;München;;2026-08-27T08:00:00.000Z;45315600 45315700;63;https://ted.europa.eu/bg/notice/-/detail/504849-2026
501892-2026;2026-07-20T22:00:00.000Z;Deutschland – Installation von Lüftungsanlagen – HD, Uni, med. Fakultät Mannheim, Ersatzneubau, Hörsaalgebäude, Gebäude 6 Raumlufttechnische Anlagen;Vermögen und Bau Baden-Württemberg, Amt Mannheim und Heidelberg Dienstsitz Mannheim;Mannheim;1284031.7;;45331210;60;https://ted.europa.eu/bg/notice/-/detail/501892-2026
503752-2026;2026-07-20T22:00:00.000Z;Deutschland – Installation von Sanitäreinrichtungen – Tübingen, UNI, Innovationscampus Cyber Valley 2. BA CyVy 2.BA 4.410.1 Sanitär;Vermögen und Bau Baden-Württemberg, Amt Tübingen;Tübingen;1539542.72;;45332400;60;https://ted.europa.eu/bg/notice/-/detail/503752-2026
504074-2026;2026-07-20T22:00:00.000Z;Deutschland – Installation von Lüftungs- und Klimaanlagen – Reutlingen, Hochschule, Gebäude 22, Ersatzbau der Fakultät für Angewandte Chemie RLT-Anlagen, Ersatzbau Chemie, Hochschule Reutlingen;Vermögen und Bau Baden-Württemberg, Amt Tübingen;Tübingen;3627246.54;;45331200;60;https://ted.europa.eu/bg/notice/-/detail/504074-2026
504480-2026;2026-07-20T22:00:00.000Z;Deutschland – Installation von Sanitäreinrichtungen – Erweiterung GGS/OGS Corneliusstraße - Heizung;Stadt Tönisvorst;Tönisvorst;235681.24;;45332400;60;https://ted.europa.eu/bg/notice/-/detail/504480-2026
504611-2026;2026-07-20T22:00:00.000Z;Deutschland – Bauarbeiten für Schwimmbäder – Sanierung Freibad Niederkrüchten - Badewassertechnik;Gemeinde Niederkrüchten;Niederkrüchten;1060276.11;;45332200;60;https://ted.europa.eu/bg/notice/-/detail/504611-2026
501750-2026;2026-07-20T22:00:00.000Z;Deutschland – Installation von kältetechnischen Anlagen – Kältetechnik, einschl. Wartung;Stadt Erlangen - Amt 24;Erlangen;1;2026-08-20T08:00:00.000Z;45331231;55;https://ted.europa.eu/bg/notice/-/detail/501750-2026
502016-2026;2026-07-20T22:00:00.000Z;Deutschland – Blitzschutzarbeiten – Durchführung von Blitzschutz- und Fundamenterdung (Instandsetzung Dachstuhl) im Rahmen der Dachsanierung (Hauptgebäude und Turnhalle) an der Augustierschule in 61169 Friedberg;Wetteraukreis - Zentrale Vergabestelle;Friedberg;;;45312310;48;https://ted.europa.eu/bg/notice/-/detail/502016-2026
502295-2026;2026-07-20T22:00:00.000Z;Deutschland – Installation von Aufzügen – Errichtung von 2 Panoramaaufzügen;Fraport AG;Frankfurt am Main;;;45313100;48;https://ted.europa.eu/bg/notice/-/detail/502295-2026
502371-2026;2026-07-20T22:00:00.000Z;Deutschland – Wartung von Aufzugsanlagen – BLB /Z / Umrüstung Aufzugsnotruf auf 4G;Bau- und Liegenschaftsbetrieb NRW Zentrale;Düsseldorf;;;45313100;48;https://ted.europa.eu/bg/notice/-/detail/502371-2026
503079-2026;2026-07-20T22:00:00.000Z;Deutschland – Bau von Kliniken – UKW Nord, 1.BA Erschl 1.TBM vorgez Maßn;Staatliches Bauamt Würzburg;Würzburg;;;45315300;48;https://ted.europa.eu/bg/notice/-/detail/503079-2026
503656-2026;2026-07-20T22:00:00.000Z;Deutschland – Installation von Zentralheizungen – LVR Klinik Düren, Sanierung Haus 14, Heizungstechnik;LVR-Dezernat Gebäude- und Liegenschaftsmanagement, Umwelt, Energie, Bauen für Menschen GmbH;Köln;;;45331100;48;https://ted.europa.eu/bg/notice/-/detail/503656-2026
504552-2026;2026-07-20T22:00:00.000Z;Deutschland – Installation von Lüftungs- und Klimaanlagen – LVR Klinik Düren, Sanierung Haus 14, Raumlufttechnik;LVR-Dezernat Gebäude- und Liegenschaftsmanagement, Umwelt, Energie, Bauen für Menschen GmbH;Köln;;;45331200;48;https://ted.europa.eu/bg/notice/-/detail/504552-2026
502363-2026;2026-07-20T22:00:00.000Z;"Deutschland – Stromversorgungsanlagen – 26E30184 - Hochschule Emden/Leer; Multifunktionsgebäude; Photovoltaikanlage mit Speicher";Land Niedersachen vertreten durch das Staatliche Baumanagement Niedersachsen;Bad Iburg;93436.63;;45315300;40;https://ted.europa.eu/bg/notice/-/detail/502363-2026
502408-2026;2026-07-20T22:00:00.000Z;Deutschland – Installation von Sanitäreinrichtungen – Erweiterung GGS/OGS Corneliusstraße - Sanitär;Stadt Tönisvorst;Tönisvorst;95036.25;;45332400;40;https://ted.europa.eu/bg/notice/-/detail/502408-2026
498046-2026;2026-07-19T22:00:00.000Z;Deutschland – Installation von Heizungs-, Lüftungs- und Klimaanlagen – RS+ Clemens-Brentano_Heizungsarbeiten;Stadt Koblenz;Koblenz;;2026-08-20T07:30:00.000Z;45331000;83;https://ted.europa.eu/bg/notice/-/detail/498046-2026
498047-2026;2026-07-19T22:00:00.000Z;Deutschland – Installation von Heizungs-, Lüftungs- und Klimaanlagen – TGA Heizung und Regelungstechnik (VE 10);Gemeinde Rosengarten;Rosengarten;;2026-08-24T05:00:00.000Z;45331000;83;https://ted.europa.eu/bg/notice/-/detail/498047-2026
498052-2026;2026-07-19T22:00:00.000Z;Deutschland – Installation von Heizungs-, Lüftungs- und Klimaanlagen – Komplettsanierung Pestalozzischule Zeitz Los 42 - Heizungsanlage;Burgenlandkreis;Naumburg (Saale);;2026-08-25T09:00:00.000Z;45331000 45331100;83;https://ted.europa.eu/bg/notice/-/detail/498052-2026
498316-2026;2026-07-19T22:00:00.000Z;Deutschland – Elektroinstallationsarbeiten – VG Maifeld - Energetische Sanierung Grundschule Ochtendung: Gebäudeautomation;Verbandsgemeinde Maifeld;Polch;;2026-08-17T08:00:00.000Z;45311200 45311000;83;https://ted.europa.eu/bg/notice/-/detail/498316-2026
498395-2026;2026-07-19T22:00:00.000Z;Deutschland – Installation von elektrischen Leitungen – VG Maifeld - Energetische Sanierung Grundschule Ochtendung: Elektrotechnik Stark- und Schwachstromanlagen;Verbandsgemeinde Maifeld;Polch;;2026-08-17T08:00:00.000Z;45310000 45311000 45311200 45314000;83;https://ted.europa.eu/bg/notice/-/detail/498395-2026
498604-2026;2026-07-19T22:00:00.000Z;Deutschland – Bauarbeiten für Industriebauten – Errichtung Batteriespeicher, Los 2: Planung, Lieferung, Errichtung, Inbetriebnahme und Abnahme eines Battery Energy Storage System (BESS) mit einer Leistung von bevorzugt 20 MW und einer Kapazität von mindestens 40MWh als 2-Std.-Speicher, einschließlich Energiemanagementsystem, Brandschutz, Schallschutz, Leittechnische-Anbindung, EZA-Regler, Wartungs- und Servicevertrag, Schulung und Dokumentation;SWE Energie GmbH;Erfurt;;2026-08-17T09:00:00.000Z;45310000;83;https://ted.europa.eu/bg/notice/-/detail/498604-2026
498652-2026;2026-07-19T22:00:00.000Z;Deutschland – Bauarbeiten – Erweiterung und Modernisierung Wasserwerk Hermentingen BA 1 - ZV Wasserversorgung Zollernalb;Zweckverband Wasserversorgung Zollernalb;Balingen;;2026-08-20T13:15:00.000Z;45310000;83;https://ted.europa.eu/bg/notice/-/detail/498652-2026
498918-2026;2026-07-19T22:00:00.000Z;Deutschland – Installation von elektrischen Leitungen – TGA Elektro (VE 12);Gemeinde Rosengarten;Rosengarten;;2026-08-24T05:00:00.000Z;45310000 45311000;83;https://ted.europa.eu/bg/notice/-/detail/498918-2026
498940-2026;2026-07-19T22:00:00.000Z;Deutschland – Installation von Heizungs-, Lüftungs- und Klimaanlagen – Gewerk 24 -HKS auf der Kläranlage Emschermündung;Emschergenossenschaft;Essen;;2026-09-08T08:00:00.000Z;45331000 45332400;83;https://ted.europa.eu/bg/notice/-/detail/498940-2026
499586-2026;2026-07-19T22:00:00.000Z;Deutschland – Installation von Elektroanlagen – LV 521 Photovoltaik-Anlage;Stadt Neusäß;Neusäß;;2026-08-24T07:00:00.000Z;45311000 45317000 45310000 45311200;83;https://ted.europa.eu/bg/notice/-/detail/499586-2026
499761-2026;2026-07-19T22:00:00.000Z;Deutschland – Bodenverlege- und Bodenbelagsarbeiten – Sportboden / Fußbodenheizung Sportboden;Evangelische Kirche von Westfalen Das Landeskirchenamt;Bielefeld;;2026-08-18T08:00:00.000Z;45331000 45331100;83;https://ted.europa.eu/bg/notice/-/detail/499761-2026
500342-2026;2026-07-19T22:00:00.000Z;Deutschland – Elektroinstallationsarbeiten – Umgestaltung OSZ Elsterwerda zum Bildungszentrum Elbe-Elster, 2. BA, Los 35 - Errichtung Verkehrsanlagen/Stellplätze;Landkreis Elbe-Elster;Herzberg/Elster;;2026-08-18T21:59:00.000Z;45311200;83;https://ted.europa.eu/bg/notice/-/detail/500342-2026
500390-2026;2026-07-19T22:00:00.000Z;"Deutschland – Elektroinstallationsarbeiten – 2026-0392 Durchführung von Bauleistungen für das Projekt ""Stadtpark Hochheide - Elektroarbeiten (unterteilt in 6 Lose)""";DEG Duisburger Einkaufsgesellschaft mbH;Duisburg;;2026-08-18T08:00:00.000Z;45311200;83;https://ted.europa.eu/bg/notice/-/detail/500390-2026
500723-2026;2026-07-19T22:00:00.000Z;Deutschland – Stromversorgungsanlagen – PV Anlage;Landratsamt Eichstätt;Eichstätt;;2026-08-21T06:00:00.000Z;45311000 45315300;83;https://ted.europa.eu/bg/notice/-/detail/500723-2026
501213-2026;2026-07-19T22:00:00.000Z;Deutschland – Sanitäre Anlagen – Sanitärtechnik;Stadtwerke Witten GmbH;Witten;;2026-08-17T10:00:00.000Z;45330000 45332200 45332300 45332400;83;https://ted.europa.eu/bg/notice/-/detail/501213-2026
501370-2026;2026-07-19T22:00:00.000Z;Deutschland – Bauarbeiten – BLB NRW BB / BI / HvB-Herzog von Braunschweig Kaserne Minden, Neubau Lagergebäude 401: Elektroarbeiten / 080-26-00535;Bau- und Liegenschaftbetrieb NRW Bundesbau;Düsseldorf;;2026-08-18T07:00:00.000Z;45311200 45317000;83;https://ted.europa.eu/bg/notice/-/detail/501370-2026
498632-2026;2026-07-19T22:00:00.000Z;Deutschland – Bau von Bühnen – Lieferung und Installation Bühnentechnik;Stadt Göttingen;Göttingen;347870;;45311200;80;https://ted.europa.eu/bg/notice/-/detail/498632-2026
501260-2026;2026-07-19T22:00:00.000Z;Deutschland – Installation von Elektroanlagen – Gebäudeautomation;Landratsamt Eichstätt;Eichstätt;558850.47;;45311000 45310000 45315700;80;https://ted.europa.eu/bg/notice/-/detail/501260-2026
500520-2026;2026-07-19T22:00:00.000Z;Deutschland – Sonstige Elektroinstallationsarbeiten – Nürtingen, Hochschule für Wirtschaft und Umwelt, Unterbringung Kunst- und Theatertherapie Photovoltaik;Vermögen und Bau Baden-Württemberg, Amt Ludwigsburg;Ludwigsburg;75630.25;2026-08-26T21:59:00.000Z;45317000;75;https://ted.europa.eu/bg/notice/-/detail/500520-2026
497834-2026;2026-07-19T22:00:00.000Z;Deutschland – Installation von Heizungs-, Lüftungs- und Klimaanlagen – beabsichtigte Ausschreibung Hufelandstraße 13, Heizung-/Lüftungs-/Sanitärinstallation;Gebäudewirtschaft Cottbus GmbH;Cottbus;;;45331000;68;https://ted.europa.eu/bg/notice/-/detail/497834-2026
499175-2026;2026-07-19T22:00:00.000Z;Deutschland – Installateurarbeiten und Verlegung von Abwasserleitungen – Sanitär- und Feuerlöschanlagen_Aufh_Bekannt;Bäder Halle GmbH;Halle (Saale);;;45332000 45332200 45332300 45332400;68;https://ted.europa.eu/bg/notice/-/detail/499175-2026
499466-2026;2026-07-19T22:00:00.000Z;Deutschland – Installation von elektrischen Leitungen – Amt Stralendorf - Neubau Erweiterungsbau II gymnasiales Schulzentrum in 19073 Stralendorf - Los 32 Elektro;Amt Stralendorf - Der Amtsvorsteher;Stralendorf;;;45310000 45311000 45315100;68;https://ted.europa.eu/bg/notice/-/detail/499466-2026
500178-2026;2026-07-19T22:00:00.000Z;Deutschland – Bauarbeiten – Neubau Multifunktionsgebäude;Stadtwerke Düsseldorf AG;Düsseldorf;;;45331000 45310000 45330000;68;https://ted.europa.eu/bg/notice/-/detail/500178-2026
497986-2026;2026-07-19T22:00:00.000Z;Deutschland – Installation von elektrischen Leitungen – Qualification system for electrotechnical works services in 220/380 kV substations with tenders/ RFQs and execution in English language;50Hertz Transmission GmbH;Berlin;;2026-07-18T08:00:00.000Z;45310000 45317000 45315300 45317300 45317200 45315700 45315400 45315100;63;https://ted.europa.eu/bg/notice/-/detail/497986-2026
498823-2026;2026-07-19T22:00:00.000Z;Deutschland – Installation von Zentralheizungen – Gesamtsanierung Stadthalle Görlitz | Los 74 - Bauheizung | Offenes Verfahren gemäß § 3 Nr. 1 VOB/A EU;Stadtverwaltung Görlitz;Görlitz;;2026-08-17T08:00:00.000Z;45331100;63;https://ted.europa.eu/bg/notice/-/detail/498823-2026
499334-2026;2026-07-19T22:00:00.000Z;Deutschland – Installation von Sanitäreinrichtungen – TGA Sanitär (VE 09);Gemeinde Rosengarten;Rosengarten;;2026-08-24T05:00:00.000Z;45332400;63;https://ted.europa.eu/bg/notice/-/detail/499334-2026
499338-2026;2026-07-19T22:00:00.000Z;"Deutschland – Sanitäre Anlagen – 2887 Carl-Kellner-Schule Braunfels; Sanierung Trakt B; Heizungs- Sanitärarbeiten 2+3BA";Kreisausschuss des Lahn-Dill-Kreises, 12.4 Zentrale Vergabe- und Submissionsstelle;Wetzlar;;2026-08-27T06:30:00.000Z;45331100;63;https://ted.europa.eu/bg/notice/-/detail/499338-2026
499638-2026;2026-07-19T22:00:00.000Z;Deutschland – Installation von Aufzügen und Rolltreppen – TGA Aufzuganlagen (VE 14);Gemeinde Rosengarten;Rosengarten;;2026-08-24T05:00:00.000Z;45313000;63;https://ted.europa.eu/bg/notice/-/detail/499638-2026
500088-2026;2026-07-19T22:00:00.000Z;Deutschland – Bauarbeiten für Hauptstraßen – Truppenübungsplatz Oberlausitz - Erweiterung Platzrandstraße OST;Staatsbetrieb Sächsisches Immobilien- und Baumanagement, Zentrale, Zentralstelle Vergabe- und Vertragsmanagement;Dresden;;2026-08-25T07:00:00.000Z;45314310;63;https://ted.europa.eu/bg/notice/-/detail/500088-2026
500351-2026;2026-07-19T22:00:00.000Z;Deutschland – Bauarbeiten – BASF - KVT, Neubau Modul 50;BASF SE;Ludwighafen am Rhein;;2026-08-19T09:00:00.000Z;45314310 45315100 45315300 45315400 45316100;63;https://ted.europa.eu/bg/notice/-/detail/500351-2026
500486-2026;2026-07-19T22:00:00.000Z;Deutschland – Installation von Aufzügen und Rolltreppen – Med. Schule - Aufzugsanlage;Universitätsklinikum Brandenburg an der Havel GmbH;Brandenburg an der Havel;;2026-08-18T08:00:00.000Z;45313000;63;https://ted.europa.eu/bg/notice/-/detail/500486-2026
500927-2026;2026-07-19T22:00:00.000Z;Deutschland – Installation von Schaltanlagen – Neubau VLZ und Umbau FIT, Gebäude-u. Anlagenautomation;Die Autobahn GmbH des Bundes - NL Südwest;Stuttgart;;2026-08-19T12:00:00.000Z;45315700;63;https://ted.europa.eu/bg/notice/-/detail/500927-2026
501077-2026;2026-07-19T22:00:00.000Z;Deutschland – Installation von Lüftungs- und Klimaanlagen – TGA Lüftung (VE 11);Gemeinde Rosengarten;Rosengarten;;2026-08-24T05:00:00.000Z;45331200;63;https://ted.europa.eu/bg/notice/-/detail/501077-2026
501397-2026;2026-07-19T22:00:00.000Z;Deutschland – Installation von Lüftungsanlagen – 27.31 - Generalsanierung Albert-Schweitzer-Schule - Raumlufttechnische Anlagen;Schulverband Albert-Schweitzer-Schule;Wiesloch;;2026-08-25T08:00:00.000Z;45331210 45331200;63;https://ted.europa.eu/bg/notice/-/detail/501397-2026
500551-2026;2026-07-19T22:00:00.000Z;Deutschland – Verlegen von Abwasserleitungen – Tief- und Leitungsbauinstallation;Landeshauptstadt Hannover - Fachbereich Gebäudemanagement;Hannover;249530.5;;45332300;60;https://ted.europa.eu/bg/notice/-/detail/500551-2026
500690-2026;2026-07-19T22:00:00.000Z;Deutschland – Installation von Heizungs-, Lüftungs- und Klimaanlagen – Heizung (Wärmeversorgungsanlagen) - Erweiterung GS Deichhorst / Waldorfkindergarten;Stadt Delmenhorst;Delmenhorst;0.01;;45331000;60;https://ted.europa.eu/bg/notice/-/detail/500690-2026
500792-2026;2026-07-19T22:00:00.000Z;Deutschland – Elektrotechnikinstallation – Errichtung elektrotechnische Anlagen Neubau Grundschule Vogelrutherfeld;Kolpingstadt Kerpen;Kerpen;878348.09;;45315100;60;https://ted.europa.eu/bg/notice/-/detail/500792-2026
500906-2026;2026-07-19T22:00:00.000Z;Deutschland – Installation von Aufzügen – TUD Lehmann-Zentrum II;Staatsbetrieb Sächsisches Immobilien- und Baumanagement, Zentrale, Zentralstelle Vergabe- und Vertragsmanagement;Dresden;313223.18;;45313100;60;https://ted.europa.eu/bg/notice/-/detail/500906-2026
501221-2026;2026-07-19T22:00:00.000Z;Deutschland – Bauarbeiten – Gebäudeautomation - Neubau Grundschule Bungerhof;Stadt Delmenhorst;Delmenhorst;0.01;;45311200 45317000;60;https://ted.europa.eu/bg/notice/-/detail/501221-2026
501092-2026;2026-07-19T22:00:00.000Z;Deutschland – Mittelspannungsarbeiten – Deutscher Bundestag - SHEZ Energiezentrale - Mittelspannungsanlagen nach DIN 18 382 - AV2-Versorgung - Vergabe 216/2026;Bundesrepublik Deutschland, vertreten durch: Bundesamt für Bauwesen und Raumordnung;Berlin;;2026-07-29T08:30:00.000Z;45315500;43;https://ted.europa.eu/bg/notice/-/detail/501092-2026
501127-2026;2026-07-19T22:00:00.000Z;Deutschland – Installation von Sanitäreinrichtungen – Rathaus Neubau - Sanitärarbeiten;Stadt Elmshorn - Der Oberbürgermeister -;Elmshorn;;;45332400;48;https://ted.europa.eu/bg/notice/-/detail/501127-2026
501316-2026;2026-07-19T22:00:00.000Z;Deutschland, Belgien – Transport zu Wasser und zugehörige Dienste – On-/offshore Cable Jointing Services & Offshore Cable Repair Logistic Services;50Hertz Transmission GmbH: Vertragsschließende Einheit / Auftraggeber (Contracting Entity) für Lots 1–5;Berlin;752000000;2026-07-22T15:00:00.000Z;45314300;45;https://ted.europa.eu/bg/notice/-/detail/501316-2026
497885-2026;2026-07-19T22:00:00.000Z;Deutschland – Installation von Sanitäreinrichtungen – Erweiterung GS Am Grünen Kamp - Sanitärarbeiten;Stadt Delmenhorst;Delmenhorst;0.01;;45332400 45332300 45332200;40;https://ted.europa.eu/bg/notice/-/detail/497885-2026
498501-2026;2026-07-19T22:00:00.000Z;Deutschland – Installation von Lüftungsanlagen – Erweiterung GS Deichhorst / Waldorfkindergarten- Raumlufttechnische Anlagen;Stadt Delmenhorst;Delmenhorst;0.01;;45331210;40;https://ted.europa.eu/bg/notice/-/detail/498501-2026
498685-2026;2026-07-19T22:00:00.000Z;Deutschland – Installation von Fernmeldeanlagen – Medientechnik;Staatliches Bau- und Liegenschaftsamt Rostock;Rostock;111957;;45314000 45314300;40;https://ted.europa.eu/bg/notice/-/detail/498685-2026
498866-2026;2026-07-19T22:00:00.000Z;Deutschland – Kabelinfrastruktur – Erneuerung Talbremse #2, Mannheim Rbf, ZBA Ost-West, Bauleistung;DB InfraGO AG – Geschäftsbereich Fahrweg (Bukr 16);Frankfurt Main;0;;45314300;40;https://ted.europa.eu/bg/notice/-/detail/498866-2026
500025-2026;2026-07-19T22:00:00.000Z;Deutschland – Stromversorgungsanlagen – GS Steinhude - An-/Umbau zur Ganztagsschule - KG 442 PV -Anlage;Stadt Wunstorf;Wunstorf;74520.25;;45315300;40;https://ted.europa.eu/bg/notice/-/detail/500025-2026
500529-2026;2026-07-19T22:00:00.000Z;Deutschland – Installation von Brandmeldeanlagen – JVA Bautzen - Neubau Küche;Staatsbetrieb Sächsisches Immobilien- und Baumanagement, NL Bautzen;Bautzen;82472.92;;45312100;40;https://ted.europa.eu/bg/notice/-/detail/500529-2026
500589-2026;2026-07-19T22:00:00.000Z;Deutschland – Sanitäre Anlagen – Sanitärarbeiten - Erweiterung GS Deichhorst / Waldorfkindergarten;Stadt Delmenhorst;Delmenhorst;0.01;;45332400 45332300 45332200;40;https://ted.europa.eu/bg/notice/-/detail/500589-2026
501496-2026;2026-07-19T22:00:00.000Z;Deutschland – Installation von Aufzügen – ELCH - Aufzugsanlage;Evangelischer Kirchenkreisverband für Kindertagesstätten Berlin Mitte-Nord c/o STATTBAUStadtentwicklungsgesellschaft mbH;Berlin;31323.63;;45313100;40;https://ted.europa.eu/bg/notice/-/detail/501496-2026
495735-2026;2026-07-16T22:00:00.000Z;Deutschland – Installation von Heizungs-, Lüftungs- und Klimaanlagen – 26E20115 - Polizeiinspektion Cuxhaven (BHZ II), Z-BU Sanierung Bestandsgebäude, Neuerrichtung von Heizungsverteilnetz und Heizflächen;Land Niedersachsen vertreten durch das Staatliche Baumanagement Niedersachsen;Cuxhaven;345806;2026-08-25T08:19:00.000Z;45331000;95;https://ted.europa.eu/bg/notice/-/detail/495735-2026
496490-2026;2026-07-16T22:00:00.000Z;Deutschland – Installation von Heizungs-, Lüftungs- und Klimaanlagen – Weidenstieg 29 - Heizung;SBH | Schulbau Hamburg;Hamburg;7089000;2026-08-20T08:00:00.000Z;45331000;95;https://ted.europa.eu/bg/notice/-/detail/496490-2026
497430-2026;2026-07-16T22:00:00.000Z;"Deutschland – Installation von Beleuchtungs- und Signalanlagen – Waldbrunn ""Umbau und Sanierung des Klosterhofs'' - Beleuchtung";BayernGrund GmbH;München;238012;2026-08-12T07:00:00.000Z;45316000;95;https://ted.europa.eu/bg/notice/-/detail/497430-2026
494735-2026;2026-07-16T22:00:00.000Z;Deutschland – Installateurarbeiten – Sanierung Baulich-Technische Infrastruktur: Sanitär;Max-Planck-Gesellschaft Abt.III;München;;2026-08-17T08:00:00.000Z;45330000 45332200;83;https://ted.europa.eu/bg/notice/-/detail/494735-2026
494767-2026;2026-07-16T22:00:00.000Z;Deutschland – Installation von Heizungs-, Lüftungs- und Klimaanlagen – Heizung, Kälte 2A;Klinikum Neumarkt - Anstalt des öffentlichen Rechts des Landkreises Neumarkt i.d.OPf.;Neumarkt i.d.OPf.;;2026-09-03T08:45:00.000Z;45331000;83;https://ted.europa.eu/bg/notice/-/detail/494767-2026
495027-2026;2026-07-16T22:00:00.000Z;Deutschland – Elektroinstallationsarbeiten – Elektroinstallation;Staatliches Bauamt Bamberg;Bamberg;;2026-08-27T06:30:00.000Z;45311200;83;https://ted.europa.eu/bg/notice/-/detail/495027-2026
495223-2026;2026-07-16T22:00:00.000Z;Deutschland – Heizungs- und sonstige Elektroinstallationen in Gebäuden – Lieferung und Montage einer Bahnsteigheizung - Bahnhof Nordstadt;infra Infrastrukturgesellschaft Region Hannover GmbH;Hannover;;2026-08-25T12:00:00.000Z;45315000 45331000 45331100;83;https://ted.europa.eu/bg/notice/-/detail/495223-2026
495783-2026;2026-07-16T22:00:00.000Z;Deutschland – Bauarbeiten – Erneuerung der Mecklenburgstraße in Schwerin;Stadtwerke Schwerin GmbH (SWS);Schwerin;;2026-08-18T08:00:00.000Z;45310000;83;https://ted.europa.eu/bg/notice/-/detail/495783-2026
495993-2026;2026-07-16T22:00:00.000Z;"Deutschland – Bau von Theatern – Los 51 - Lüftungsinstallation Tonstudio, Saal + Kältetechnik; Landestheater Altenburg, Theaterplatz 19, 04600 Altenburg, Sanierung Kronenboden";Landkreis Altenburger Land;Altenburg;;2026-08-20T08:00:00.000Z;45331000;83;https://ted.europa.eu/bg/notice/-/detail/495993-2026
496293-2026;2026-07-16T22:00:00.000Z;Deutschland – Sonstige Elektroinstallationsarbeiten – 26E70155: Polizeidirektion Hannover - Neubau RSA u. Leitstelle - Medientechnische Ausstattung einer Polizeileitstelle;Land Niedersachsen vertreten durch das Staatliche Baumanagement Niedersachsen;Clausthal-Zellerfeld;;2026-08-20T07:00:00.000Z;45317000;83;https://ted.europa.eu/bg/notice/-/detail/496293-2026
496439-2026;2026-07-16T22:00:00.000Z;Deutschland – Installation von Elektroanlagen – Mess-, Steuerungs- und Regelungstechnik;Landeshauptstadt München, Baureferat;München;;2026-08-18T08:20:00.000Z;45311000 45315000;83;https://ted.europa.eu/bg/notice/-/detail/496439-2026
497426-2026;2026-07-16T22:00:00.000Z;Deutschland – Installation von Elektroanlagen – Lieferung, Montage und Inbetriebnahme Batteriespeichersystem (BESS);Stadtwerke Rostock AG;Rostock;;2026-08-19T21:59:00.000Z;45311000;83;https://ted.europa.eu/bg/notice/-/detail/497426-2026
494155-2026;2026-07-16T22:00:00.000Z;Deutschland – Installation von Heizungs-, Lüftungs- und Klimaanlagen – Lüftungstechnik 70-00010-2460-43;Fraunhofer-Gesellschaft zur Förderung der angewandten Forschung e.V.;München;2284308.08;;45331000;80;https://ted.europa.eu/bg/notice/-/detail/494155-2026
494651-2026;2026-07-16T22:00:00.000Z;Deutschland – Bauarbeiten – Neubau Kita Kruft;Verbandsgemeinde Pellenz;Plaidt;380620;;45330000;80;https://ted.europa.eu/bg/notice/-/detail/494651-2026
495387-2026;2026-07-16T22:00:00.000Z;Deutschland – Installation von Beleuchtungs- und Signalanlagen – Starkstrom 3 (Beleuchtung);Klinikum Main-Spessart;Lohr am Main;3773029.7;;45316000 45310000;80;https://ted.europa.eu/bg/notice/-/detail/495387-2026
495633-2026;2026-07-16T22:00:00.000Z;"Deutschland – Installation von Elektroanlagen – VOB 17-25O Errichtung eines Berufsschulcampus BA 1; VE 2-4410 Elektrische Anlagen";Landkreis Vorpommern-Rügen;Stralsund;1019674.97;;45311000;80;https://ted.europa.eu/bg/notice/-/detail/495633-2026
496210-2026;2026-07-16T22:00:00.000Z;Deutschland – Installation von Heizungs-, Lüftungs- und Klimaanlagen – Heizungsinstallation, Max-Weber-Schule;Stadt Freiburg i. Br. - Vergabemanagement;Freiburg im Breisgau;1031658.29;;45331000 45331100;80;https://ted.europa.eu/bg/notice/-/detail/496210-2026
496803-2026;2026-07-16T22:00:00.000Z;Deutschland – Installation von Elektroanlagen – Auftragsänderung 1: Geb. 3408 Fassadenerneuerung - VE410 Elektroinstallationsarbeiten 17. und 16. OG;Gottfried Wilhelm Leibniz Universität Hannover Stiftung Öffentlichen Rechts/ Dezernat 3, Gebäudemanagement Sachgebiet 36 Vergabe- und Vertragswesen;Hannover;346541.28;;45311000 45310000 45314000 45315300 45317300;80;https://ted.europa.eu/bg/notice/-/detail/496803-2026
497473-2026;2026-07-16T22:00:00.000Z;"Deutschland – Installation von Rohrleitungsnetzen – VOB 17-25O Errichtung eines Berufsschulcampus BA 1; VE 2-4110 Sanitär, Heizung, Kälte, Technische Gase, Technische Dämmung";Landkreis Vorpommern-Rügen;Stralsund;649289.1;;45331000;80;https://ted.europa.eu/bg/notice/-/detail/497473-2026
497542-2026;2026-07-16T22:00:00.000Z;Deutschland – Elektroinstallationsarbeiten – Sanierung/Rückbau Sporthalle, Kopenhagener Straße 5a, 18107 Rostock - Los 47 Elektroanlagen;Eigenbetrieb Kommunale Objektbewirtschaftung und -entwicklung der Hanse- und Universitätsstadt Rostock;Rostock;355114.53;;45311200;80;https://ted.europa.eu/bg/notice/-/detail/497542-2026
496681-2026;2026-07-16T22:00:00.000Z;Deutschland – Heizungs- und sonstige Elektroinstallationen in Gebäuden – Grüne-Aue-Schule, Neubau - Lieferung, Installation, Inbetriebnahme und Wartung der Heizungsinstallation;Stadt Gronau (Westf.);Gronau;0.01;2026-08-18T08:00:00.000Z;45315000;75;https://ted.europa.eu/bg/notice/-/detail/496681-2026
495005-2026;2026-07-16T22:00:00.000Z;Deutschland – Installation von Elektroanlagen – Hofburgschule Alten-Buseck Elektroinstallation,Zweigeschossiger Erweiterungsanbau und WC¿Sanierung in der Bestandsschule;Landkreis Gießen - Der Kreisausschuss -;Gießen;;;45311000;68;https://ted.europa.eu/bg/notice/-/detail/495005-2026
496686-2026;2026-07-16T22:00:00.000Z;Deutschland – Elektroinstallationsarbeiten – Sanierung Zentraltower Geb. 634;Staatliches Bauamt Ingolstadt;Ingolstadt;;;45311200 45331000 45311000 45332400 45315300 45312300;68;https://ted.europa.eu/bg/notice/-/detail/496686-2026
496834-2026;2026-07-16T22:00:00.000Z;Deutschland – Bauinstallationsarbeiten – TGA-ELT für die Medientrasse am Neubau Berufskolleg Meschede;Hochsauerlandkreis;Arnsberg;;;45311000;68;https://ted.europa.eu/bg/notice/-/detail/496834-2026
494088-2026;2026-07-16T22:00:00.000Z;Deutschland – Bauarbeiten – Lüftungstechnische Anlagen;Landeshauptstadt Hannover - Fachbereich Gebäudemanagement;Hannover;;2026-08-25T07:00:00.000Z;45331210;63;https://ted.europa.eu/bg/notice/-/detail/494088-2026
494188-2026;2026-07-16T22:00:00.000Z;Deutschland – Installation von Gasanlagen – Medizinische Gase 2A;Klinikum Neumarkt - Anstalt des öffentlichen Rechts des Landkreises Neumarkt i.d.OPf.;Neumarkt i.d.OPf.;;2026-09-03T08:15:00.000Z;45333000;63;https://ted.europa.eu/bg/notice/-/detail/494188-2026
494568-2026;2026-07-16T22:00:00.000Z;Deutschland – Installation von Sanitäreinrichtungen – Sanitär, Feuerlöschanlagen 2A;Klinikum Neumarkt - Anstalt des öffentlichen Rechts des Landkreises Neumarkt i.d.OPf.;Neumarkt i.d.OPf.;;2026-09-03T08:00:00.000Z;45332400;63;https://ted.europa.eu/bg/notice/-/detail/494568-2026
495012-2026;2026-07-16T22:00:00.000Z;Deutschland – Akkumulatoren und Batterien – Lieferung, Errichtung und Inbetriebnahme eines Großbatteriespeichers;Stadtwerke Energie Jena-Pößneck GmbH;Jena;;2026-07-27T08:00:00.000Z;45311000;63;https://ted.europa.eu/bg/notice/-/detail/495012-2026
495980-2026;2026-07-16T22:00:00.000Z;Deutschland – Elektrotechnikinstallation – ELT Brandschottungen;Zweites Deutsches Fernsehen;Mainz;;2026-08-14T09:00:00.000Z;45315100;63;https://ted.europa.eu/bg/notice/-/detail/495980-2026
496344-2026;2026-07-16T22:00:00.000Z;Deutschland – Installation von Lüftungsanlagen – Komplettsanierung Pestalozzischule Zeitz Los 43 - Raumlufttechnische Anlagen;Burgenlandkreis;Naumburg (Saale);;2026-08-25T08:00:00.000Z;45331210 45331231;63;https://ted.europa.eu/bg/notice/-/detail/496344-2026
496570-2026;2026-07-16T22:00:00.000Z;Deutschland – Bauarbeiten – Förderanlagen, Aufzug;Humboldt-Universität zu Berlin;Berlin;;2026-08-17T08:00:00.000Z;45313100;63;https://ted.europa.eu/bg/notice/-/detail/496570-2026
497011-2026;2026-07-16T22:00:00.000Z;Deutschland – Installation von Sanitäreinrichtungen – Generalsanierung des Landratsamtes Kronach;Landkreis Kronach;Kronach;;2026-08-07T09:00:00.000Z;45332400;48;https://ted.europa.eu/bg/notice/-/detail/497011-2026
497057-2026;2026-07-16T22:00:00.000Z;Deutschland – Installation von Lüftungsanlagen – Lüftung 2A;Klinikum Neumarkt - Anstalt des öffentlichen Rechts des Landkreises Neumarkt i.d.OPf.;Neumarkt i.d.OPf.;;2026-09-03T08:30:00.000Z;45331210;63;https://ted.europa.eu/bg/notice/-/detail/497057-2026
497538-2026;2026-07-16T22:00:00.000Z;Deutschland – Installation von Aufzügen – Lutherhaus 24 - Aufzugsanlage Keller;Stiftung Luthergedenkstätten in Sachsen-Anhalt;Lutherstadt Wittenberg;;2026-08-17T08:00:00.000Z;45313100;63;https://ted.europa.eu/bg/notice/-/detail/497538-2026
494517-2026;2026-07-16T22:00:00.000Z;Deutschland – Installation von Sanitäreinrichtungen – Sanitärtechnische Anlagen 70-00006-3000-30a;Fraunhofer-Gesellschaft zur Förderung der angewandten Forschung e.V.;München;373808.02;;45332400;60;https://ted.europa.eu/bg/notice/-/detail/494517-2026
495273-2026;2026-07-16T22:00:00.000Z;"Deutschland – Installation von Lüftungsanlagen – VOB 17-25O Errichtung eines Berufsschulcampus BA 1; VE 2-4310 Lüftung, Technische Dämmung";Landkreis Vorpommern-Rügen;Stralsund;582044.04;;45331210;60;https://ted.europa.eu/bg/notice/-/detail/495273-2026
495363-2026;2026-07-16T22:00:00.000Z;Deutschland – Installation von Beleuchtungs- und Signalanlagen – Errichtung Signalanlage LSA C9;Stadt Ingolstadt;Ingolstadt;144811.93;;45316000;60;https://ted.europa.eu/bg/notice/-/detail/495363-2026
495738-2026;2026-07-16T22:00:00.000Z;Deutschland – Installation von kältetechnischen Anlagen – Bildungszentrum West - Kältetechnik und Kühlraumbau;Stadt Ludwigsburg;Ludwigsburg;239560.7;;45331231 45331230;60;https://ted.europa.eu/bg/notice/-/detail/495738-2026
496367-2026;2026-07-16T22:00:00.000Z;Deutschland – Installateurarbeiten – Sanierung mit Erweiterung Jugendzentrum - Ausschreibung Sanitär;Stadt Bamberg / Zentrale Beschaffungs- und Vergabestelle;Bamberg;0;;45330000;60;https://ted.europa.eu/bg/notice/-/detail/496367-2026
497401-2026;2026-07-16T22:00:00.000Z;Deutschland – Installation von Sanitäreinrichtungen – Sanitärtechnische Anlagen 70-00006-3000-30a;Fraunhofer-Gesellschaft zur Förderung der angewandten Forschung e.V.;München;373808.02;;45332400;60;https://ted.europa.eu/bg/notice/-/detail/497401-2026
494578-2026;2026-07-16T22:00:00.000Z;Deutschland – Installation von Lüftungsanlagen – Landesgartenschau 2027 Neustadt an der Weinstraße - Sportpavillon - Raumlufttechnische Anlagen;Stadt Neustadt an der Weinstraße Landesgartenschau 2027 Neustadt an der Weinstraße gGmbH;Neustadt an der Weinstraße;;;45331210;48;https://ted.europa.eu/bg/notice/-/detail/494578-2026
495679-2026;2026-07-16T22:00:00.000Z;Deutschland – Installation von Lüftungsanlagen – Generalsanierung des Landratsamtes Kronach;Landkreis Kronach;Kronach;;2026-08-04T09:00:00.000Z;45331210;48;https://ted.europa.eu/bg/notice/-/detail/495679-2026
496782-2026;2026-07-16T22:00:00.000Z;Deutschland – Elektrotechnikinstallation – Landesgartenschau 2027 Neustadt an der Weinstraße - Sportpavillon - Elektrotechnische Anlagen;Stadt Neustadt an der Weinstraße Landesgartenschau 2027 Neustadt an der Weinstraße gGmbH;Neustadt an der Weinstraße;;;45315100;48;https://ted.europa.eu/bg/notice/-/detail/496782-2026
496071-2026;2026-07-16T22:00:00.000Z;Deutschland – Installation von Lüftungs- und Klimaanlagen – UBA - Umbau Bismarckplatz - Raumlufttechnische Anlagen nach DIN 18 379 - Vergabe-Nr. 2810/2025;Bundesamt für Bauwesen und Raumordnung, in Vertretung der Bundesanstalt für Immobilienaufgaben;Berlin;;2026-07-23T08:00:00.000Z;45331200;43;https://ted.europa.eu/bg/notice/-/detail/496071-2026
496753-2026;2026-07-16T22:00:00.000Z;Deutschland – Installation von Beleuchtungsanlagen im Freien – U-Bahn Nürnberg U3 SW, BA 2.2, Außenbeleuchtung Wendeanlage BW331.1 und Betriebshof BW331.3;Stadt Nürnberg, U-Bahnbauamt;Nürnberg;87135.82;;45316100;40;https://ted.europa.eu/bg/notice/-/detail/496753-2026
493406-2026;2026-07-15T22:00:00.000Z;Deutschland – Installation von elektrischen Leitungen – KN,Uni,X,(N),Hörsaal-,Seminar-u.Bürogeb. Medientechnik;Vermögen und Bau Baden-Württemberg, Amt Konstanz;Konstanz;2314170.7;2026-08-20T12:00:00.000Z;45310000;95;https://ted.europa.eu/bg/notice/-/detail/493406-2026
493570-2026;2026-07-15T22:00:00.000Z;Deutschland – Heizungs- und sonstige Elektroinstallationen in Gebäuden – Norderschulweg 14-18 - Heizung;GMH | Gebäudemanagement Hamburg GmbH;Hamburg;23000000;2026-08-18T08:00:00.000Z;45315000 45331100 45331110;95;https://ted.europa.eu/bg/notice/-/detail/493570-2026
493673-2026;2026-07-15T22:00:00.000Z;Deutschland – Elektroinstallationsarbeiten – Weidenstieg 29 - Elektro;SBH | Schulbau Hamburg;Hamburg;7089000;2026-08-18T08:00:00.000Z;45311200;95;https://ted.europa.eu/bg/notice/-/detail/493673-2026
490816-2026;2026-07-15T22:00:00.000Z;Deutschland – Reparatur und Wartung von elektrischen und mechanischen Einrichtungen in Gebäuden – Sachkundigenprüfung und Wartung Brand- und Rauchschutztüren im Gebäudebestand des SWR;Südwestrundfunk;Stuttgart;;2026-08-17T10:00:00.000Z;50710000;83;https://ted.europa.eu/bg/notice/-/detail/490816-2026
491031-2026;2026-07-15T22:00:00.000Z;Deutschland – Bauarbeiten – Stadt Hemmingen - GS Arnum - Heizungs- und Sanitärtechnik;Stadt Hemmingen;Hemmingen;;2026-09-04T09:00:00.000Z;45315000 45332400;83;https://ted.europa.eu/bg/notice/-/detail/491031-2026
491232-2026;2026-07-15T22:00:00.000Z;Deutschland – Komplett- oder Teilbauleistungen im Hochbau sowie Tiefbauarbeiten – Elektroinstallationen;Gemeinde Wanderup;Eggebek;;2026-08-18T08:00:00.000Z;45311000 45315000 45316000 45317000 45312000 45314000;83;https://ted.europa.eu/bg/notice/-/detail/491232-2026
491413-2026;2026-07-15T22:00:00.000Z;Deutschland – Installation von Heizungs-, Lüftungs- und Klimaanlagen – Heizungstechnische Anlagen;Landeshauptstadt Hannover - Fachbereich Gebäudemanagement;Hannover;;2026-09-03T07:00:00.000Z;45331000;83;https://ted.europa.eu/bg/notice/-/detail/491413-2026
491469-2026;2026-07-15T22:00:00.000Z;Deutschland – Stromversorgungsanlagen – Photovoltaik Dachanlage;Staatliches Bau- und Liegenschaftsamt Neubrandenburg;Neubrandenburg;;2026-08-28T21:59:00.000Z;45310000 45315300;83;https://ted.europa.eu/bg/notice/-/detail/491469-2026
491941-2026;2026-07-15T22:00:00.000Z;Deutschland – Installation von Lüftungsanlagen – Lüftungsinstallation (Aufstockung Oberschule);Gemeinde Fredersdorf-Vogelsdorf;Fredersdorf-Vogelsdorf;;2026-08-17T08:00:00.000Z;45331000 45331210 45331200;83;https://ted.europa.eu/bg/notice/-/detail/491941-2026
491990-2026;2026-07-15T22:00:00.000Z;Deutschland – Bauarbeiten – Elektroarbeiten;Stadt Marktheidenfeld;Marktheidenfeld;;2026-08-31T13:00:00.000Z;45311200;83;https://ted.europa.eu/bg/notice/-/detail/491990-2026
492040-2026;2026-07-15T22:00:00.000Z;Deutschland – Bauarbeiten – Sanitär BA2;Stadt Füssen;Füssen;;2026-08-17T10:00:00.000Z;45330000 45332000 45332400;83;https://ted.europa.eu/bg/notice/-/detail/492040-2026
492220-2026;2026-07-15T22:00:00.000Z;Deutschland – Bauarbeiten – Lüftung BA2;Stadt Füssen;Füssen;;2026-08-17T09:00:00.000Z;45330000 45331000 45331210;83;https://ted.europa.eu/bg/notice/-/detail/492220-2026
492447-2026;2026-07-15T22:00:00.000Z;Deutschland – Bauarbeiten – Sanitär- und Heizungsinstallationsarbeiten, Energetische und brandschutztechnische Sanierung des Märkischen Gymnasiums und der Stadthalle Wattenscheid, Saarlandstr. 38-44, 44688 Bochum;Stadt Bochum, Referat Zentrale Vergabestelle;Bochum;;2026-08-19T08:00:00.000Z;45330000 45331000 45332000 45331100 45332400;83;https://ted.europa.eu/bg/notice/-/detail/492447-2026
493020-2026;2026-07-15T22:00:00.000Z;Deutschland – Reparatur und Wartung von elektrischen und mechanischen Einrichtungen in Gebäuden – Wartungs- und Prüfleistungen für hand- und kraftbetätigte Anlagen, mit und ohne Feststellanlagen, VOEK 174-25;Bundesanstalt für Immobilienaufgaben;Bonn;;2026-09-02T07:00:00.000Z;50710000;83;https://ted.europa.eu/bg/notice/-/detail/493020-2026
493286-2026;2026-07-15T22:00:00.000Z;Deutschland – Bauarbeiten – G 452 Heizungs- und Kältetechnische Anlagen;Landkreis Wunsiedel i. Fichtelgebirge;Wunsiedel i. Fichtelgebirge;;2026-08-13T09:00:00.000Z;45331000;83;https://ted.europa.eu/bg/notice/-/detail/493286-2026
493420-2026;2026-07-15T22:00:00.000Z;Deutschland – Installation von elektrischen Leitungen – Elektrische Anlagen - Betriebshofe Giebel 46;Stadt Wuppertal;Wuppertal;;2026-08-17T07:00:00.000Z;45310000 45311000;83;https://ted.europa.eu/bg/notice/-/detail/493420-2026
493683-2026;2026-07-15T22:00:00.000Z;Deutschland – Installation von Elektroanlagen – 2026-38-BAU-EU Elektroinstallationen / Neubau Multimediales Aktualitätshaus SWR Mainz;Südwestrundfunk Anstalt des öffentlichen Rechts;Stuttgart;;2026-08-17T08:00:00.000Z;45311000 45316000 45315600 45315700 45312310;83;https://ted.europa.eu/bg/notice/-/detail/493683-2026
493737-2026;2026-07-15T22:00:00.000Z;Deutschland – Elektroinstallationsarbeiten – Elektroarbeiten;Staatliches Bauamt Amberg-Sulzbach;Amberg;;2026-08-20T06:30:00.000Z;45311200;83;https://ted.europa.eu/bg/notice/-/detail/493737-2026
493843-2026;2026-07-15T22:00:00.000Z;Deutschland – Installation von Elektroanlagen – Elektro, Blitzschutz, Datennetz, SiBe;Staatliches Bau- und Liegenschaftsamt Neubrandenburg;Neubrandenburg;;2026-08-17T21:59:00.000Z;45311000 45312310 45314320 45316100;83;https://ted.europa.eu/bg/notice/-/detail/493843-2026
493913-2026;2026-07-15T22:00:00.000Z;Deutschland – Baufertigstellung – Sanierung St. Vincenz Krankenhaus Diez - Sanitär;St. Vincenz Krankenhaus Diez;Diez;;2026-08-07T08:00:00.000Z;45332000;68;https://ted.europa.eu/bg/notice/-/detail/493913-2026
493994-2026;2026-07-15T22:00:00.000Z;Deutschland – Bauarbeiten – Heizung BA2;Stadt Füssen;Füssen;;2026-08-17T08:00:00.000Z;45330000 45331000 45331100;83;https://ted.europa.eu/bg/notice/-/detail/493994-2026
490618-2026;2026-07-15T22:00:00.000Z;Deutschland – Installation von Heizungs-, Lüftungs- und Klimaanlagen – Lufttechnsiche Anlagen;Stadt Erlangen - Zentrale Vergabestelle;Erlangen;439223.96;;45331000;80;https://ted.europa.eu/bg/notice/-/detail/490618-2026
491499-2026;2026-07-15T22:00:00.000Z;Deutschland – Installation von Elektroanlagen – Neubau Kita Kuhweid und MGH Weinheim, Elektroanlagen;Stadt Weinheim;Weinheim;1127084.76;;45311000 45311200;80;https://ted.europa.eu/bg/notice/-/detail/491499-2026
492261-2026;2026-07-15T22:00:00.000Z;Deutschland – Installateurarbeiten und Verlegung von Abwasserleitungen – Sanitaerinstallationsarbeiten;Staatliches Bauamt Ingolstadt;Ingolstadt;320933.75;;45332000;80;https://ted.europa.eu/bg/notice/-/detail/492261-2026
492426-2026;2026-07-15T22:00:00.000Z;Deutschland – Elektroinstallationsarbeiten – Neubau des Mobilitätszentrums UrbanLand (MZL) Elektro- und Fernmeldetechnische Anlagen;Technische Hochschule Ostwestfalen-Lippe;Lemgo;357748.52;;45311200 45317000;80;https://ted.europa.eu/bg/notice/-/detail/492426-2026
493834-2026;2026-07-15T22:00:00.000Z;Deutschland – Installation von Heizungs-, Lüftungs- und Klimaanlagen – Neubau Kita Kuhweid und MGH Weinheim, Wärmeversorgungsanlagen;Stadt Weinheim;Weinheim;357780.89;;45331000;80;https://ted.europa.eu/bg/notice/-/detail/493834-2026
493951-2026;2026-07-15T22:00:00.000Z;"Deutschland – Installation von Elektroanlagen – 25E30649 - Bw. Sozialwerk (Haus Jade), Rösingstr. Sanierung und Umbau; Elektroarbeiten, Innenbeleuchtung, Außenbeleuchtung, Netzwerktechnik";Bundesrepublik Deutschland vertreten durch das Staatliche Baumanagement Niedersachsen;Bad Iburg;1220459.76;;45311000;80;https://ted.europa.eu/bg/notice/-/detail/493951-2026
491271-2026;2026-07-15T22:00:00.000Z;Deutschland – Installation von Fernmeldeanlagen – Weidenstieg 29 - Schwachstrom;SBH | Schulbau Hamburg;Hamburg;7089000;2026-08-18T08:00:00.000Z;45314000;75;https://ted.europa.eu/bg/notice/-/detail/491271-2026
493173-2026;2026-07-15T22:00:00.000Z;Deutschland – Installation von Elektroanlagen – Energieautarkie Curslack, Photovoltaikanlage (IW-22/01-300-002);Hamburger Stadtentwässerung AöR, Vergabemanagement;Hamburg;;;45311000;68;https://ted.europa.eu/bg/notice/-/detail/493173-2026
493470-2026;2026-07-15T22:00:00.000Z;Deutschland – Bauarbeiten – Bauarbeiten;Robert Bosch Krankenhaus GmbH;Stuttgart;;;45311200 45312310;68;https://ted.europa.eu/bg/notice/-/detail/493470-2026
493638-2026;2026-07-15T22:00:00.000Z;Deutschland – Installation von Elektroanlagen – Elektrische Kabel- und Leitungsanlagen in Gebäuden, Elektroinstallationsarbeiten;Land Berlin – Sondervermögen Immobilien des Landes Berlin (SILB) c/o BIM Berliner Immobilienmanagement GmbH;Berlin;;;45311000;68;https://ted.europa.eu/bg/notice/-/detail/493638-2026
491102-2026;2026-07-15T22:00:00.000Z;Deutschland – Blitzschutzarbeiten – ZAS-MHKW [ETN03] Vergabe der Bauleistungen der Blitzschutzanlage;Zweckverband Abfallverwertung Südhessen (ZAS);Darmstadt;;2026-08-14T08:00:00.000Z;45312310;63;https://ted.europa.eu/bg/notice/-/detail/491102-2026
491631-2026;2026-07-15T22:00:00.000Z;Deutschland – Installation von Lüftungsanlagen – Theodor-Heuss-Schule, Erweiterung als 3,5-zügige Grundschule mit Nachmittagsbetreuung - Lüftung;Hanau Immobilien- und Baumanagement, Eigenbetrieb der Stadt Hanau;Hanau;;2026-08-18T09:00:00.000Z;45331210;63;https://ted.europa.eu/bg/notice/-/detail/491631-2026
491886-2026;2026-07-15T22:00:00.000Z;Deutschland – Installation von Zentralheizungen – Heizung-Kälte;Deutsches Krebsforschungszentrum Heidelberg;Heidelberg;;2026-09-09T08:00:00.000Z;45331100 45331231;63;https://ted.europa.eu/bg/notice/-/detail/491886-2026
491911-2026;2026-07-15T22:00:00.000Z;Deutschland – Installation von Lüftungs- und Klimaanlagen – 2025-0455, Installation Raumlaufttechnik (RLT), GGS Opladen, Hans-Schlehahn-Str. 6, 51379 Leverkusen;Stadt Leverkusen - Fachbereich Recht und Vergabestelle;Leverkusen;;2026-08-17T08:00:00.000Z;45331200;63;https://ted.europa.eu/bg/notice/-/detail/491911-2026
491991-2026;2026-07-15T22:00:00.000Z;Deutschland – Baufertigstellung – Sanierung St. Vincenz Krankenhaus Diez - Lüftung;St. Vincenz Krankenhaus Diez;Diez;;2026-08-07T08:00:00.000Z;45331200;48;https://ted.europa.eu/bg/notice/-/detail/491991-2026
492608-2026;2026-07-15T22:00:00.000Z;Deutschland – Installation von Elektroanlagen – Bauleistungen Ganztags- und Grundschulgebäude Los 9: Elektroarbeiten;Gemeinde Handewitt;Handewitt;;2026-07-21T16:00:00.000Z;45311000 45310000 45315100 45312000;63;https://ted.europa.eu/bg/notice/-/detail/492608-2026
492644-2026;2026-07-15T22:00:00.000Z;Deutschland – Bauarbeiten – Lüftungstechnische Anlagen;Landkreis Wunsiedel i. Fichtelgebirge;Wunsiedel i. Fichtelgebirge;;2026-08-13T09:00:00.000Z;45331210;63;https://ted.europa.eu/bg/notice/-/detail/492644-2026
492731-2026;2026-07-15T22:00:00.000Z;Deutschland – Bauarbeiten – Stadt Hemmingen - GS Arnum - Lüftungstechnik;Stadt Hemmingen;Hemmingen;;2026-09-03T09:00:00.000Z;45331210 45331200;63;https://ted.europa.eu/bg/notice/-/detail/492731-2026
492775-2026;2026-07-15T22:00:00.000Z;"Deutschland – Blitzschutzarbeiten – Sanierung Stadtverwaltung BT A-C; Blitzschutz und Erdungsanlage";Stadt Paderborn;Paderborn;;2026-09-03T06:00:00.000Z;45312310;63;https://ted.europa.eu/bg/notice/-/detail/492775-2026
492924-2026;2026-07-15T22:00:00.000Z;Deutschland – Baufertigstellung – Sanierung St. Vincenz Krankenhaus Diez - Heizung;St. Vincenz Krankenhaus Diez;Diez;;2026-08-07T08:00:00.000Z;45331100;48;https://ted.europa.eu/bg/notice/-/detail/492924-2026
492950-2026;2026-07-15T22:00:00.000Z;Deutschland – Bauarbeiten – G 451Sanitär;Landkreis Wunsiedel i. Fichtelgebirge;Wunsiedel i. Fichtelgebirge;;2026-08-13T09:00:00.000Z;45332400;63;https://ted.europa.eu/bg/notice/-/detail/492950-2026
493613-2026;2026-07-15T22:00:00.000Z;Deutschland – Bauarbeiten – VE 04.03 Lüftungsinstallation, Umbau eines Landesbehördenhauses zur Musikschule der Stadt Bochum, HOCHBAU-20, Haus der Musik, Marienplatz 2, 44787 Bochum;Stadt Bochum, Referat Zentrale Vergabestelle;Bochum;;2026-08-17T08:00:00.000Z;45331210 45331200;63;https://ted.europa.eu/bg/notice/-/detail/493613-2026
493800-2026;2026-07-15T22:00:00.000Z;Deutschland – Installation von Zentralheizungen – Heizungs- und Sanitärinstallation (Aufstockung Oberschule);Gemeinde Fredersdorf-Vogelsdorf;Fredersdorf-Vogelsdorf;;2026-08-17T08:00:00.000Z;45331100 45332200 45332300 45332400;63;https://ted.europa.eu/bg/notice/-/detail/493800-2026
490900-2026;2026-07-15T22:00:00.000Z;Deutschland – Installateurarbeiten – 17595 4871 FR, Justizzentrum, Holzmarkt, 2. BA Sanierung 4410_Abwasser-, Wasser-, Gasanlagen;Vermögen und Bau Baden-Württemberg, Amt Freiburg;Freiburg;137794.13;;45330000;60;https://ted.europa.eu/bg/notice/-/detail/490900-2026
491831-2026;2026-07-15T22:00:00.000Z;Deutschland – Installation von elektrischen Leitungen – Gesundheitszentrum in Bad Waldliesborn GmbH - Anbau an Klinik Eichholz;Gesundheitszentrum in Bad Waldliesborn GmbH;Lippstadt;23776.94;;45310000 45311000;60;https://ted.europa.eu/bg/notice/-/detail/491831-2026
492219-2026;2026-07-15T22:00:00.000Z;Deutschland – Rohbauarbeiten – GS Pingsdorf - Anbau + Sanierung (Rohbauarbeiten);Stadt Brühl - Der Bürgermeister;Brühl;2130000;;45312310;60;https://ted.europa.eu/bg/notice/-/detail/492219-2026
492436-2026;2026-07-15T22:00:00.000Z;Deutschland – Installateurarbeiten und Verlegung von Abwasserleitungen – Abwasser- und Wasseranlagen;Stadt Erlangen - Zentrale Vergabestelle;Erlangen;2654.92;;45332000;60;https://ted.europa.eu/bg/notice/-/detail/492436-2026
492468-2026;2026-07-15T22:00:00.000Z;Deutschland – Installation von Fernmeldeanlagen – Ernst-Bergeest-Weg 54 - Schwachstrom;GMH | Gebäudemanagement Hamburg GmbH;Hamburg;141929;;45311200 45314000;60;https://ted.europa.eu/bg/notice/-/detail/492468-2026
492513-2026;2026-07-15T22:00:00.000Z;Deutschland – Elektroinstallationsarbeiten für Pumpanlagen – Neubau Wasserwerk, Technische Ausrüstung einschl. EMSR-Technik;Stadtverwaltung;Wendlingen am Neckar;2408673.7;;45317100 45317400;60;https://ted.europa.eu/bg/notice/-/detail/492513-2026
492762-2026;2026-07-15T22:00:00.000Z;Deutschland – Installation von Sanitäreinrichtungen – Sanitärtechnische Anlagen 70-00006-3000-30a;Fraunhofer-Gesellschaft zur Förderung der angewandten Forschung e.V.;München;373808.02;;45332400;60;https://ted.europa.eu/bg/notice/-/detail/492762-2026
493718-2026;2026-07-15T22:00:00.000Z;Deutschland – Bau von Sporthallen – Sanierung/Rückbau Sporthalle, Kopenhagener Straße 5a, 18107 Rostock - Los 44 - Gebäudeautomation;Eigenbetrieb Kommunale Objektbewirtschaftung und -entwicklung der Hanse- und Universitätsstadt Rostock;Rostock;235480.71;;45315700;60;https://ted.europa.eu/bg/notice/-/detail/493718-2026
493727-2026;2026-07-15T22:00:00.000Z;Deutschland – Installation von Sanitäreinrichtungen – Sanitärarbeiten;Kreisausschuss des Landkreises Darmstadt-Dieburg für den Eigenbetrieb Da-Di-Werk, Gebäudemanagement;Darmstadt;184683.33;;45332400;60;https://ted.europa.eu/bg/notice/-/detail/493727-2026
490677-2026;2026-07-15T22:00:00.000Z;Deutschland – Blitzschutzarbeiten – Auftragsänderung - Neubau einer integierten Leitstelle - Los 18.02 Schwachstrom;Bereich Landrat/Vergabestelle;Köthen (Anhalt);;;45312310;48;https://ted.europa.eu/bg/notice/-/detail/490677-2026
493828-2026;2026-07-15T22:00:00.000Z;Deutschland – Elektroinstallationsarbeiten für Transformatoren – Austausch der Fahrstromtransformatoren in GUW 104, 106, 111 - 30027918;Mainzer Verkehrsgesellschaft mbH;Mainz;;2026-08-03T08:00:00.000Z;45317200;48;https://ted.europa.eu/bg/notice/-/detail/493828-2026
490929-2026;2026-07-15T22:00:00.000Z;Deutschland – Blitzschutzarbeiten – René-Schickele-Schule, Sanierung und Erweiterung Grundschule;Gemeinde Badenweiler, Bauamt;Badenweiler;45331.74;;45312310 45312311;40;https://ted.europa.eu/bg/notice/-/detail/490929-2026
491083-2026;2026-07-15T22:00:00.000Z;Deutschland – Blitzschutzarbeiten – Neubau des Mobilitätszentrums UrbanLand (MZL) Blitzschutzanlage;Technische Hochschule Ostwestfalen-Lippe;Lemgo;13025.89;;45312310;40;https://ted.europa.eu/bg/notice/-/detail/491083-2026
491131-2026;2026-07-15T22:00:00.000Z;Deutschland – Installation von kältetechnischen Anlagen – Einbau von Kühlzellen u. Kleinkältetechnik, Campus Berufliche Bildung Erlangen;Stadt Erlangen - Amt 40;Erlangen;1;;45331231;40;https://ted.europa.eu/bg/notice/-/detail/491131-2026
488360-2026;2026-07-14T22:00:00.000Z;Deutschland – Bauarbeiten – Mittelspannungskabel, KG 440 - Infrastrukturmaßnahmen in Neubauprojekten;Universitätsklinikum Aachen AöR;Aachen;;2026-08-13T07:00:00.000Z;45311000 45315500;83;https://ted.europa.eu/bg/notice/-/detail/488360-2026
488486-2026;2026-07-14T22:00:00.000Z;"Deutschland – Sonstige Elektroinstallationsarbeiten – VOB 17-25O Errichtung eines Berufsschulcampus BA 1; VE 2-4810 Haus II Gebäudeautomation";Landkreis Vorpommern-Rügen;Stralsund;;2026-08-14T08:00:00.000Z;45317000 45311200;83;https://ted.europa.eu/bg/notice/-/detail/488486-2026
488795-2026;2026-07-14T22:00:00.000Z;Deutschland – Installateurarbeiten und Verlegung von Abwasserleitungen – MPI für Terrestrische Mikrobiologie- Umbau BT B: Sanitärtechnische Installationen;Max-Planck-Gesellschaft Abt.III;München;;2026-08-14T08:00:00.000Z;45332000 45332400 45332200;83;https://ted.europa.eu/bg/notice/-/detail/488795-2026
489130-2026;2026-07-14T22:00:00.000Z;Deutschland – Sonstige Elektroinstallationsarbeiten – BImA, BPol Bundespolizei Blumberg, Gemeinsame Unterbringung Fliegerstaffel, Gebäudeautomation;Brandenburgischer Landesbetrieb für Liegenschaften und Bauen (BLB) - Zentrale Vergabestelle;Zossen;;2026-08-14T08:00:00.000Z;45317000;83;https://ted.europa.eu/bg/notice/-/detail/489130-2026
489211-2026;2026-07-14T22:00:00.000Z;Deutschland – Fertigungsarbeiten – Obermaschinerie;Sprinkenhof GmbH;Hamburg;;2026-08-13T10:00:00.000Z;45310000;83;https://ted.europa.eu/bg/notice/-/detail/489211-2026
489391-2026;2026-07-14T22:00:00.000Z;Deutschland – Gleichrichter – Neubau Gleichrichterunterwerk im Glückstein-Quartier (M016);Rhein-Neckar-Verkehr GmbH;Mannheim;;2026-08-14T08:00:00.000Z;45311000 45311200 45317000 45311100 45316000 45315300 45314300 45314310 45315700 45317300 45316200;83;https://ted.europa.eu/bg/notice/-/detail/489391-2026
489477-2026;2026-07-14T22:00:00.000Z;Deutschland – Installation von Heizungs-, Lüftungs- und Klimaanlagen – Neubau eines klimaneutralen Verwaltungsgebäudes - Heizung;Kreis Stormarn;Bad Oldesloe;;2026-08-17T07:00:00.000Z;45331000 45331100;83;https://ted.europa.eu/bg/notice/-/detail/489477-2026
490432-2026;2026-07-14T22:00:00.000Z;Deutschland – Installation von Heizungs-, Lüftungs- und Klimaanlagen – Germanisches Nationalmuseum - Sanierung Süd- und Südwestbau Nürnberg - VE422 Wärmeversorgungsanlagen;Germanisches Nationalmuseum;Nürnberg;;2026-08-13T08:00:00.000Z;45331000;83;https://ted.europa.eu/bg/notice/-/detail/490432-2026
490473-2026;2026-07-14T22:00:00.000Z;Deutschland – Installation von Elektroanlagen – Max-Planck-Forschungsstelle für die Wissenschaft der Pathogene, Neubau und Umbau: Starkstrom ELT;Max-Planck-Gesellschaft Abt.III;München;;2026-08-14T09:00:00.000Z;45311000 45315300 45315500 45315600;83;https://ted.europa.eu/bg/notice/-/detail/490473-2026
490519-2026;2026-07-14T22:00:00.000Z;Deutschland – Installation von Sanitäreinrichtungen – 118 KliPrien_RoMed Klinik Prien am Chiemesee - Erneuerung Funktionsbau_4102 Sanitäre Anlagen BT A;Kliniken der Stadt und des Lkr. Rosenheim GmbH;Rosenheim;;2026-09-22T12:00:00.000Z;45332000 45332400 45332200 45332300;83;https://ted.europa.eu/bg/notice/-/detail/490519-2026
487520-2026;2026-07-14T22:00:00.000Z;Deutschland – Installation von Heizungs-, Lüftungs- und Klimaanlagen – Masterplan Hbf. FFM_Gebäudeautomation - Los 1 LZ-Süd, Los 2 LZ-Mitte,;DB InfraGO AG – Geschäftsbereich Personenbahnhöfe (Bukr 11);Berlin;4590245.08;;45331000 45311000;80;https://ted.europa.eu/bg/notice/-/detail/487520-2026
487548-2026;2026-07-14T22:00:00.000Z;Deutschland – Installation von Heizungs-, Lüftungs- und Klimaanlagen – Kältetechnik;Land Hessen, vertreten durch den Landesbetrieb Bau und Immobilien Hessen, Zentrale Vergabe;Bad Nauheim;5695788.82;;45331000;80;https://ted.europa.eu/bg/notice/-/detail/487548-2026
488270-2026;2026-07-14T22:00:00.000Z;Deutschland – Installateurarbeiten – Fassadensanierung Kreisberufsschulzentrum Aalen - Wärmeversorgungsanlagen -;Landratsamt Ostalbkreis - Zentrale Vergabestelle;Aalen;1289325.92;;45330000;80;https://ted.europa.eu/bg/notice/-/detail/488270-2026
489048-2026;2026-07-14T22:00:00.000Z;Deutschland – Bau von Bühnen – Lieferung und Installation Bühnenbeleuchtung;Stadt Göttingen;Göttingen;591786.88;;45311200 45314320;80;https://ted.europa.eu/bg/notice/-/detail/489048-2026
489185-2026;2026-07-14T22:00:00.000Z;Deutschland – Installateurarbeiten und Verlegung von Abwasserleitungen – Sanitärinstallationen;Gemeinde Inning a. Ammersee;Inning;185594;;45332000;80;https://ted.europa.eu/bg/notice/-/detail/489185-2026
489312-2026;2026-07-14T22:00:00.000Z;"Deutschland – Elektrotechnikinstallation – Sanierung Sporthalle Robert-Bosch-Gesamtschule; Mess-, Steuerungs- und Regelungstechnik (Stadt Hildesheim)";Stadt Hildesheim;Hildesheim;300906;;45311200 45317000 45315100;80;https://ted.europa.eu/bg/notice/-/detail/489312-2026
489339-2026;2026-07-14T22:00:00.000Z;Deutschland – Installateurarbeiten – 70421 Notstromaggregate/ BHKW, Reha-Zentrum Ückeritz;DRV Bund Einkaufsmanagement Bauleistungen;Berlin;747926.76;;45330000;80;https://ted.europa.eu/bg/notice/-/detail/489339-2026
489408-2026;2026-07-14T22:00:00.000Z;Deutschland – Installation von Heizungs-, Lüftungs- und Klimaanlagen – Heizungs- und Sanitärarbeiten_Freiherr-vom-Stein-Schule / Europaschule, Ringstraße 33, 35075 Gladenbach_Ersatzneubau Förderstufentrakt;Landkreis Marburg-Biedenkopf;Marburg;294835.68;;45331000 45332400;80;https://ted.europa.eu/bg/notice/-/detail/489408-2026
490312-2026;2026-07-14T22:00:00.000Z;Deutschland – Installation von Heizungs-, Lüftungs- und Klimaanlagen – Feuerwehrtechnische Zentrale Ebergötzen, Neubau - Heizanlagen und zentrale Wassererwärmungsanlagen nach DIN 18380 VE 403;Landkreis Göttingen;Göttingen;2303888.24;;45331000;80;https://ted.europa.eu/bg/notice/-/detail/490312-2026
490330-2026;2026-07-14T22:00:00.000Z;Deutschland – Installation von Heizungs-, Lüftungs- und Klimaanlagen – Heizungsinstallationen;Gemeinde Inning a. Ammersee;Inning;340529;;45331000;80;https://ted.europa.eu/bg/notice/-/detail/490330-2026
487334-2026;2026-07-14T22:00:00.000Z;Deutschland – Installation von elektrischen Leitungen – Elektrotechnik Haus 1, Haus 6 und Haus 14;DBFZ Deutsches Biomasseforschungszentrum gGmbH;Leipzig;;;45310000;68;https://ted.europa.eu/bg/notice/-/detail/487334-2026
487447-2026;2026-07-14T22:00:00.000Z;Deutschland – Installation von Heizungs-, Lüftungs- und Klimaanlagen – Planung und Bau eines Regenüberlaufbecken Bln. IV (RÜB IV) - VP 5: Gebäudetechnik;Berliner Wasserbetriebe;Berlin;;;45331000;68;https://ted.europa.eu/bg/notice/-/detail/487447-2026
488606-2026;2026-07-14T22:00:00.000Z;Deutschland – Elektrotechnikinstallation – Heu-FWGH: Elektrotechnik;Gemeindevorstand der Gemeinde Heuchelheim a. d. Lahn;Heuchelheim;;;45310000 45315100;68;https://ted.europa.eu/bg/notice/-/detail/488606-2026
489049-2026;2026-07-14T22:00:00.000Z;Deutschland – Elektroinstallationsarbeiten – Heu-FWGH: Gebäudeautomation;Gemeindevorstand der Gemeinde Heuchelheim a. d. Lahn;Heuchelheim;;;45311200;68;https://ted.europa.eu/bg/notice/-/detail/489049-2026
489167-2026;2026-07-14T22:00:00.000Z;Deutschland – Installation von Heizungs-, Lüftungs- und Klimaanlagen – Heu-FWGH: Lüftungstechnik;Gemeindevorstand der Gemeinde Heuchelheim a. d. Lahn;Heuchelheim;;;45331000;68;https://ted.europa.eu/bg/notice/-/detail/489167-2026
489400-2026;2026-07-14T22:00:00.000Z;Deutschland – Installation von Heizungs-, Lüftungs- und Klimaanlagen – Heu-FWGH: Heizungstechnik;Gemeindevorstand der Gemeinde Heuchelheim a. d. Lahn;Heuchelheim;;;45331000;68;https://ted.europa.eu/bg/notice/-/detail/489400-2026
489776-2026;2026-07-14T22:00:00.000Z;Deutschland – Elektroinstallationsarbeiten – GU-Rheinfelden PV-Anlage;Landratsamt Lörrach, - Vergabestelle -;Lörrach;;;45311200;68;https://ted.europa.eu/bg/notice/-/detail/489776-2026
487347-2026;2026-07-14T22:00:00.000Z;Deutschland – Installation von Elektroanlagen – Bauleistungen Ganztags- und Grundschulgebäude Los 9: Elektroarbeiten;Gemeinde Handewitt;Handewitt;;2026-07-16T10:00:00.000Z;45311000 45310000 45315100 45312000;63;https://ted.europa.eu/bg/notice/-/detail/487347-2026
487425-2026;2026-07-14T22:00:00.000Z;Deutschland – Installation von Zentralheizungen – Heizanlagen und zentrale Wassererwärmungsanlagen;Land Berlin – Sondervermögen Immobilien des Landes Berlin (SILB) c/o BIM Berliner Immobilienmanagement GmbH;Berlin;;2026-08-18T07:30:00.000Z;45331100;63;https://ted.europa.eu/bg/notice/-/detail/487425-2026
487689-2026;2026-07-14T22:00:00.000Z;Deutschland – Installation von Sanitäreinrichtungen – Sanitär 70-00002-2780-401 - PR1244232-2780-B;Fraunhofer-Gesellschaft zur Förderung der angewandten Forschung e.V. - Einkauf B12 - Vergabestelle Bau;München;;2026-11-05T09:00:00.000Z;45332400;63;https://ted.europa.eu/bg/notice/-/detail/487689-2026
487890-2026;2026-07-14T22:00:00.000Z;Deutschland – Installation von Lüftungs- und Klimaanlagen – Neubau Gesamtschule Nord+ in Kassel - KG 430 Raumlufttechnische Anlagen;Stadt Kassel Immobilien GmbH & Co. KG;Kassel;;2026-08-18T10:00:00.000Z;45331200;63;https://ted.europa.eu/bg/notice/-/detail/487890-2026
487949-2026;2026-07-14T22:00:00.000Z;Deutschland – Bau von Grundschulen – Elektroinstallationsarbeiten;Landeshauptstadt München, Baureferat;München;;2026-07-23T10:00:00.000Z;45311200;63;https://ted.europa.eu/bg/notice/-/detail/487949-2026
489310-2026;2026-07-14T22:00:00.000Z;Deutschland – Installation von Lüftungsanlagen – Lüftungsanlagen;Deutsches Krebsforschungszentrum Heidelberg;Heidelberg;;2026-09-08T08:15:00.000Z;45331210;63;https://ted.europa.eu/bg/notice/-/detail/489310-2026
490095-2026;2026-07-14T22:00:00.000Z;Deutschland – Installation von Schaltanlagen – Hochschule der Sächs. Polizei (FH) Rothenburg - BA 03 Trainingszentrum;Staatsbetrieb Sächsisches Immobilien- und Baumanagement, Zentrale, Zentralstelle Vergabe- und Vertragsmanagement;Dresden;;2026-08-17T07:00:00.000Z;45315700;63;https://ted.europa.eu/bg/notice/-/detail/490095-2026
490369-2026;2026-07-14T22:00:00.000Z;Deutschland – Bauarbeiten für Forschungsgebäude – Universität Regensburg - Neubau eines Forschungsgebäudes CITO;Staatliches Bauamt Regensburg;Regensburg;;2026-08-19T07:00:00.000Z;45333000 45331231;63;https://ted.europa.eu/bg/notice/-/detail/490369-2026
490412-2026;2026-07-14T22:00:00.000Z;Deutschland – Solarzellendachdeckarbeiten – PV-Anlage;Staatliches Bau- und Liegenschaftsamt Rostock;Rostock;;2026-08-17T21:59:00.000Z;45315300;63;https://ted.europa.eu/bg/notice/-/detail/490412-2026
487268-2026;2026-07-14T22:00:00.000Z;Deutschland – Installation von Elektroanlagen – Stadt Löhne, Umbau Bahnhof zum 3. Ort - MSR/Gebäudeautomation;Kreis Herford im Auftrag der Stadt Löhne;Herford;1;;45311000;60;https://ted.europa.eu/bg/notice/-/detail/487268-2026
487645-2026;2026-07-14T22:00:00.000Z;Deutschland – Sonstige Elektroinstallationsarbeiten – Erweiterungsbau Vitos KFP Hadamar - Alarm Management System;Vitos gGmbH für Weil-Lahn gGmbH;Gießen;53717.95;;45317000;60;https://ted.europa.eu/bg/notice/-/detail/487645-2026
488340-2026;2026-07-14T22:00:00.000Z;Deutschland – Installation von Lüftungs- und Klimaanlagen – UKM Marienhospital GmbH - Geb. 9910 Standort Steinfurt - Neubau Bettenhaus 1. und 2. BA | M017-G26 Raumlufttechnische Anlage;UKM Marienhospital GmbH;Münster;943295.52;;45331200;60;https://ted.europa.eu/bg/notice/-/detail/488340-2026
488477-2026;2026-07-14T22:00:00.000Z;Deutschland – Bauarbeiten – Deutscher Bundestag - Herrichtung der Liegenschaft NK 4-5 - Förderanlagen - Vergabe 1668/2025;Bundesrepublik Deutschland vertreten durch das: Bundesamt für Bauwesen und Raumordnung;Berlin;679588.01;;45313000 45313100;60;https://ted.europa.eu/bg/notice/-/detail/488477-2026
488770-2026;2026-07-14T22:00:00.000Z;Deutschland – Elektroinstallationsarbeiten – Sanierung Mali-Gemeinschaftsschule: Elektroinstallation BA1;Stadt Biberach an der Riss;Biberach an der Riss;36481.35;;45311200;60;https://ted.europa.eu/bg/notice/-/detail/488770-2026
488773-2026;2026-07-14T22:00:00.000Z;Deutschland – Installation von Lüftungs- und Klimaanlagen – KGHS - Lüftung;Landratsamt Reutlingen, 13/2 Gebäudemanagement;Reutlingen;377767.06;;45331200;60;https://ted.europa.eu/bg/notice/-/detail/488773-2026
488910-2026;2026-07-14T22:00:00.000Z;Deutschland – Installation von Lüftungsanlagen – TU BAF, KegelBauNeubau, Hallenkompl. 2.BA, 2. TBM;Staatsbetrieb Sächsisches Immobilien- und Baumanagement, Zentrale, Zentralstelle Vergabe- und Vertragsmanagement;Dresden;227202;;45331210;60;https://ted.europa.eu/bg/notice/-/detail/488910-2026
489365-2026;2026-07-14T22:00:00.000Z;Deutschland – Reparatur und Wartung von elektrischen und mechanischen Einrichtungen in Gebäuden – Services für Türen und Tore;Landratsamt München - Zentrale Vergabestelle und Einkauf;München;0;;50710000;60;https://ted.europa.eu/bg/notice/-/detail/489365-2026
489367-2026;2026-07-14T22:00:00.000Z;Deutschland – Installation von Sanitäreinrichtungen – Modernisierung und Attraktivierung Kyffhäusertherme - Sanitärtechnik;Stadt Bad Frankenhausen;Bad Frankenhausen;646010.61;;45332400;60;https://ted.europa.eu/bg/notice/-/detail/489367-2026
489908-2026;2026-07-14T22:00:00.000Z;Deutschland – Installation von Sanitäreinrichtungen – Heu-FWGH: Sanitärtechnik;Gemeindevorstand der Gemeinde Heuchelheim a. d. Lahn;Heuchelheim;;;45332400;48;https://ted.europa.eu/bg/notice/-/detail/489908-2026
490062-2026;2026-07-14T22:00:00.000Z;Deutschland – Installation von Lüftungsanlagen – Grundschule Leipziger Str. 210, Modernisierung und Neubau, Los 402 Lüftung;Stadt Leipzig;Leipzig;;;45331210;48;https://ted.europa.eu/bg/notice/-/detail/490062-2026
487772-2026;2026-07-14T22:00:00.000Z;Deutschland – Installation von Sanitäreinrichtungen – 2025-0368, Aufstellung von zwei Mietcontainern (Interim & Sanitär) - Ausbau KGS In der Wasserkuhl zur 3-Zügigkeit, In der Wasserkuhl 3, 51377 Leverkusen;Stadt Leverkusen - Fachbereich Recht und Vergabestelle;Leverkusen;;2026-07-23T08:00:00.000Z;45332400;43;https://ted.europa.eu/bg/notice/-/detail/487772-2026
490502-2026;2026-07-14T22:00:00.000Z;Deutschland – Installation von Lüftungs- und Klimaanlagen – UBA - Umbau Bismarckplatz - Raumlufttechnische Anlagen nach DIN 18 379 - Vergabe-Nr. 2810/2025;Bundesamt für Bauwesen und Raumordnung, in Vertretung der Bundesanstalt für Immobilienaufgaben;Berlin;;2026-07-22T08:30:00.000Z;45331200;43;https://ted.europa.eu/bg/notice/-/detail/490502-2026
487223-2026;2026-07-14T22:00:00.000Z;Deutschland – Bauarbeiten – 00 PH 2023-01/D.13 Förderanlagen;ZfP Calw - Klinikum Nordschwarzwald, Abt. Bau & Technik;Calw-Hirsau;89140;;45313100;40;https://ted.europa.eu/bg/notice/-/detail/487223-2026
487920-2026;2026-07-14T22:00:00.000Z;Deutschland – Installation von Aufzügen – Sanierung Mali-Gemeinschaftsschule: Aufzug;Stadt Biberach an der Riss;Biberach an der Riss;45320;;45313100;40;https://ted.europa.eu/bg/notice/-/detail/487920-2026
488951-2026;2026-07-14T22:00:00.000Z;"Deutschland – Kabelinfrastruktur – Kassel Rangierbahnhof; Kabeltiefbau und Signaltiefbau";DB InfraGO AG – Geschäftsbereich Fahrweg (Bukr 16);Frankfurt Main;0;;45314300;40;https://ted.europa.eu/bg/notice/-/detail/488951-2026
489340-2026;2026-07-14T22:00:00.000Z;Deutschland – Wasserinstallationsarbeiten – Stadt Löhne, Umbau Bahnhof zum 3. Ort - Sanitärarbeiten;Kreis Herford im Auftrag der Stadt Löhne;Herford;1;;45332200;40;https://ted.europa.eu/bg/notice/-/detail/489340-2026
489952-2026;2026-07-14T22:00:00.000Z;"Deutschland – Kabelinfrastruktur – Neubau ESTW-A Rüdesheim; Kabeltiefbau";DB InfraGO AG – Geschäftsbereich Fahrweg (Bukr 16);Frankfurt Main;0;;45314300;40;https://ted.europa.eu/bg/notice/-/detail/489952-2026
490023-2026;2026-07-14T22:00:00.000Z;Deutschland – Bauarbeiten für Kindergärten – Ersatzneubau Naturkita im Fliegerhorst, 04758 Oschatz, Am Forsthaus, Los 20 - Lüftungstechnik Installation;Stadtverwaltung Oschatz;Oschatz;148561.55;;45331210;40;https://ted.europa.eu/bg/notice/-/detail/490023-2026
486568-2026;2026-07-13T22:00:00.000Z;"Deutschland – Installation von Elektroanlagen – 26E30019 - Bundespolizeiinspektion Bad Bentheim; Bundespolizeiinspektion Neubau - Mittelspannung, Trafo, NSHV";Bundesrepublik Deutschland vertreten durch das Staatliche Baumanagement Niedersachsen;Bad Iburg;639851.46;2026-08-13T07:00:00.000Z;45311000;95;https://ted.europa.eu/bg/notice/-/detail/486568-2026
483868-2026;2026-07-13T22:00:00.000Z;Deutschland – Komplett- oder Teilbauleistungen im Hochbau sowie Tiefbauarbeiten – Schießtechnik;Staatliches Bau- und Liegenschaftsamt Neubrandenburg;Neubrandenburg;;2026-08-13T21:59:00.000Z;45310000 45312000;83;https://ted.europa.eu/bg/notice/-/detail/483868-2026
484485-2026;2026-07-13T22:00:00.000Z;Deutschland – Bauarbeiten für Universitätsgebäude – UR Bio, Neubau Vorklinikum;Staatliches Bauamt Regensburg;Regensburg;;2026-08-20T07:00:00.000Z;45310000 45315700;83;https://ted.europa.eu/bg/notice/-/detail/484485-2026
484615-2026;2026-07-13T22:00:00.000Z;Deutschland – Elektroinstallationsarbeiten – Elektroinstallation (Aufstockung Oberschule);Gemeinde Fredersdorf-Vogelsdorf;Fredersdorf-Vogelsdorf;;2026-08-13T08:00:00.000Z;45311200 45312310 45315100 45317300;83;https://ted.europa.eu/bg/notice/-/detail/484615-2026
484864-2026;2026-07-13T22:00:00.000Z;Deutschland – Installateurarbeiten und Verlegung von Abwasserleitungen – SM KL - BG Sanitärinstallation;LBM Rheinland-Pfalz Zentrale;Koblenz;;2026-08-14T08:00:00.000Z;45332000;83;https://ted.europa.eu/bg/notice/-/detail/484864-2026
485526-2026;2026-07-13T22:00:00.000Z;Deutschland – Elektroinstallationsarbeiten – Austausch Streckenschieber ELT Anschluss Auma Motor;Land Berlin vertreten durch die Tempelhof Projekt GmbH;Berlin;;2026-08-10T09:00:00.000Z;45311200 45310000;83;https://ted.europa.eu/bg/notice/-/detail/485526-2026
485999-2026;2026-07-13T22:00:00.000Z;Deutschland – Bauarbeiten – Stadt Hemmingen - GS Arnum - ELT-Arbeiten;Stadt Hemmingen;Hemmingen;;2026-08-19T09:00:00.000Z;45311000 45314000;83;https://ted.europa.eu/bg/notice/-/detail/485999-2026
486193-2026;2026-07-13T22:00:00.000Z;Deutschland – Bauarbeiten – Brandschutztechnische Sanierung Wilhelm-Erb-Gymnasium;Kreisverwaltung Donnersbergkreis;Kirchheimbolanden;;2026-08-13T08:30:00.000Z;45311200;83;https://ted.europa.eu/bg/notice/-/detail/486193-2026
486324-2026;2026-07-13T22:00:00.000Z;Deutschland – Installation von Beleuchtungs- und Signalanlagen – KSP ÜLS Bf Sythen - Neubau niedrige Gleisgassenbeleuchtung (nGgB);DB InfraGO AG – Geschäftsbereich Fahrweg (Bukr 16);Frankfurt Main;;2026-08-11T09:00:00.000Z;45316000;83;https://ted.europa.eu/bg/notice/-/detail/486324-2026
486625-2026;2026-07-13T22:00:00.000Z;Deutschland – Installation von Heizungs-, Lüftungs- und Klimaanlagen – Heizung Sanitär;Staatliches Bau- und Liegenschaftsamt Neubrandenburg;Neubrandenburg;;2026-08-13T21:59:00.000Z;45331000 45332000 45332400;83;https://ted.europa.eu/bg/notice/-/detail/486625-2026
486653-2026;2026-07-13T22:00:00.000Z;Deutschland – Heizungs- und sonstige Elektroinstallationen in Gebäuden – Heizung;Stadt Marktheidenfeld;Marktheidenfeld;;2026-08-24T12:00:00.000Z;45315000 45331100;83;https://ted.europa.eu/bg/notice/-/detail/486653-2026
483938-2026;2026-07-13T22:00:00.000Z;Deutschland – Bauarbeiten – Haus der Familie, hier Elektroarbeiten (Los 3), Blitzschutz (Los 4) und Aufzugsanlagen (Los 5);Stadt Datteln;Datteln;1321963;;45315000 45311000 45311100 45311200 45312310 45313100 45315100;80;https://ted.europa.eu/bg/notice/-/detail/483938-2026
484512-2026;2026-07-13T22:00:00.000Z;Deutschland – Installation von elektrischen Leitungen – Talsperre Lichtenberg EMSR-Technik, VE6.4 Installation + Gütemessung;Landestalsperrenverwaltung des Freistaates Sachsen, Betrieb Freiberger Mulde / Zschopau;Pockau-Lengefeld;439049.48;;45310000;80;https://ted.europa.eu/bg/notice/-/detail/484512-2026
484561-2026;2026-07-13T22:00:00.000Z;Deutschland – Elektroinstallationsarbeiten – BLB NRW Köln / Technische Hochschule Köln, Campus Deutz, Neubau Gebäude B, Hörsaalgebäude, Akustikleuchten;Bau- und Liegenschaftsbetrieb NRW Köln;Köln;987653.73;;45311200 45317000;80;https://ted.europa.eu/bg/notice/-/detail/484561-2026
485378-2026;2026-07-13T22:00:00.000Z;"Deutschland – Installateurarbeiten und Verlegung von Abwasserleitungen – Neubau Kriminalpolizeidirektion und Polizeirevier Calw Sanitär-, Abwasser-, Wasseranlagen; Feuerlöschanlagen; DIN 18381";Vermögen und Bau Baden-Württemberg, Amt Pforzheim;Pforzheim;436633.35;;45332000;80;https://ted.europa.eu/bg/notice/-/detail/485378-2026
485560-2026;2026-07-13T22:00:00.000Z;Deutschland – Bauarbeiten – Elektro- und Nachrichtentechnik - Erweiterung G8/G9 am Schillergymnasium - Bauteil Finkenstraße;Stadt Münster - Zentrale Rechtsdienstleistungen und Vergabemanagement;Münster;322350.51;;45310000 45311000 45315000 45316000 45317000 45312000 45314000;80;https://ted.europa.eu/bg/notice/-/detail/485560-2026
486998-2026;2026-07-13T22:00:00.000Z;Deutschland – Installation von Heizungs-, Lüftungs- und Klimaanlagen – Heidelberg, Universitätsklinikum, Sanierung und Nachnutzung Rechtsmedizin / HeiCINN Heiz- und Klimakaltwasseranlagen DIN 18380;Vermögen und Bau Baden-Württemberg, Amt Mannheim und Heidelberg Dienstsitz Heidelberg;Heidelberg;2163948.9;2026-08-03T21:59:00.000Z;45331000;80;https://ted.europa.eu/bg/notice/-/detail/486998-2026
487040-2026;2026-07-13T22:00:00.000Z;"Deutschland – Elektroinstallationsarbeiten – LWL - Klinik Herten; Neubau Gerontopsychiatrisches Zentrum GPZ; Elektro- und Nachrichtentechnik; 26-087 E";LWL - Bau- und Liegenschaftsbetrieb (LWL-BLB);Münster;1763221.03;;45311200 45312000 45315600 45316200;80;https://ted.europa.eu/bg/notice/-/detail/487040-2026
487167-2026;2026-07-13T22:00:00.000Z;Deutschland – Heizungs- und sonstige Elektroinstallationen in Gebäuden – Schloss Neu-Augustusburg Weißenfels - Durchführung der denkmalgerechten Sanierung südlicher Westflügel und Südflügel, sowie der Außenanlagen - Los 498 prov. Anschluss Heizung;Stadt Weißenfels;Weißenfels;180158;;45315000;80;https://ted.europa.eu/bg/notice/-/detail/487167-2026
486737-2026;2026-07-13T22:00:00.000Z;Deutschland – Reparatur- und Wartungsdienste – COSMOS - Instandhaltung von verfahrenstechnischen Systemen an DC-Netzanlagen der TenneT TSO GmbH;TenneT TSO GmbH;Bayreuth;1;2026-08-17T10:00:00.000Z;50710000;75;https://ted.europa.eu/bg/notice/-/detail/486737-2026
484455-2026;2026-07-13T22:00:00.000Z;Deutschland – Lagercontainer – Regeneration Rundfunk-Sendetrupp UKW / DAB+;Bundesamt für Ausrüstung, Informationstechnik und Nutzung der Bundeswehr;Koblenz;;;45331000;68;https://ted.europa.eu/bg/notice/-/detail/484455-2026
485183-2026;2026-07-13T22:00:00.000Z;Deutschland – Installation von Aufzügen – Neubau Gymnasium II Strausberg, Los 27 - Förderanlagen;Landkreis Märkisch-Oderland / Amt für Digitalisierung, Organisation und Personal;Seelow;;;45310000 45311200 45313100 45313000;68;https://ted.europa.eu/bg/notice/-/detail/485183-2026
485329-2026;2026-07-13T22:00:00.000Z;Deutschland – Installation von elektrischen Kabeln – BKA W1 Rückbau KT - Allgemeine ELT Geb. D & H;Bundesrepublik Deutschland, vertreten durch den Landesbetrieb Bau und Immobilien Hessen, Zentrale Vergabe;Bad Nauheim;;2026-07-28T08:00:00.000Z;45311100 45311200;63;https://ted.europa.eu/bg/notice/-/detail/485329-2026
485425-2026;2026-07-13T22:00:00.000Z;Deutschland – Installation von elektrischen Leitungen – NSW_404(3)_Elektrotechnik;Marzona Stiftung Neue Saalecker Werkstätten;Naumburg OT Saaleck;;2026-07-31T08:00:00.000Z;45310000 45315300;68;https://ted.europa.eu/bg/notice/-/detail/485425-2026
485892-2026;2026-07-13T22:00:00.000Z;Deutschland – Heizungs- und sonstige Elektroinstallationen in Gebäuden – Rathaus Neubau Elmshorn - Heizung;Stadt Elmshorn - Der Oberbürgermeister -;Elmshorn;;2026-07-28T08:00:00.000Z;45315000;63;https://ted.europa.eu/bg/notice/-/detail/485892-2026
484181-2026;2026-07-13T22:00:00.000Z;Deutschland – Bauarbeiten – Generalsanierung Kreiskrankenhaus Heppenheim - Brandmeldeanlage BTG;Kreiskrankenhaus Bergstraße GmbH eine Einrichtung des Universitätsklinikums Heidelberg;Heppenheim;;2026-08-12T08:00:00.000Z;45312100;63;https://ted.europa.eu/bg/notice/-/detail/484181-2026
484231-2026;2026-07-13T22:00:00.000Z;"Deutschland – Installation von Sanitäreinrichtungen – Beschaffung einer ""didaktischen Schulungswand"" - Anschlussarbeiten: Sanitärarbeiten(Los 3)";Handwerkskammer der Pfalz;Kaiserslautern;;2026-07-27T10:00:00.000Z;45332000 45332400;63;https://ted.europa.eu/bg/notice/-/detail/484231-2026
485164-2026;2026-07-13T22:00:00.000Z;Deutschland – Installation von Aufzügen – Neubau Brandschutz- und Ausbildungszentrums (BAZ) am Standort Newel;Verbandsgemeindeverwaltung Trier-Land;Trier;;2026-08-13T07:45:00.000Z;45313100;63;https://ted.europa.eu/bg/notice/-/detail/485164-2026
485538-2026;2026-07-13T22:00:00.000Z;Deutschland – Installation von Schaltanlagen – Gebäudeautomation - Neubau Stadthaus 4 - Bauwerke Münster GmbH;Bauwerke Münster GmbH;Münster;;2026-08-18T10:00:00.000Z;45315700;63;https://ted.europa.eu/bg/notice/-/detail/485538-2026
485666-2026;2026-07-13T22:00:00.000Z;Deutschland – Bauarbeiten für Schwimmbäder – Freizeitbad GalaxSea Jena - Energetische Sanierung - Los 13: Lufttechnische Anlagen;Jenaer Bäder und Freizeit GmbH;Jena;;2026-07-23T08:00:00.000Z;45331000 45331200;63;https://ted.europa.eu/bg/notice/-/detail/485666-2026
485706-2026;2026-07-13T22:00:00.000Z;Deutschland – Installation von Aufzügen – KKE52 Förderanlagen;Land Schleswig-Holstein endvertreten durch Gebäudemanagement Schleswig-Holstein AöR;Lübeck;;2026-08-17T07:50:00.000Z;45313100;63;https://ted.europa.eu/bg/notice/-/detail/485706-2026
485895-2026;2026-07-13T22:00:00.000Z;"Deutschland – Installation von Elektroanlagen – Beschaffung einer ""didaktischen Schulungswand"" - Anschlussarbeiten: Elektroarbeiten (Los 4)";Handwerkskammer der Pfalz;Kaiserslautern;;2026-07-27T10:00:00.000Z;45311000;63;https://ted.europa.eu/bg/notice/-/detail/485895-2026
486270-2026;2026-07-13T22:00:00.000Z;Deutschland – Installation von Brandmeldeanlagen – Erich-Maria-Remarque-Schule, Erweiterung zur Oberschule, Fernmelde- und informationstechnische Anlagen;Stadt Osnabrück - FD Öffentliche Aufträge;Osnabrück;;2026-07-21T06:45:00.000Z;45311000 45311100 45311200 45312100 45312000;63;https://ted.europa.eu/bg/notice/-/detail/486270-2026
486907-2026;2026-07-13T22:00:00.000Z;Deutschland – Installation von Aufzügen – Fördertechnik Aufzug 70-00231-2530-408a - PR1258113-2530-B;Fraunhofer-Gesellschaft zur Förderung der angewandten Forschung e.V. - Einkauf B12 - Vergabestelle Bau;München;;2026-08-19T09:00:00.000Z;45313100;63;https://ted.europa.eu/bg/notice/-/detail/486907-2026
483947-2026;2026-07-13T22:00:00.000Z;Deutschland – Elektroinstallationsarbeiten – KBS Campus, hier: Gebäudeautomation;Deutsche Rentenversicherung Knappschaft-Bahn-See;Bochum;0.01;;45311200;60;https://ted.europa.eu/bg/notice/-/detail/483947-2026
484285-2026;2026-07-13T22:00:00.000Z;Deutschland – Elektroinstallationsarbeiten – Baustrom und -beleuchtung;Universitätsmedizin Göttingen (UMG), Stiftung Öffentlichen Rechts;Göttingen;52030.62;;45311200;60;https://ted.europa.eu/bg/notice/-/detail/484285-2026
484538-2026;2026-07-13T22:00:00.000Z;Deutschland – Installation von Lüftungsanlagen – Raumlufttechnische Anlagen;Rheingau-Taunus-Kreis;Bad Schwalbach;585507.75;;45331210;60;https://ted.europa.eu/bg/notice/-/detail/484538-2026
484637-2026;2026-07-13T22:00:00.000Z;Deutschland – Installation von Brandmeldeanlagen – Nachnutzung Neurozentrum - Brandmeldeanlage (BMA);Universitätsklinikum Bonn AöR;Bonn;1;2026-08-05T08:00:00.000Z;45310000 45311000 45312100 45312200;60;https://ted.europa.eu/bg/notice/-/detail/484637-2026
486020-2026;2026-07-13T22:00:00.000Z;Deutschland – Bau von Gefängnissen – Heizungsanlagen (21840056 / JVA NMS / Sanierung Küche u. Wäscherei);Land Schleswig-Holstein endvertreten durch Gebäudemanagement Schleswig-Holstein AöR;Lübeck;859106.98;;45331100;60;https://ted.europa.eu/bg/notice/-/detail/486020-2026
486432-2026;2026-07-13T22:00:00.000Z;Deutschland – Installation von Zentralheizungen – Wärmeversorgungsanlagen;Landratsamt Landshut Kreiseigener Hochbau;Essenbach;2847056;;45331100 45331230;60;https://ted.europa.eu/bg/notice/-/detail/486432-2026
486749-2026;2026-07-13T22:00:00.000Z;Deutschland – Installation von Lüftungsanlagen – Neubau Kriminalpolizeidirektion und Polizeirevier Calw Lüftungsanlage, DIN 18379;Vermögen und Bau Baden-Württemberg, Amt Pforzheim;Pforzheim;1000312.32;;45331210;60;https://ted.europa.eu/bg/notice/-/detail/486749-2026
487168-2026;2026-07-13T22:00:00.000Z;Deutschland – Installation von Heizungs-, Lüftungs- und Klimaanlagen – Raumlufttechnische Anlagen und Kältetechnik, Auftragsänderung Nr. 05;MRG Münchner Raumentwicklungsgesellschaft mbH;München;39985.78;;45331000 45331231 45331210;60;https://ted.europa.eu/bg/notice/-/detail/487168-2026
483851-2026;2026-07-13T22:00:00.000Z;Deutschland – Installation von Verkehrsleiteinrichtungen – A 20 km 137,925 - km 144,500 beide RiFa Los 2 Verkehrssicherung;Die Autobahn GmbH des Bundes - NL Nordost;Hohen Neuendorf OT Stolpe;;;45316213;48;https://ted.europa.eu/bg/notice/-/detail/483851-2026
484159-2026;2026-07-13T22:00:00.000Z;Deutschland – Installation von Lüftungsanlagen – Generalsanierung des Landratsamtes Kronach;Landkreis Kronach;Kronach;;2026-08-04T09:00:00.000Z;45331210;48;https://ted.europa.eu/bg/notice/-/detail/484159-2026
484838-2026;2026-07-13T22:00:00.000Z;Deutschland – Installation von Aufzügen – Aufzugsanlage - Umbau und Erweiterung KiTa Großrosseln;Gemeinde Großrosseln;Großrosseln;;;45313100;48;https://ted.europa.eu/bg/notice/-/detail/484838-2026
485563-2026;2026-07-13T22:00:00.000Z;"Deutschland – Zimmer- und Tischlerarbeiten – Landkreis Ludwigslust-Parchim - Gymnasiales Schulzentrum ""Fritz Reuter"", 2. BA - Modernisierung Haus 3, Los 216 Zimmer- , Dachdeckungs- und Klempnerarbeiten, 19303 Dömitz";Landkreis Ludwigslust-Parchim - Der Landrat;Parchim;;;45312310;48;https://ted.europa.eu/bg/notice/-/detail/485563-2026
486046-2026;2026-07-13T22:00:00.000Z;Deutschland – Installation von Sanitäreinrichtungen – ETZ West SANITÄR;Land Hessen, vertreten durch den Landesbetrieb Bau und Immobilien Hessen, Zentrale Vergabe;Bad Nauheim;;;45332400;48;https://ted.europa.eu/bg/notice/-/detail/486046-2026
486098-2026;2026-07-13T22:00:00.000Z;Deutschland – Installation von Lüftungs- und Klimaanlagen – Sanierung Rathaus Gengenbach - Lufttechnische Anlagen;Stadt Gengenbach;Gengenbach;;;45331200;48;https://ted.europa.eu/bg/notice/-/detail/486098-2026
486750-2026;2026-07-13T22:00:00.000Z;Deutschland – Installation von Zentralheizungen – Generalsanierung des Landratsamtes Kronach;Landkreis Kronach;Kronach;;2026-08-04T09:00:00.000Z;45331100;48;https://ted.europa.eu/bg/notice/-/detail/486750-2026
486772-2026;2026-07-13T22:00:00.000Z;Deutschland – Verkehrsfluss-Messsystem – Verkehrs - und Parkleitsystem Bielefeld - Verkehrsdatenerhebungssystem;Stadt Bielefeld - Amt für Zentrale Leistungen;Bielefeld;;2026-07-22T08:00:00.000Z;45316210;43;https://ted.europa.eu/bg/notice/-/detail/486772-2026
486803-2026;2026-07-13T22:00:00.000Z;Deutschland – Installation von Sanitäreinrichtungen – 2025-0368, Aufstellung von zwei Mietcontainern (Interim & Sanitär) - Ausbau KGS In der Wasserkuhl zur 3-Zügigkeit, In der Wasserkuhl 3, 51377 Leverkusen;Stadt Leverkusen - Fachbereich Recht und Vergabestelle;Leverkusen;;2026-07-23T08:00:00.000Z;45332400;43;https://ted.europa.eu/bg/notice/-/detail/486803-2026
483974-2026;2026-07-13T22:00:00.000Z;Deutschland – Installation von Lüftungs- und Klimaanlagen – Rahmenvertrag (Zeitvertrag 2026-2028) Lüftungsanlagen;Kreisausschuss des Lahn-Dill-Kreises 12.4 Zentrale Vergabe- und Submissionsstelle;Wetzlar;-1;;45331200;40;https://ted.europa.eu/bg/notice/-/detail/483974-2026
485227-2026;2026-07-13T22:00:00.000Z;Deutschland – Bauarbeiten für Schulgebäude – Gesamtsanierung und Erweiterung Zentrum für Bildung, Kultur und Soziales Pirna-Sonnenstein - Los 401: Aufzugsanlagen;Stadtverwaltung Pirna;Pirna;0;;45313100;40;https://ted.europa.eu/bg/notice/-/detail/485227-2026
485737-2026;2026-07-13T22:00:00.000Z;Deutschland – Sanitäre Anlagen – Sanitär BA 2;Stadt Kaufbeuren;Kaufbeuren;55651.25;;45332400;40;https://ted.europa.eu/bg/notice/-/detail/485737-2026
485828-2026;2026-07-13T22:00:00.000Z;Deutschland – Installation von Lüftungsanlagen – Stadt Löhne, Umbau Bahnhof zum 3. Ort – RLT/Lüftungstechnik;Kreis Herford im Auftrag der Stadt Löhne;Herford;1;;45331210;40;https://ted.europa.eu/bg/notice/-/detail/485828-2026
486006-2026;2026-07-13T22:00:00.000Z;Deutschland – Installation von Aufzügen – Aufzugsarbeiten;SSV Ulm 1846 e. V.;Ulm;77849.8;;45313100;40;https://ted.europa.eu/bg/notice/-/detail/486006-2026
486048-2026;2026-07-13T22:00:00.000Z;Deutschland – Bauarbeiten – Vergabe der Erdungsanlage für den Neubau und die Sanierung von Sporthallen (Hockey und Tennis);HTC Uhlenhorst Mülheim e.V.;Mülheim an der Ruhr;1;;45312310;40;https://ted.europa.eu/bg/notice/-/detail/486048-2026
486372-2026;2026-07-13T22:00:00.000Z;Deutschland – Installation von Signalanlagen – Citybahn Essen, VE 12.4 LSA 509 Steeler Str. / Franziskanerstr. / Auf der Donau;Stadt Essen - Amt für Straßen und Verkehr;Essen;111061.5;;45316200;40;https://ted.europa.eu/bg/notice/-/detail/486372-2026
486624-2026;2026-07-13T22:00:00.000Z;Deutschland – Installation von Signalanlagen – Citybahn Essen, VE 12.3.3 LSA 717 Goldschmidtstr. / Klosterstr.;Stadt Essen - Amt für Straßen und Verkehr;Essen;72512.45;;45316200;40;https://ted.europa.eu/bg/notice/-/detail/486624-2026
487148-2026;2026-07-13T22:00:00.000Z;Deutschland – Elektrotechnikinstallation – Bf. Berlin Zool. Garten - BA 2+3: Raumlufttechnische Anlagen (VE 222);DB InfraGO AG – Geschäftsbereich Personenbahnhöfe (Bukr 11);Berlin;0;;45315100;40;https://ted.europa.eu/bg/notice/-/detail/487148-2026
480678-2026;2026-07-12T22:00:00.000Z;Deutschland – Installation von Elektroanlagen – Heidelberg, Universitätsklinikum, Sanierung und Nachnutzung Rechtsmedizin / HeiCINN Elektro-, Sicherheits- und Informationstechnische Anlagen;Vermögen und Bau Baden-Württemberg, Amt Mannheim und Heidelberg Dienstsitz Heidelberg;Heidelberg;4195512.94;2026-08-17T21:59:00.000Z;45311000;95;https://ted.europa.eu/bg/notice/-/detail/480678-2026
480931-2026;2026-07-12T22:00:00.000Z;Deutschland – Elektroinstallationsarbeiten – ESTRAL Paket 1 - Los 3 Elektro-, Leittechnik und Anlagensicherung;EWN Entsorgungswerk für Nuklearanlagen GmbH;Rubenow;3024600;2026-09-09T08:00:00.000Z;45311200;95;https://ted.europa.eu/bg/notice/-/detail/480931-2026
482718-2026;2026-07-12T22:00:00.000Z;"Deutschland – Bau von Laborgebäuden – 26E40194; LKA; Neubau Bauteil G/KTI; Elektro Trassensysteme";Land Niedersachsen vertreten durch das Staatliche Baumanagement Niedersachsen;Hannover;1350000;2026-08-11T08:30:00.000Z;45317000;95;https://ted.europa.eu/bg/notice/-/detail/482718-2026
479927-2026;2026-07-12T22:00:00.000Z;Deutschland – Bauarbeiten – 2026-0421 Erneuerung Sperrtor am Marientor - Beton-, Stahlbeton und Stahlwasserbauarbeiten sowie EMSR-Technik;Wirtschaftsbetriebe Duisburg - AöR, im Namen und für Rechnung der Stadt Duisburg;Duisburg;;2026-08-11T08:00:00.000Z;45311200 45315100;83;https://ted.europa.eu/bg/notice/-/detail/479927-2026
480796-2026;2026-07-12T22:00:00.000Z;Deutschland – Bauarbeiten für Wasser- und Abwasserrohrleitungen – ZFB - Neubau eines Zentrums für Feuerwehrwesen und Bevölkerungsschutz;Kreisverwaltung Dithmarschen - Der Landrat -;Heide;;2026-08-11T09:00:00.000Z;45332000 45332200 45332300 45332400;83;https://ted.europa.eu/bg/notice/-/detail/480796-2026
480994-2026;2026-07-12T22:00:00.000Z;Deutschland – Installation von Elektroanlagen – Neubau des Mobilitätszentrums UrbanLand (MZL) Photovoltaikanlage;Technische Hochschule Ostwestfalen-Lippe;Lemgo;;2026-08-11T08:00:00.000Z;45311000 45315300;83;https://ted.europa.eu/bg/notice/-/detail/480994-2026
481083-2026;2026-07-12T22:00:00.000Z;Deutschland – Bauarbeiten – Bundesministerium für Umwelt, Klimaschutz, Naturschutz und nukleare Sicherheit - Erweiterungsbau - Schwachstrom - Vergabe 1348/2026;Bundesamt für Bauwesen und Raumordnung, in Vertretung der Bundesanstalt für Immobilienaufgaben;Berlin;;2026-09-18T07:30:00.000Z;45310000;83;https://ted.europa.eu/bg/notice/-/detail/481083-2026
481316-2026;2026-07-12T22:00:00.000Z;Deutschland – Bauarbeiten – VE Heizungs- und Sanitärinstallationen (KG 410 & KG 420), Herrichtung und brandschutztechnische Neugliederung der Bürogebäude, HOCHBAU-25, Verwaltungsbebäude, Junggesellenstraße 6-8, 44787 Bochum;Stadt Bochum, Referat Zentrale Vergabestelle;Bochum;;2026-08-11T08:00:00.000Z;45331000 45332400 45332200 45332300 45331100;83;https://ted.europa.eu/bg/notice/-/detail/481316-2026
481815-2026;2026-07-12T22:00:00.000Z;Deutschland – Installation von Heizungs-, Lüftungs- und Klimaanlagen – ZFB - Neubau eines Zentrums für Feuerwehrwesen und Bevölkerungsschutz;Kreisverwaltung Dithmarschen - Der Landrat -;Heide;;2026-08-11T08:00:00.000Z;45331000;83;https://ted.europa.eu/bg/notice/-/detail/481815-2026
481987-2026;2026-07-12T22:00:00.000Z;Deutschland – Technische Beratung und Konstruktionsberatung – Rahmenvertrag über technische Beratung-, Installations- und Montagedienstleistungen für Netzleitungen;Ministerium des Innern des Landes NRW;Düsseldorf;;2026-08-11T10:00:00.000Z;45311100 45314310;83;https://ted.europa.eu/bg/notice/-/detail/481987-2026
482098-2026;2026-07-12T22:00:00.000Z;Deutschland – Installation von Heizungs-, Lüftungs- und Klimaanlagen – Heizung;Kreisausschuss Main-Taunus-Kreis, Hochbau- und Liegenschaftsamt;Hofheim am Taunus;;2026-08-12T08:00:00.000Z;45331000;83;https://ted.europa.eu/bg/notice/-/detail/482098-2026
482144-2026;2026-07-12T22:00:00.000Z;Deutschland – Installation von Heizungs-, Lüftungs- und Klimaanlagen – Heizung-,Lüftungs- und Kältearbeiten in der HV Essen - Bestand;Emschergenossenschaft;Essen;;2026-08-25T08:10:00.000Z;45331000;83;https://ted.europa.eu/bg/notice/-/detail/482144-2026
482403-2026;2026-07-12T22:00:00.000Z;Deutschland – Installation von elektrischen Leitungen – Elektrische Kabel- und Leitungsanlagen in Gebäuden, Elektro- und Fernmeldetechnik;Land Berlin – Sondervermögen Immobilien des Landes Berlin (SILB) c/o BIM Berliner Immobilienmanagement GmbH;Berlin;;2026-08-11T07:30:00.000Z;45310000;83;https://ted.europa.eu/bg/notice/-/detail/482403-2026
482502-2026;2026-07-12T22:00:00.000Z;Deutschland – Installation von Heizungs-, Lüftungs- und Klimaanlagen – Landkreis Ludwigslust-Parchim - Neubau Feuerwehr-Service-Zentrum in Neustadt-Glewe - Los 404 - Gebäudeautomation;Landkreis Ludwigslust-Parchim - Der Landrat;Parchim;;2026-08-11T07:30:00.000Z;45331000 45311200;83;https://ted.europa.eu/bg/notice/-/detail/482502-2026
482973-2026;2026-07-12T22:00:00.000Z;Deutschland – Installation von Heizungs-, Lüftungs- und Klimaanlagen – Umbau und Erweiterung der Grundschule Fleestedt - Heizungs- und Lüftungsinstallation;Landkreis Harburg - Zentrale Vergabestelle für die Gemeinde Seevetal;Winsen/Luhe;;2026-08-13T08:30:00.000Z;45331000;83;https://ted.europa.eu/bg/notice/-/detail/482973-2026
483287-2026;2026-07-12T22:00:00.000Z;Deutschland – Installation von Elektroanlagen – ZAS-MHKW [REU04_02] Elektr. Rückbau, Entflechtung und Umverlegung im TP2;Zweckverband Abfallverwertung Südhessen (ZAS);Darmstadt;;2026-08-10T08:00:00.000Z;45311000 45311100 45311200 45317000;83;https://ted.europa.eu/bg/notice/-/detail/483287-2026
483417-2026;2026-07-12T22:00:00.000Z;Deutschland – Installation von Elektroanlagen – PV-Anlagen - Neubau IMPC, Geb. 2441, Beethovenstraße, 38106 Braunschweig;Technische Universität Braunschweig, Geschäftsbereich 3 - Gebäudemanagement;Braunschweig;;2026-08-14T08:00:00.000Z;45311000;83;https://ted.europa.eu/bg/notice/-/detail/483417-2026
479819-2026;2026-07-12T22:00:00.000Z;Deutschland – Installation von Elektroanlagen – 16FEI22612 - Erneuerung VST Duisburg, TK (S&S + Netz);DB Station & Service AG;Berlin;1787136.7;;45311000;80;https://ted.europa.eu/bg/notice/-/detail/479819-2026
480002-2026;2026-07-12T22:00:00.000Z;Deutschland – Bauarbeiten für Schwimmbäder – Sorpesee GmbH - Energetische Sanierung Hallenbad Sundern | Lüftungstechnik;Sorpesee GmbH;Sundern-Langscheid;284745;;45331000;80;https://ted.europa.eu/bg/notice/-/detail/480002-2026
480741-2026;2026-07-12T22:00:00.000Z;Deutschland – Elektroinstallationsarbeiten – Fassadensanierung Kreisberufsschulzentrum Aalen - Elektroarbeiten -;Landratsamt Ostalbkreis - Zentrale Vergabestelle;Aalen;950838;;45311200;80;https://ted.europa.eu/bg/notice/-/detail/480741-2026
480895-2026;2026-07-12T22:00:00.000Z;Deutschland – Bauleistungen im Hochbau – GS Pingsdorf - Anbau + Sanierung (Heizung+Sanitär);Stadt Brühl - Der Bürgermeister;Brühl;983800;;45315000 45332400;80;https://ted.europa.eu/bg/notice/-/detail/480895-2026
481061-2026;2026-07-12T22:00:00.000Z;Deutschland – Installation von Elektroanlagen – zus. PV-Anlage;Aberlandklinik Viechtach;Viechtach;186134.92;;45311000 45311200 45315100;80;https://ted.europa.eu/bg/notice/-/detail/481061-2026
481070-2026;2026-07-12T22:00:00.000Z;Deutschland – Installation von Heizungs-, Lüftungs- und Klimaanlagen – TU C, Elektronenmikroskopisches Zentrum;Staatsbetrieb Sächsisches Immobilien- und Baumanagement, Zentrale, Zentralstelle Vergabe- und Vertragsmanagement;Dresden;665152.35;;45331000;80;https://ted.europa.eu/bg/notice/-/detail/481070-2026
481950-2026;2026-07-12T22:00:00.000Z;Deutschland – Installation von Heizungs-, Lüftungs- und Klimaanlagen – Heizung-, Lüftungs- und Sanitäranlagen (HLS);Sprinkenhof GmbH;Hamburg;1146493.53;;45331000 45332400;80;https://ted.europa.eu/bg/notice/-/detail/481950-2026
482341-2026;2026-07-12T22:00:00.000Z;Deutschland – Installation von Heizungs-, Lüftungs- und Klimaanlagen – Freiburg, Roßhaldeweg 1-9, Nachverdichtung/Neubebauung Lüftungsinstallation;Staatl. Hochbauamt Freiburg;Freiburg;154998.5;;45331000;80;https://ted.europa.eu/bg/notice/-/detail/482341-2026
482818-2026;2026-07-12T22:00:00.000Z;"Deutschland – Elektroinstallationsarbeiten – Sammelkläranlage Mittleres Glemstal - Sanierung der E-MSR-Technik; Elektroinstallationsarbeiten, BA I";Stadt Leonberg;Leonberg;4635189;;45311200;80;https://ted.europa.eu/bg/notice/-/detail/482818-2026
483090-2026;2026-07-12T22:00:00.000Z;Deutschland – Elektroinstallationsarbeiten – iHast;Stadtwerke Weimar GmbH;Weimar;265801.28;;45311200 45315100;80;https://ted.europa.eu/bg/notice/-/detail/483090-2026
483561-2026;2026-07-12T22:00:00.000Z;Deutschland – Straßenpflaster- und Asphaltarbeiten – Vorinformation 10627 E9 0001 - Hochschule für Bildende Künste (HBK) Braunschweig - Ersatzneubau Ateliergebäude;Land Niedersachsen vertreten durch das Staatliche Baumanagement Niedersachsen;Braunschweig;18000000;;45311200;80;https://ted.europa.eu/bg/notice/-/detail/483561-2026
480515-2026;2026-07-12T22:00:00.000Z;Deutschland – Installation von Lüftungsanlagen – Universitätsklinikum Tübingen, Anbau an die Frauenklinik AFK - RLT Anlagen;Vermögen und Bau Baden-Württemberg, Amt Tübingen;Tübingen;2229910.32;2026-08-25T07:00:00.000Z;45331210;75;https://ted.europa.eu/bg/notice/-/detail/480515-2026
481210-2026;2026-07-12T22:00:00.000Z;Deutschland – Fernmeldebedarf – Umstellung der Telekommunikationsanlage auf Voice over IP (VoIP);Freistaat Thüringen, vertreten durch den Thüringer Landtag;Erfurt;503000;2026-08-20T09:00:00.000Z;45314000;75;https://ted.europa.eu/bg/notice/-/detail/481210-2026
481602-2026;2026-07-12T22:00:00.000Z;Deutschland – Installation von Beleuchtungsanlagen im Freien – Sanierung Baulich-Technische Infrastruktur: ELT-FM -BEL;Max-Planck-Gesellschaft Abt.III;München;0.1;2026-08-12T09:00:00.000Z;45310000 45316100 45312100 45314000;75;https://ted.europa.eu/bg/notice/-/detail/481602-2026
480266-2026;2026-07-12T22:00:00.000Z;Deutschland – Baufertigstellung – Sanierung St. Vincenz Krankenhaus Diez - Elektroinstallationen;St. Vincenz Krankenhaus Diez;Diez;;2026-07-31T08:00:00.000Z;45310000;68;https://ted.europa.eu/bg/notice/-/detail/480266-2026
480623-2026;2026-07-12T22:00:00.000Z;Deutschland – Installateurarbeiten – 27.29 - Generalsanierung Albert-Schweitzer-Schule - Sanitärtechnik;Schulverband Albert-Schweitzer-Schule;Wiesloch;;;45330000 45332400;68;https://ted.europa.eu/bg/notice/-/detail/480623-2026
482850-2026;2026-07-12T22:00:00.000Z;Deutschland – Installation von Heizungs-, Lüftungs- und Klimaanlagen – Amt Stralendorf - Neubau Erweiterungsbau II gymnasiales Schulzentrum in 19073 Stralendorf - Los 30 Heizung / Sanitär;Amt Stralendorf - Der Amtsvorsteher;Stralendorf;;;45331000 45332400;68;https://ted.europa.eu/bg/notice/-/detail/482850-2026
483512-2026;2026-07-12T22:00:00.000Z;Deutschland – Elektroinstallationsarbeiten – Grunderneuerung ESTW Möhringen Bahnhof;Stuttgarter Straßenbahnen AG;Stuttgart;;;45311200;68;https://ted.europa.eu/bg/notice/-/detail/483512-2026
481134-2026;2026-07-12T22:00:00.000Z;Deutschland – Installation von Lüftungsanlagen – Gemeinde Gägelow: Erweiterung Regionale Schule mit Grundschule Proseken - Los 09 Lüftungsinstallation;Stadt Grevesmühlen;Grevesmühlen;;2026-08-11T07:15:00.000Z;45331210;63;https://ted.europa.eu/bg/notice/-/detail/481134-2026
481493-2026;2026-07-12T22:00:00.000Z;Deutschland – Elektroinstallationsarbeiten – Elefanten- und Primatenanlage;Zoo Hannover gGmbH;Hannover;;2026-07-14T09:00:00.000Z;45311200;63;https://ted.europa.eu/bg/notice/-/detail/481493-2026
481536-2026;2026-07-12T22:00:00.000Z;Deutschland – Bauleistungen im Hochbau – Digitalpakt Schulen NRW, 0200 Heinrich-Neumann-Schule Remscheid;Stadt Remscheid, Fachdienst Recht und Vergabe, Abteilung Zentrale Vergabestelle;Remscheid;;2026-08-12T07:00:00.000Z;45315500 45317300;63;https://ted.europa.eu/bg/notice/-/detail/481536-2026
481818-2026;2026-07-12T22:00:00.000Z;Deutschland – Installation von Fernmeldeanlagen – Medientechnik;Sprinkenhof GmbH;Hamburg;;2026-08-10T09:00:00.000Z;45314000 45314300;63;https://ted.europa.eu/bg/notice/-/detail/481818-2026
481926-2026;2026-07-12T22:00:00.000Z;Deutschland – Fassadenarbeiten – Fassadenarbeiten 70-00482-2180-308 - PR1209060-2180-B;Fraunhofer-Gesellschaft zur Förderung der angewandten Forschung e.V. - Einkauf B12 - Vergabestelle Bau;München;;2026-08-27T09:00:00.000Z;45315300;63;https://ted.europa.eu/bg/notice/-/detail/481926-2026
482368-2026;2026-07-12T22:00:00.000Z;"Deutschland – Installation von Lüftungs- und Klimaanlagen – Raumlufttechnische Anlagen und Kälteanlagen - GNUE Hochschule Anhalt, Standort Köthen - Forschungsbau ""Interdisziplinares Forschungszentrum für eine nachhaltige Lebensmittelproduktion"" (InFonaL) (OLB-2026-0308)";Amt für Immobilien- und Baumanagement MD (AIB Magdeburg), Zentraleinheit Vergabe;Magdeburg;;2026-08-11T07:00:00.000Z;45331200 45331231;63;https://ted.europa.eu/bg/notice/-/detail/482368-2026
482541-2026;2026-07-12T22:00:00.000Z;Deutschland – Elektrotechnikinstallation – Stadt Grevesmühlen - Schulcampus 2. BA - Neubau Grundschule;Stadt Grevesmühlen;Grevesmühlen;;2026-08-11T07:15:00.000Z;45315100;63;https://ted.europa.eu/bg/notice/-/detail/482541-2026
483011-2026;2026-07-12T22:00:00.000Z;Deutschland – Installation von Alarmanlagen und Antennen – Neubau Rettungswache Olvenstedt und Neubau Wohngruppe Olvenstedt, Birkenallee 41/43, 39130 Magdeburg - Los 4.10 - Schwachstromanlagen;Landeshauptstadt Magdeburg, Die Oberbürgermeisterin;Magdeburg;;2026-08-19T06:59:00.000Z;45312000 45314000;63;https://ted.europa.eu/bg/notice/-/detail/483011-2026
483573-2026;2026-07-12T22:00:00.000Z;Deutschland – Installation von Sanitäreinrichtungen – Umbau und Erweiterung der Grundschule Fleestedt - Sanitärinstallation;Landkreis Harburg - Zentrale Vergabestelle für die Gemeinde Seevetal;Winsen/Luhe;;2026-08-13T08:00:00.000Z;45332400;63;https://ted.europa.eu/bg/notice/-/detail/483573-2026
483614-2026;2026-07-12T22:00:00.000Z;Deutschland – Bauleistungen im Hochbau – Digitalpakt Schulen NRW, 0162 KGS Franziskus Remscheid;Stadt Remscheid, Fachdienst Recht und Vergabe, Abteilung Zentrale Vergabestelle;Remscheid;;2026-08-12T08:00:00.000Z;45315500 45317300;63;https://ted.europa.eu/bg/notice/-/detail/483614-2026
479649-2026;2026-07-12T22:00:00.000Z;Deutschland – Tiefbauarbeiten, außer Tunneln, Schächten und Unterführungen – Betriebshof Käfertal Kabeltrassenbau;Rhein-Neckar-Verkehr GmbH;Mannheim;299619.68;;45314300 45314310;60;https://ted.europa.eu/bg/notice/-/detail/479649-2026
481042-2026;2026-07-12T22:00:00.000Z;Deutschland – Installateurarbeiten – Wärmeversorgungsanlage;Sprinkenhof GmbH;Hamburg;121961.96;;45330000;60;https://ted.europa.eu/bg/notice/-/detail/481042-2026
482533-2026;2026-07-12T22:00:00.000Z;Deutschland – Bauarbeiten für Fernstraßen und Straßen – Tiefbau-, Elektro- und Seiltragwerksarbeiten;Landeshauptstadt München, Baureferat;München;5959599.91;;45316200 45316212 45316213;60;https://ted.europa.eu/bg/notice/-/detail/482533-2026
483238-2026;2026-07-12T22:00:00.000Z;Deutschland – Elektroinstallationsarbeiten – Hallenerweiterung Stadtbahnwerkstatt Döhren - vorgezogene Maßnahmen ELT.- u. FM.- De- und Installationen;ÜSTRA Hannoversche Verkehrsbetriebe Aktiengesellschaft;Hannover;113418.34;;45311200 45317000 45314000 45315100 45317300;60;https://ted.europa.eu/bg/notice/-/detail/483238-2026
479704-2026;2026-07-12T22:00:00.000Z;Deutschland – Transformatoren – Lieferung von 6/10 kV-Netzkompaktstationen im Versorgungsgebiet Berlin;Stromnetz Berlin GmbH;Berlin;1;2026-08-11T21:59:00.000Z;45315300 45315500 45315600 45315700;55;https://ted.europa.eu/bg/notice/-/detail/479704-2026
480329-2026;2026-07-12T22:00:00.000Z;Deutschland – Installation von Lüftungs- und Klimaanlagen – Neubau eines Multifunktionsgebäudes für Akademie für Sicherheit in Energie wende und Bevölkerungsschutz (mit Atemschutzübungsanlage), Inhauser Landstraße 20, 26388 Wilhelmshaven;Stadt Wilhelmshaven, FB 30 Rechtsamt, Zentrale Vergabestelle;Wilhelmshaven;0.01;2026-08-17T07:00:00.000Z;45331200;55;https://ted.europa.eu/bg/notice/-/detail/480329-2026
479781-2026;2026-07-12T22:00:00.000Z;"Deutschland – Rohbauarbeiten – S21,PFA 1.3a, Station NBS - VE 31;Los 1: Ausbau Hochbau TGA,Los 2: Aufzüge,Los 3: Entrauchungsanlage";DB Projekt Stuttgart-Ulm GmbH (Bukr 5S);Stuttgart;;;45313100 45331210;48;https://ted.europa.eu/bg/notice/-/detail/479781-2026
480725-2026;2026-07-12T22:00:00.000Z;Deutschland – Elektrotechnikinstallation – 16FEI23001 Erneuerung VST Duisburg, Erneuerung 50 Hz-Anlagen;Vergabekammer des Bundes beim Bundeskartellamt​;Bonn;;;45315100;48;https://ted.europa.eu/bg/notice/-/detail/480725-2026
481364-2026;2026-07-12T22:00:00.000Z;"Deutschland – Installation von Fernmeldeanlagen – S21, PA 1.7; Bahntechnik TK Anlagen";DB Projekt Stuttgart-Ulm GmbH (Bukr 5S);Stuttgart;;;45314000;48;https://ted.europa.eu/bg/notice/-/detail/481364-2026
482290-2026;2026-07-12T22:00:00.000Z;Deutschland – Elektrotechnikinstallation – Starkstrom/NT;Land Hessen, vertreten durch den Landesbetrieb Bau und Immobilien Hessen, Zentrale Vergabe;Bad Nauheim;;;45315100;48;https://ted.europa.eu/bg/notice/-/detail/482290-2026
483527-2026;2026-07-12T22:00:00.000Z;"Deutschland – Kabelinfrastruktur – ESTW Kassel, Kabeltiefbau; 3. Ausschreibung";DB Netz AG (Bukr 16);Frankfurt Main;;;45314300;48;https://ted.europa.eu/bg/notice/-/detail/483527-2026
482203-2026;2026-07-12T22:00:00.000Z;Deutschland – Installation von Aufzügen – Umbau und Erweiterung der Grundschule Fleestedt - Aufzugsanlagen;Landkreis Harburg - Zentrale Vergabestelle für die Gemeinde Seevetal;Winsen/Luhe;23586;;45313100;40;https://ted.europa.eu/bg/notice/-/detail/482203-2026
482649-2026;2026-07-12T22:00:00.000Z;Deutschland – Installation von Schaltanlagen – Gebäudeautomation, Mess-, Steuer- und Regelungstechnik;Landeshauptstadt München, Baureferat;München;128836.01;;45315700;40;https://ted.europa.eu/bg/notice/-/detail/482649-2026
483068-2026;2026-07-12T22:00:00.000Z;Deutschland – Installation von Brandmeldeanlagen – Schulkomplex Wenzenbach - Brandmeldeanlage BA 1;Gemeinde Wenzenbach;Wenzenbach;1;;45312100;40;https://ted.europa.eu/bg/notice/-/detail/483068-2026
483106-2026;2026-07-12T22:00:00.000Z;Deutschland – Blitzschutzarbeiten – Neubau einer Grundschule mit Einfeld-Sporthalle in Leubsdorf;Verbandsgemeindeverwaltung Linz am Rhein;Linz am Rhein;24967.87;;45312310;40;https://ted.europa.eu/bg/notice/-/detail/483106-2026
476949-2026;2026-07-09T22:00:00.000Z;Deutschland – Elektroinstallationsarbeiten – Neubau eines Multifunktionsgebäudes für Akademie für Sicherheit in Energiewende und Bevölkerungsschutz (WASEB), Inhauser Landstraße 20, 26388 Wilhelmshaven;Stadt Wilhelmshaven, FB 30 Rechtsamt, Zentrale Vergabestelle;Wilhelmshaven;571448.35;2026-08-20T07:00:00.000Z;45311200;95;https://ted.europa.eu/bg/notice/-/detail/476949-2026
477449-2026;2026-07-09T22:00:00.000Z;Deutschland – Installation von Elektroanlagen – Neubau Hort Oberlößnitz- Elektro;Große Kreisstadt Radebeul;Radebeul;460000;2026-08-13T07:45:00.000Z;45311000;95;https://ted.europa.eu/bg/notice/-/detail/477449-2026
476156-2026;2026-07-09T22:00:00.000Z;Deutschland – Bauarbeiten – Technische Gebäudeausrüstung Sanitär - Heizung - Kälte - Digitale Pathologie, Modulbau;Universitätsklinikum Aachen AöR;Aachen;;2026-08-11T09:00:00.000Z;45331000;83;https://ted.europa.eu/bg/notice/-/detail/476156-2026
476166-2026;2026-07-09T22:00:00.000Z;Deutschland – Installation von Heizungs-, Lüftungs- und Klimaanlagen – Raumlufttechnische Anlagen - Sanierung Zentralküche;Universitätsklinikum Düsseldorf;Düsseldorf;;2026-08-07T09:00:00.000Z;45331000 45331200 45331210;68;https://ted.europa.eu/bg/notice/-/detail/476166-2026
476216-2026;2026-07-09T22:00:00.000Z;Deutschland – Installateurarbeiten – LOS 64 - Demontage Heizung/Sanitär im Altbau, Sanierung und Erweiterung der Wilhelm-Tempel-Grundschule Niedercunnersdorf;Gemeinde Kottmar;Kottmar;;2026-08-19T08:15:00.000Z;45330000;83;https://ted.europa.eu/bg/notice/-/detail/476216-2026
476228-2026;2026-07-09T22:00:00.000Z;"Deutschland – Installation von Elektroanlagen – Neuerrichtung eines klimaneutralen Verwaltungsgebäudes; Elektrotechnik";Kreis Stormarn;Bad Oldesloe;;2026-08-10T07:00:00.000Z;45311000 45311200 45314000;83;https://ted.europa.eu/bg/notice/-/detail/476228-2026
476351-2026;2026-07-09T22:00:00.000Z;Deutschland – Installation von Heizungs-, Lüftungs- und Klimaanlagen – Neubau Sporthalle Zur Ahrensdorfer Heide 11 in Ludwigsfelde - Los 13 - Heizung, Lüftung, Sanitär;Stadt Ludwigsfelde;Ludwigsfelde;;2026-08-10T12:00:00.000Z;45331000 45332400;83;https://ted.europa.eu/bg/notice/-/detail/476351-2026
476370-2026;2026-07-09T22:00:00.000Z;"Deutschland – Installation von Elektroanlagen – 26E30020 - Bundespolizeiinspektion Bad Bentheim, Neubau; Netzersatzanlage";Bundesrepublik Deutschland vertreten durch das Staatliche Baumanagement Niedersachsen;Bad Iburg;;2026-08-10T07:00:00.000Z;45311000;83;https://ted.europa.eu/bg/notice/-/detail/476370-2026
476433-2026;2026-07-09T22:00:00.000Z;Deutschland – Reparatur und Wartung von Feuerlöschanlagen – Wartung und Inspektion von stationären Feuerlöschanlagen;medfacilities Betrieb GmbH;Köln;;2026-08-11T09:00:00.000Z;50710000;83;https://ted.europa.eu/bg/notice/-/detail/476433-2026
477081-2026;2026-07-09T22:00:00.000Z;Deutschland – Installateurarbeiten – Umbau der Notfallaufnahme am Standort Mühlhausen des Hufeland Klinikums;Hufeland Klinikum GmbH;Bad Langensalza;;2026-08-13T09:00:00.000Z;45330000;83;https://ted.europa.eu/bg/notice/-/detail/477081-2026
477311-2026;2026-07-09T22:00:00.000Z;Deutschland – Elektroinstallationsarbeiten – LOS 74 - Elektroinstallation Altbau, Sanierung und Erweiterung der Wilhelm-Tempel-Grundschule Niedercunnersdorf;Gemeinde Kottmar;Kottmar;;2026-08-19T08:00:00.000Z;45311200;83;https://ted.europa.eu/bg/notice/-/detail/477311-2026
477410-2026;2026-07-09T22:00:00.000Z;Deutschland – Bauleistungen im Hochbau – GS Pingsdorf - Anbau + Sanierung (Gebäudeautomation - MSR-Technik);Stadt Brühl - Der Bürgermeister;Brühl;;2026-08-11T09:00:00.000Z;45317000;83;https://ted.europa.eu/bg/notice/-/detail/477410-2026
477585-2026;2026-07-09T22:00:00.000Z;Deutschland – Installation von Elektroanlagen – VE 26 Energiezentrale Elektrotechnik;Energie und Wasser Potsdam GmbH;Potsdam;;2026-08-07T08:00:00.000Z;45311000 45317200 45317300;68;https://ted.europa.eu/bg/notice/-/detail/477585-2026
478023-2026;2026-07-09T22:00:00.000Z;Deutschland – Installation von Heizungs-, Lüftungs- und Klimaanlagen – Sanierung Ottilienbad in Suhl, VE 4200 Heizungsinstallation;CCS - Congress Centrum Suhl - Touristik und Congress GmbH;Suhl;;2026-08-10T12:00:00.000Z;45331000;83;https://ted.europa.eu/bg/notice/-/detail/478023-2026
478177-2026;2026-07-09T22:00:00.000Z;Deutschland – Elektroinstallationsarbeiten – Terminal 1, Aufenthaltskonzept der Zukunft – Elektroinstallation;Flughafen Köln/Bonn GmbH;Köln;;2026-08-12T09:00:00.000Z;45311200;83;https://ted.europa.eu/bg/notice/-/detail/478177-2026
478190-2026;2026-07-09T22:00:00.000Z;Deutschland – Heizungs- und sonstige Elektroinstallationen in Gebäuden – Neubau GS Lerbeck - Heizungstechnik;Stadt Porta Westfalica über Kreis Minden-Lübbecke;Minden;;2026-08-12T06:00:00.000Z;45315000 45331000 45331100;83;https://ted.europa.eu/bg/notice/-/detail/478190-2026
478203-2026;2026-07-09T22:00:00.000Z;Deutschland – Sonstige Elektroinstallationsarbeiten – Stadtwerke Barsinghausen: Neubau des Wasserwerks Eckerde - VE 6 Energiezentrale (LV20);Stadtwerke Barsinghausen GmbH;Barsinghausen;;2026-08-17T08:00:00.000Z;45317000 45311000 45315600;83;https://ted.europa.eu/bg/notice/-/detail/478203-2026
478241-2026;2026-07-09T22:00:00.000Z;Deutschland – Installation von elektrischen Leitungen – Umbau der Notfallaufnahme am Standort Mühlhausen des Hufeland Klinikums;Hufeland Klinikum GmbH;Bad Langensalza;;2026-08-13T09:30:00.000Z;45310000;83;https://ted.europa.eu/bg/notice/-/detail/478241-2026
478318-2026;2026-07-09T22:00:00.000Z;"Deutschland – Installation von elektrischen Leitungen – Zentrales Gebäudemanagement Schwerin, Eigenbetrieb der Landeshauptstadt Schwerin - Neubau Hort ""Future Kids"" Mueßer Berg, Eulerstraße 3, 19063 Schwerin - Los 19 Elektrische Anlagen";Zentrales Gebäudemanagement Schwerin, Eigenbetrieb der Landeshauptstadt Schwerin;Schwerin;;2026-08-11T07:00:00.000Z;45310000;83;https://ted.europa.eu/bg/notice/-/detail/478318-2026
478500-2026;2026-07-09T22:00:00.000Z;Deutschland – Bauarbeiten – 2026-0421 Erneuerung Sperrtor am Marientor - Beton-, Stahlbeton und Stahlwasserbauarbeiten sowie EMSR-Technik;Wirtschaftsbetriebe Duisburg - AöR, im Namen und für Rechnung der Stadt Duisburg;Duisburg;;2026-08-11T08:00:00.000Z;45311200 45315100;83;https://ted.europa.eu/bg/notice/-/detail/478500-2026
478663-2026;2026-07-09T22:00:00.000Z;Deutschland – Bauarbeiten – G 401 Elektroinstallation;Landkreis Wunsiedel i. Fichtelgebirge;Wunsiedel i. Fichtelgebirge;;2026-08-07T09:00:00.000Z;45311200;68;https://ted.europa.eu/bg/notice/-/detail/478663-2026
479065-2026;2026-07-09T22:00:00.000Z;Deutschland – Installateurarbeiten – Umbau der Notfallaufnahme am Standort Mühlhausen des Hufeland Klinikums;Hufeland Klinikum GmbH;Bad Langensalza;;2026-08-13T08:30:00.000Z;45330000;83;https://ted.europa.eu/bg/notice/-/detail/479065-2026
479306-2026;2026-07-09T22:00:00.000Z;Deutschland – Installateurarbeiten und Verlegung von Abwasserleitungen – Sanitärinstallationen Julius-Leber-Schule, Seilerstr. 32, Frankfurt a.M. - Vorabmaßnahmen;Stadt Frankfurt am Main - Amt für Bau und Immobilien;Frankfurt am Main;;2026-08-13T07:00:00.000Z;45332000 45330000 45332400;83;https://ted.europa.eu/bg/notice/-/detail/479306-2026
476020-2026;2026-07-09T22:00:00.000Z;Deutschland – Bauinstallationsarbeiten – GU-Rahmenvertrag 2026 Los 3 - TGA_Schlüsselfertiges Bauen;Land Berlin – Sondervermögen Immobilien des Landes Berlin (SILB) vertreten durch die BIM Berliner Immobilienmanagement GmbH;Berlin;20500000;2026-07-30T07:30:00.000Z;45331000 45310000;80;https://ted.europa.eu/bg/notice/-/detail/476020-2026
476480-2026;2026-07-09T22:00:00.000Z;Deutschland – Installation von elektrischen Leitungen – Sächs. Kompetenzzentrum Mitteldeutschland,LVG Köllitsch, Milchkuhhaltung;Staatsbetrieb Sächsisches Immobilien- und Baumanagement, Zentrale, Zentralstelle Vergabe- und Vertragsmanagement;Dresden;450068.64;;45310000 45311200 45312100 45314000;80;https://ted.europa.eu/bg/notice/-/detail/476480-2026
476806-2026;2026-07-09T22:00:00.000Z;Deutschland – Sanitäre Anlagen – Müssenredder 59 - Sanitär;SBH | Schulbau Hamburg;Hamburg;165165;;45332000;80;https://ted.europa.eu/bg/notice/-/detail/476806-2026
478016-2026;2026-07-09T22:00:00.000Z;Deutschland – Heizungs- und sonstige Elektroinstallationen in Gebäuden – Heizung;Landkreis Traunstein;Traunstein;430341.67;;45315000;80;https://ted.europa.eu/bg/notice/-/detail/478016-2026
478474-2026;2026-07-09T22:00:00.000Z;Deutschland – Bauinstallationsarbeiten – Sanierung Rathaus mit Kulturzentraum: Gebäudeautomation;Stadt Bocholt;Bocholt;1959961.77;;45310000;80;https://ted.europa.eu/bg/notice/-/detail/478474-2026
479105-2026;2026-07-09T22:00:00.000Z;Deutschland – Bauleistungen im Hochbau – Neubau OGTS und Schulmensa – hier: Elektroinstallationsarbeiten;Gemeinde Memmelsdorf;Memmelsdorf;407598;;45311200;80;https://ted.europa.eu/bg/notice/-/detail/479105-2026
479613-2026;2026-07-09T22:00:00.000Z;Deutschland – Elektroinstallationsarbeiten – Sanierung und Erweiterung Feuer- und Rettungswache 1 - BA 2+3, E.-Schlesinger-Str. 24, 18059 Rostock - Los 45 Schwachstromanlagen;Eigenbetrieb Kommunale Objektbewirtschaftung und -entwicklung der Hanse- und Universitätsstadt Rostock;Rostock;613718.9;;45311200;80;https://ted.europa.eu/bg/notice/-/detail/479613-2026
477682-2026;2026-07-09T22:00:00.000Z;"Deutschland – Installation von Heizungs-, Lüftungs- und Klimaanlagen – Neubau Kriminalpolizeidirektion und Polizeirevier Calw Heizung-, Kälteanlage; DIN 18380";Vermögen und Bau Baden-Württemberg, Amt Pforzheim;Pforzheim;1650000;2026-07-21T21:59:00.000Z;45331000 45331231;75;https://ted.europa.eu/bg/notice/-/detail/477682-2026
478551-2026;2026-07-09T22:00:00.000Z;Deutschland – Installation von Elektroanlagen – eJustice AG Rüsselsheim Datenverkabelung;Land Hessen, vertreten durch den Landesbetrieb Bau und Immobilien Hessen, Zentrale Vergabe;Bad Nauheim;;;45311000 45314320;68;https://ted.europa.eu/bg/notice/-/detail/478551-2026
478784-2026;2026-07-09T22:00:00.000Z;Deutschland – Installation von Heizungs-, Lüftungs- und Klimaanlagen – Gewerk 7 HLKS auf der Kläranlage Emschermündung;Emschergenossenschaft;Essen;;;45331000 45332400;68;https://ted.europa.eu/bg/notice/-/detail/478784-2026
476077-2026;2026-07-09T22:00:00.000Z;Deutschland – Installation von Verkehrsleiteinrichtungen – Kreuzungsfreier Ausbau Frankenschnellweg, Abschnitt West: bauzeitliche Verkehrssicherung im Zuge von Baumaßnahmen;Stadt Nürnberg - Servicebetrieb Öffentlicher Raum;Nürnberg;;2026-09-17T07:00:00.000Z;45316213;63;https://ted.europa.eu/bg/notice/-/detail/476077-2026
476358-2026;2026-07-09T22:00:00.000Z;Deutschland – Blitzschutzarbeiten – SLUB Interim Haus F;Staatsbetrieb Sächsisches Immobilien- und Baumanagement, Zentrale, Zentralstelle Vergabe- und Vertragsmanagement;Dresden;;2026-08-11T07:00:00.000Z;45312310;63;https://ted.europa.eu/bg/notice/-/detail/476358-2026
476459-2026;2026-07-09T22:00:00.000Z;"Deutschland – Stromversorgungsanlagen – Hauptwache, Neubau einer Mehrzweckhalle; Photovoltaikanlage";Landeshauptstadt Kiel - Der Oberbürgermeister;Kiel;;2026-08-25T06:55:00.000Z;45315300;63;https://ted.europa.eu/bg/notice/-/detail/476459-2026
476469-2026;2026-07-09T22:00:00.000Z;Deutschland – Installation von Lüftungsanlagen – Sanierung Ottilienbad in Suhl, VE4300 Lüftungsinstallation;CCS - Congress Centrum Suhl - Touristik und Congress GmbH;Suhl;;2026-08-10T12:00:00.000Z;45331210;63;https://ted.europa.eu/bg/notice/-/detail/476469-2026
476817-2026;2026-07-09T22:00:00.000Z;Deutschland – Installation von Kühlanlagen – Lüftung Kälte;Staatliches Bau- und Liegenschaftsamt Neubrandenburg;Neubrandenburg;;2026-08-13T21:59:00.000Z;45331230;63;https://ted.europa.eu/bg/notice/-/detail/476817-2026
476969-2026;2026-07-09T22:00:00.000Z;Deutschland – Installation von Elektroanlagen – Bühnenbeleuchtung;Sprinkenhof GmbH;Hamburg;;2026-07-27T09:00:00.000Z;45311000 45314300;63;https://ted.europa.eu/bg/notice/-/detail/476969-2026
478040-2026;2026-07-09T22:00:00.000Z;Deutschland – Installation von Elektroanlagen – Elektroanlagen;Sprinkenhof GmbH;Hamburg;;2026-07-24T10:00:00.000Z;45311000;63;https://ted.europa.eu/bg/notice/-/detail/478040-2026
478281-2026;2026-07-09T22:00:00.000Z;Deutschland – Installation von Sanitäreinrichtungen – Umbau der Notfallaufnahme am Standort Mühlhausen des Hufeland Klinikums;Hufeland Klinikum GmbH;Bad Langensalza;;2026-08-13T08:00:00.000Z;45332400;63;https://ted.europa.eu/bg/notice/-/detail/478281-2026
475984-2026;2026-07-09T22:00:00.000Z;Deutschland – Installateurarbeiten – V2150 TGA Mechanik und MSR, GP;Stadtbahn Entwicklung und Verkehrsinfrastrukturprojekte Frankfurt GmbH;Frankfurt am Main;1;;45330000 45311200 45315000 45332000 45314320 45315100 45315700 45331210 45331220 45332400;60;https://ted.europa.eu/bg/notice/-/detail/475984-2026
476384-2026;2026-07-09T22:00:00.000Z;Deutschland – Sonstige Elektroinstallationsarbeiten – Regelungsarbeiten - Neubau Quinoa Schule;Stadt Herne;Herne;69638.01;;45317000;60;https://ted.europa.eu/bg/notice/-/detail/476384-2026
476570-2026;2026-07-09T22:00:00.000Z;Deutschland – Installation von elektrischen Leitungen – Neubau der Ida-Ehre-Schule in D-23843 Bad Oldesloe, Elektrische Anlagen;Stadt Bad Oldesloe;Bad Oldesloe;0;;45310000;60;https://ted.europa.eu/bg/notice/-/detail/476570-2026
476666-2026;2026-07-09T22:00:00.000Z;Deutschland – Bau von Kläranlagen – Hochbauarbeiten - Stahlbeton-, Mauwerks-, Fassadenarbeiten, 3 Lose;Abwasserentsorgung Südheide GmbH & Co. KG;Celle;1752746.48;;45332400;60;https://ted.europa.eu/bg/notice/-/detail/476666-2026
477273-2026;2026-07-09T22:00:00.000Z;Deutschland – Installation von elektrischen Leitungen – DLR Standort Neustrelitz - Neubau Netzersatzanlage 1000 kVA;Deutsches Zentrum für Luft- und Raumfahrt e.V.;Braunschweig;0;2026-08-03T07:15:00.000Z;45310000;60;https://ted.europa.eu/bg/notice/-/detail/477273-2026
477483-2026;2026-07-09T22:00:00.000Z;Deutschland – Installation von Heizungs-, Lüftungs- und Klimaanlagen – Heizungsinstallation BA 1;Gemeinde Wenzenbach;Wenzenbach;1;;45331000;60;https://ted.europa.eu/bg/notice/-/detail/477483-2026
477672-2026;2026-07-09T22:00:00.000Z;Deutschland – Verlegen von Abwasserleitungen – Sanierung Schulgebäude, Maxim-Gorki-Str. 67, 18106 Rostock - Los 501 Freianlagen;Eigenbetrieb Kommunale Objektbewirtschaftung und -entwicklung der Hanse- und Universitätsstadt Rostock;Rostock;1250094.7;;45332300;60;https://ted.europa.eu/bg/notice/-/detail/477672-2026
478128-2026;2026-07-09T22:00:00.000Z;Deutschland – Installation von Aufzügen – Aufzüge;Chiemgau Invest;Traunstein;327685;;45313100 45313000;60;https://ted.europa.eu/bg/notice/-/detail/478128-2026
478518-2026;2026-07-09T22:00:00.000Z;Deutschland – Elektroinstallationsarbeiten – Elektroinstallationen BA 1;Gemeinde Wenzenbach;Wenzenbach;1;;45311200;60;https://ted.europa.eu/bg/notice/-/detail/478518-2026
479256-2026;2026-07-09T22:00:00.000Z;Deutschland – Dienstleistungen im technischen Bereich – Abschluss eines Kooperations- und Leistungsvertrages;Kommunale Entsorgungsanstalt Nord-Niedersachsen gkAöR;Osterholz-Scharmbeck;0;;50710000;60;https://ted.europa.eu/bg/notice/-/detail/479256-2026
479451-2026;2026-07-09T22:00:00.000Z;Deutschland – Installation von Lüftungs- und Klimaanlagen – Neubau Familientagesklinik Hof Menke - Lüftung;Tagesklinik Walstedde GmbH;Drensteinfurt;86915.96;;45331000 45330000 45331200 45331210;60;https://ted.europa.eu/bg/notice/-/detail/479451-2026
478332-2026;2026-07-09T22:00:00.000Z;Deutschland – Installation von Fernmeldeanlagen – Gebäudeautomation;Land Berlin vertr. durch BA Mitte v. Berlin;Berlin;152134.92;2026-07-22T08:00:00.000Z;45314000;55;https://ted.europa.eu/bg/notice/-/detail/478332-2026
477085-2026;2026-07-09T22:00:00.000Z;Deutschland – Installation von Aufzügen – Landkreis Ludwigslust-Parchim - Neubau Feuerwehr-Service-Zentrum in Neustadt-Glewe - Los 405 - Fördertechnik (Bauteil 2 + 3);Landkreis Ludwigslust-Parchim - Der Landrat;Parchim;;;45313100;48;https://ted.europa.eu/bg/notice/-/detail/477085-2026
477569-2026;2026-07-09T22:00:00.000Z;Deutschland – Installation von Sanitäreinrichtungen – ETZ West SANITÄR;Land Hessen, vertreten durch den Landesbetrieb Bau und Immobilien Hessen, Zentrale Vergabe;Bad Nauheim;;;45332400;48;https://ted.europa.eu/bg/notice/-/detail/477569-2026
479109-2026;2026-07-09T22:00:00.000Z;Deutschland – Installation von Aufzügen – Neubau Panoramabad Wartberg - Aufzugsanlagen;Stadt Pforzheim - Zentrale Vergabestelle;Pforzheim;;;45313100;48;https://ted.europa.eu/bg/notice/-/detail/479109-2026
477458-2026;2026-07-09T22:00:00.000Z;Deutschland – Baustelleneinrichtung – 474 - Caritas Krankenhaus St. Josef Regensburg - BA1, Gewerk 1011-01 Baumeister;Caritas Krankenhaus St. Josef Regensburg;Regensburg;;2026-07-23T08:00:00.000Z;45332300;43;https://ted.europa.eu/bg/notice/-/detail/477458-2026
478416-2026;2026-07-09T22:00:00.000Z;Deutschland – Elektrotechnikinstallation – Los 3: Erneuerung Heizwerke Würzburg - Lieferung EMSR-Technik;Stadtwerke Würzburg AG;Würzburg;;2026-07-21T08:00:00.000Z;45315100;43;https://ted.europa.eu/bg/notice/-/detail/478416-2026
479267-2026;2026-07-09T22:00:00.000Z;Deutschland – Bau von Theatern – Fördertechnik: Kulissenpodium;Nationaltheater Mannheim;Mannheim;;2026-07-20T10:30:00.000Z;45315100;43;https://ted.europa.eu/bg/notice/-/detail/479267-2026
476197-2026;2026-07-09T22:00:00.000Z;Deutschland – Installation von Sanitäreinrichtungen – Sanitärinstallation BA 1;Gemeinde Wenzenbach;Wenzenbach;1;;45332400;40;https://ted.europa.eu/bg/notice/-/detail/476197-2026
476549-2026;2026-07-09T22:00:00.000Z;Deutschland – Installation von kältetechnischen Anlagen – 0057 - Klinikum Memmingen, Neubau Klinikum - Kühlzellen und Kältetechnik;Klinikum Memmingen AöR;Memmingen;0;;45331231;40;https://ted.europa.eu/bg/notice/-/detail/476549-2026
476927-2026;2026-07-09T22:00:00.000Z;Deutschland – Baustelleneinrichtung – Umbau und Erweiterung der Albert-Schweitzer-Schule in Oelde - Baustelleneinrichtung;Stadt Oelde;Oelde;85000;;45315300;40;https://ted.europa.eu/bg/notice/-/detail/476927-2026
477169-2026;2026-07-09T22:00:00.000Z;Deutschland – Bauarbeiten – 00 PH 2023-01/D.04 Blitzschutzarbeiten;ZfP Calw - Klinikum Nordschwarzwald, Abt. Bau & Technik;Calw-Hirsau;39739.4;;45312310 45312311;40;https://ted.europa.eu/bg/notice/-/detail/477169-2026
477623-2026;2026-07-09T22:00:00.000Z;Deutschland – Installation von Sanitäreinrichtungen – Rahmenvertrag (Zeitvertrag 2026-2028) Sanitäranlagen;Kreisausschuss des Lahn-Dill-Kreises 12.4 Zentrale Vergabe- und Submissionsstelle;Wetzlar;-1;;45332400 45333000 45332200 45332300;40;https://ted.europa.eu/bg/notice/-/detail/477623-2026
478220-2026;2026-07-09T22:00:00.000Z;Deutschland – Elektroinstallationsarbeiten für Transformatoren – DLR Standort Neustrelitz - Neubau begehbare Trafostation;Deutsches Zentrum für Luft- und Raumfahrt e.V.;Braunschweig;0;2026-08-03T07:30:00.000Z;45317200;40;https://ted.europa.eu/bg/notice/-/detail/478220-2026
478613-2026;2026-07-09T22:00:00.000Z;Deutschland – Installation von Lüftungsanlagen – Lüftungsinstallation BA 1;Gemeinde Wenzenbach;Wenzenbach;1;;45331210;40;https://ted.europa.eu/bg/notice/-/detail/478613-2026
479174-2026;2026-07-09T22:00:00.000Z;Deutschland – Installation von Schaltanlagen – Gebäudeautomation BA 1;Gemeinde Wenzenbach;Wenzenbach;1;;45315700;40;https://ted.europa.eu/bg/notice/-/detail/479174-2026
473915-2026;2026-07-08T22:00:00.000Z;Deutschland – Elektroinstallationsarbeiten – Vergabe von Elektroinstallationsarbeiten für den Neubau und die Sanierung von Sporthallen (Hockey und Tennis);HTC Uhlenhorst Mülheim e.V.;Mülheim an der Ruhr;200000;2026-08-07T10:00:00.000Z;45311200;80;https://ted.europa.eu/bg/notice/-/detail/473915-2026
474357-2026;2026-07-08T22:00:00.000Z;Deutschland – Elektroinstallationsarbeiten – Errichtung vom PV-Anlagen mit Batteriespeichern;Thüringer Landestheater Rudolstadt - Thüringer Symphoniker Saalfeld-Rudolstadt GmbH;Rudolstadt;185000;2026-08-19T08:00:00.000Z;45311200;95;https://ted.europa.eu/bg/notice/-/detail/474357-2026
473637-2026;2026-07-08T22:00:00.000Z;Deutschland – Bauarbeiten – Umweltbundesamt - Herrichtung 2. Dienstsitz - Fernmelde- und Informationstechnische Anlagen - Vergabe 516/2026;Bundesamt für Bauwesen und Raumordnung, in Vertretung der Bundesanstalt für Immobilienaufgaben;Berlin;;2026-08-11T08:30:00.000Z;45311200 45314000 45312000;83;https://ted.europa.eu/bg/notice/-/detail/473637-2026
474152-2026;2026-07-08T22:00:00.000Z;Deutschland – Installation von Elektroanlagen – BLH, MidSommerland, Beschallungsanlage;Bäderland Hamburg GmbH;Hamburg;;2026-08-11T09:00:00.000Z;45311000 45314320 45313000;83;https://ted.europa.eu/bg/notice/-/detail/474152-2026
474245-2026;2026-07-08T22:00:00.000Z;Deutschland – Installation von Heizungs-, Lüftungs- und Klimaanlagen – RS+ Clemens-Brentano_Lüftungsarbeiten;Stadt Koblenz;Koblenz;;2026-08-11T06:30:00.000Z;45331000 45331210;83;https://ted.europa.eu/bg/notice/-/detail/474245-2026
474277-2026;2026-07-08T22:00:00.000Z;Deutschland – Installation von Elektroanlagen – Gebäudeautomation KG 480 Leibniz-Gymnasium Remscheid;Stadt Remscheid, Fachdienst Recht und Vergabe, Abteilung Zentrale Vergabestelle;Remscheid;;2026-08-18T07:00:00.000Z;45311000 45315700;83;https://ted.europa.eu/bg/notice/-/detail/474277-2026
474568-2026;2026-07-08T22:00:00.000Z;Deutschland – Elektroinstallationsarbeiten – Gebäude- und Anlagenautomation;Bezirksamt Pankow von Berlin;Berlin;;2026-08-10T09:00:00.000Z;45311200;83;https://ted.europa.eu/bg/notice/-/detail/474568-2026
475728-2026;2026-07-08T22:00:00.000Z;Deutschland – Bauarbeiten – Aufzugsanlagen, Fahrtreppen und Fahrsteige sowie Förderanlagen - Glückaufschule Ückendorf (GGS), Stephanstraße 14, 45886 Gelsenkirchen;Stadt Gelsenkirchen;Gelsenkirchen;;2026-08-25T08:00:00.000Z;45310000 45313000;83;https://ted.europa.eu/bg/notice/-/detail/475728-2026
475861-2026;2026-07-08T22:00:00.000Z;Deutschland – Bauarbeiten – 26E0274 Gästehaus der Landesregierung, Bastei Renovierung Modernisierung Optimierung Sicherheitstechnische Anlagen;Landes Rheinland-Pfalz vertreten durch das Ministerium der Finanzen vertreten durch den Landesbetrieb Liegenschafts- und Baubetreuung Niederlassung Mainz;Mainz;;2026-08-10T08:00:00.000Z;45310000;83;https://ted.europa.eu/bg/notice/-/detail/475861-2026
472405-2026;2026-07-08T22:00:00.000Z;Deutschland – Heizungs- und sonstige Elektroinstallationen in Gebäuden – Heizung, Sanitär - Sachsen-Anhalt-Kaserne Weißenfels, GNUE Neubau Instandsetzungshalle HIL (SBB-2026-0159);Amt für Immobilien- und Baumanagement Halle (AIB Halle);Halle (Saale);493377.85;;45315000 45332400;80;https://ted.europa.eu/bg/notice/-/detail/472405-2026
472671-2026;2026-07-08T22:00:00.000Z;Deutschland – Elektroinstallationsarbeiten – Los 422 Gebäudeautomation - GNUE Sicherheitstechnische Maßnahmen Landtag, Landtag von Sachsen-Anhalt, Magdeburg (NML 682-23);Landesbetrieb Bau- und Liegenschaftsmanagement Sachsen-Anhalt (BLSA);Magdeburg;920955.93;;45311200;80;https://ted.europa.eu/bg/notice/-/detail/472671-2026
473359-2026;2026-07-08T22:00:00.000Z;Deutschland – Elektroinstallationsarbeiten – Messe Erfurt GmbH - Sanierung Dächer der Messehallen 2 und 3 - Los 03 - Elektro;Messe Erfurt GmbH;Erfurt;312121;;45311200;80;https://ted.europa.eu/bg/notice/-/detail/473359-2026
473415-2026;2026-07-08T22:00:00.000Z;Deutschland – Elektroinstallationsarbeiten – Generalsanierung Kreiskrankenhaus Heppenheim - Elektroinstallation Bauteil G;Kreiskrankenhaus Bergstraße GmbH eine Einrichtung des Universitätsklinikums Heidelberg;Heppenheim;3676242.15;;45311200;80;https://ted.europa.eu/bg/notice/-/detail/473415-2026
473439-2026;2026-07-08T22:00:00.000Z;Deutschland – Installation von Heizungs-, Lüftungs- und Klimaanlagen – Berufliche Schulen Kehl, Sanierung Gebäude G, Heizungsanlagen nach DIN 18 380;Landratsamt Ortenaukreis;Offenburg;248181.35;;45331000;80;https://ted.europa.eu/bg/notice/-/detail/473439-2026
473651-2026;2026-07-08T22:00:00.000Z;Deutschland – Installation von elektrischen Leitungen – ELEKTRISCHE ANLAGEN SOWIE KOMMUNIKATIONS-, SICHERHEITS- UND INFORMATIONSTECHNISCHE ANLAGEN;Stadtverwaltung Schifferstadt;Schifferstadt;806780.26;;45310000;80;https://ted.europa.eu/bg/notice/-/detail/473651-2026
474165-2026;2026-07-08T22:00:00.000Z;Deutschland – Elektroinstallationsarbeiten – aktive Netzwerktechnik E-Mobilität - Polizeiinspektion Magdeburg (einschl. PI zentrale Dienste) (NML 241-25);Landesbetrieb Bau- und Liegenschaftsmanagement Sachsen-Anhalt (BLSA);Magdeburg;226450.01;;45311200;80;https://ted.europa.eu/bg/notice/-/detail/474165-2026
474334-2026;2026-07-08T22:00:00.000Z;Deutschland – Installation von elektrischen Kabeln – TUD MOL 3. TBM Mollier-Bau Sanierung;Staatsbetrieb Sächsisches Immobilien- und Baumanagement, Zentrale, Zentralstelle Vergabe- und Vertragsmanagement;Dresden;188923.79;;45311100 45311200;80;https://ted.europa.eu/bg/notice/-/detail/474334-2026
474850-2026;2026-07-08T22:00:00.000Z;Deutschland – Bauarbeiten für Kraftwerke – Errichtung einer Solarthermieanlage;Stadtwerke Mühlhausen GmbH;Mühlhausen;350000;;45331000 45315100;80;https://ted.europa.eu/bg/notice/-/detail/474850-2026
474869-2026;2026-07-08T22:00:00.000Z;Deutschland – Elektroinstallationsarbeiten – Brandschutzsanierung Berufskolleg Ost in Essen – hier: Elektroinstallationen;Stadt Essen, vertreten durch die GVE Grundstücksverwaltung Stadt Essen GmbH;Essen;1774656.45;;45311200;80;https://ted.europa.eu/bg/notice/-/detail/474869-2026
475311-2026;2026-07-08T22:00:00.000Z;Deutschland – Installation von Elektroanlagen – Campus IBA-Terrassen - 2. BA/Teil 2 - Neubau Energiewerkstatt - Los 20: Elektroinstallation;Stadt Großräschen;Großräschen;624569.56;;45311000 45311100 45311200 45317000 45317300;80;https://ted.europa.eu/bg/notice/-/detail/475311-2026
474970-2026;2026-07-08T22:00:00.000Z;Deutschland – Fernmeldebedarf – Umstellung der Telekommunikationsanlage auf Voice over IP (VoIP);Freistaat Thüringen, vertreten durch den Thüringer Landtag;Erfurt;503000;2026-08-20T09:00:00.000Z;45314000;75;https://ted.europa.eu/bg/notice/-/detail/474970-2026
472788-2026;2026-07-08T22:00:00.000Z;Deutschland – Installation von elektrischen Leitungen – Neubau EÜ/SÜ BF Lübbenau (Los 3+4) - BVM Anpassung Oberleitungsanlage;DB Netz AG (Bukr 16);Frankfurt Main;;;45310000;68;https://ted.europa.eu/bg/notice/-/detail/472788-2026
474938-2026;2026-07-08T22:00:00.000Z;Deutschland – Elektroinstallationsarbeiten – SPGK Elektrische Energieanlagen Tunnel Rastatt;DB Netz AG (Bukr 16);Frankfurt Main;;;45311200 45314310;68;https://ted.europa.eu/bg/notice/-/detail/474938-2026
475191-2026;2026-07-08T22:00:00.000Z;Deutschland – Sanierungsarbeiten – Äußere Bayreuther Straße 8, BBZ - Bauteil D, Generalsanierung der Sporthallen;Stadt Nürnberg Hochbauamt;Nürnberg;;;45310000 45330000 45331000;68;https://ted.europa.eu/bg/notice/-/detail/475191-2026
475319-2026;2026-07-08T22:00:00.000Z;Deutschland – Bauarbeiten für Eisenbahnlinien – Civil Works Leistungen für das DSTW/ETCS Ausrüstungsportfolio;DB Netz AG (Bukr 16);Frankfurt Main;;;45317000;68;https://ted.europa.eu/bg/notice/-/detail/475319-2026
472144-2026;2026-07-08T22:00:00.000Z;Deutschland – Installation von Elektroanlagen – UBA - Umbau Bismarckplatz - Elektrische Anlagen nach DIN 18 382 - Vergabe-Nr. 232/2026;Bundesamt für Bauwesen und Raumordnung, in Vertretung der Bundesanstalt für Immobilienaufgaben;Berlin;;2026-07-14T09:30:00.000Z;45311000 45311200 45315000;63;https://ted.europa.eu/bg/notice/-/detail/472144-2026
472523-2026;2026-07-08T22:00:00.000Z;Deutschland – Installation von Fernmeldeanlagen – AES-SH -Fernmeldetechnik;Kreisausschuss Main-Taunus-Kreis, Hochbau- und Liegenschaftsamt;Hofheim am Taunus;;2026-08-11T08:30:00.000Z;45314000 45312100 45312200 45314320;63;https://ted.europa.eu/bg/notice/-/detail/472523-2026
472551-2026;2026-07-08T22:00:00.000Z;"Deutschland – Installation von Lüftungs- und Klimaanlagen – 2888 Carl-Kellner-Schule Braunfels; Sanierung Trakt B; Lüftungsinstallationsarbeiten";Kreisausschuss des Lahn-Dill-Kreises, 12.4 Zentrale Vergabe- und Submissionsstelle;Wetzlar;;2026-08-12T07:30:00.000Z;45331200;63;https://ted.europa.eu/bg/notice/-/detail/472551-2026
473254-2026;2026-07-08T22:00:00.000Z;Deutschland – Installation von Schaltanlagen – 0039 - Rottal-Inn Kliniken KU Eggenfelden - Neubau OP-/Intensivabteilung - NSHV Anlagen;Rottal-Inn Kliniken KU;Eggenfelden;;2026-08-19T08:00:00.000Z;45315700;63;https://ted.europa.eu/bg/notice/-/detail/473254-2026
473303-2026;2026-07-08T22:00:00.000Z;Deutschland – Installation von Zentralheizungen – Neubau Förderschule Radebeul, Los 46 Bauwärme;Landkreis Meißen, Landratsamt, Rechts- und Kommunalamt, Vergabestelle;Meißen;;2026-08-10T11:00:00.000Z;45331100;63;https://ted.europa.eu/bg/notice/-/detail/473303-2026
474061-2026;2026-07-08T22:00:00.000Z;Deutschland – Blitzschutzarbeiten – Germanisches Nationalmuseum - Sanierung Süd- und Südwestbau Nürnberg - VE406 Blitzschutzanlage;Germanisches Nationalmuseum;Nürnberg;;2026-08-10T08:00:00.000Z;45312310;63;https://ted.europa.eu/bg/notice/-/detail/474061-2026
474269-2026;2026-07-08T22:00:00.000Z;Deutschland – Wasserinstallationsarbeiten – Sanitärtechnische Installationen;Landeshauptstadt Hannover - Fachbereich Gebäudemanagement;Hannover;;2026-08-17T08:30:00.000Z;45332200 45332300 45332400;63;https://ted.europa.eu/bg/notice/-/detail/474269-2026
474871-2026;2026-07-08T22:00:00.000Z;Deutschland – Blitzschutzarbeiten – Blitzschutz und Erdungsanlagen;Staatliches Bauamt Bamberg;Bamberg;;2026-08-13T06:30:00.000Z;45312310;63;https://ted.europa.eu/bg/notice/-/detail/474871-2026
474993-2026;2026-07-08T22:00:00.000Z;Deutschland – Installation von Aufzügen – Aufzug;Landratsamt Eichstätt;Eichstätt;;2026-08-10T09:00:00.000Z;45313100 45313000;63;https://ted.europa.eu/bg/notice/-/detail/474993-2026
472496-2026;2026-07-08T22:00:00.000Z;Deutschland – Installation von Gasanlagen – Gaslöschanlage;Land Hessen, vertreten durch den Landesbetrieb Bau und Immobilien Hessen, Zentrale Vergabe;Bad Nauheim;342743.44;;45333000;60;https://ted.europa.eu/bg/notice/-/detail/472496-2026
472988-2026;2026-07-08T22:00:00.000Z;Deutschland – Bauarbeiten – Gem. Wennigsen - Neubau Mensa - PV-Anlage;Gemeinde Wennigsen (Deister);Wennigsen (Deister);49101.3;;45311000;60;https://ted.europa.eu/bg/notice/-/detail/472988-2026
473081-2026;2026-07-08T22:00:00.000Z;Deutschland – Installation von Zentralheizungen – Heizungsarbeiten;Stadtverwaltung Schifferstadt;Schifferstadt;533552.65;;45331100;60;https://ted.europa.eu/bg/notice/-/detail/473081-2026
473863-2026;2026-07-08T22:00:00.000Z;Deutschland – Elektroinstallationsarbeiten für Transformatoren – HAFENSCHULE INTERIM - Temporäre Grundschule, Wiesbaden-Schierstein;WiBau Gesellschaft mbH;Wiesbaden;174341.6;;45317200;60;https://ted.europa.eu/bg/notice/-/detail/473863-2026
474278-2026;2026-07-08T22:00:00.000Z;Deutschland – Installation von Sanitäreinrichtungen – Südfriedhof SAN/HZG/LUE - Verwaltung UG;Stadt Frankfurt am Main - Amt für Bau und Immobilien;Frankfurt am Main;150439.4;;45332400 45331100;60;https://ted.europa.eu/bg/notice/-/detail/474278-2026
474347-2026;2026-07-08T22:00:00.000Z;Deutschland – Blitzschutzarbeiten – Blitzschutz und Erdungsanlagen;Thüringer Landesamt für Bau und Verkehr;Erfurt;276050.68;;45312310;60;https://ted.europa.eu/bg/notice/-/detail/474347-2026
474808-2026;2026-07-08T22:00:00.000Z;Deutschland – Installation von Lüftungsanlagen – Lüftungsanlage;Stadtverwaltung Schifferstadt;Schifferstadt;682394.99;;45331210;60;https://ted.europa.eu/bg/notice/-/detail/474808-2026
474842-2026;2026-07-08T22:00:00.000Z;Deutschland – Installation von Kesseln – Anlagen- und Rohrleitungsbau Energiezentrale;Westholstein Wärme GmbH;Brunsbüttel;7537656.95;;45331110;60;https://ted.europa.eu/bg/notice/-/detail/474842-2026
475451-2026;2026-07-08T22:00:00.000Z;Deutschland – Installation von Straßenbeleuchtungsanlagen – Königsbrücker Straße Los 2 ÖB;Landeshauptstadt Dresden, Straßen- und Tiefbauamt;Dresden;1093843.98;;45316110;60;https://ted.europa.eu/bg/notice/-/detail/475451-2026
475609-2026;2026-07-08T22:00:00.000Z;Deutschland – Installation von elektrischen Kabeln – Polizeirevier Werdau, Erweiterung;Staatsbetrieb Sächsisches Immobilien- und Baumanagement, Zentrale, Zentralstelle Vergabe- und Vertragsmanagement;Dresden;140436.51;;45311100 45311200;60;https://ted.europa.eu/bg/notice/-/detail/475609-2026
472194-2026;2026-07-08T22:00:00.000Z;Deutschland – Elektrotechnikinstallation – Elektrotechnik EZ;Bezirksklinikum Mittelfranken;Erlangen;;2026-08-05T07:59:00.000Z;45315100;48;https://ted.europa.eu/bg/notice/-/detail/472194-2026
472245-2026;2026-07-08T22:00:00.000Z;Deutschland – Gleisbauarbeiten – 2. S-Bahn-Stammstrecke München, Ersatzmaßnahme Rangierbahnhof Nord, VE2951;DB Netz AG (Bukr 16);Frankfurt Main;;;45314300 45314310;48;https://ted.europa.eu/bg/notice/-/detail/472245-2026
473130-2026;2026-07-08T22:00:00.000Z;Deutschland – Installation von Fernmeldeanlagen – BB 2015-09 ZsG-BB/D.03.05 WinGuard;ZfP-Calw Klinikum Nordschwarzwald, Abt. Bau & Technik;Calw-Hirsau;;;45314000;48;https://ted.europa.eu/bg/notice/-/detail/473130-2026
474672-2026;2026-07-08T22:00:00.000Z;Deutschland – Elektrotechnikinstallation – Bürgercampus Stadt Ahlen, Neubau Stadthaus, Elektrotechnik;Stadt Ahlen;Ahlen;;;45315100;48;https://ted.europa.eu/bg/notice/-/detail/474672-2026
474219-2026;2026-07-08T22:00:00.000Z;Deutschland – Installation von Lüftungsanlagen – Installation Lüftungsanlagen Feuerwache Kirchhellen;Stadt Bottrop;Bottrop;;2026-07-27T08:00:00.000Z;45331210;43;https://ted.europa.eu/bg/notice/-/detail/474219-2026
472744-2026;2026-07-08T22:00:00.000Z;Deutschland – Installation von Lüftungsanlagen – Generalsanierung des Landratsamtes Kronach;Landratsamt Kronach;Kronach;115173.85;;45331210;40;https://ted.europa.eu/bg/notice/-/detail/472744-2026
469184-2026;2026-07-07T22:00:00.000Z;Deutschland – Elektroinstallationsarbeiten – Oktaviostraße 143 - Elektro;SBH | Schulbau Hamburg;Hamburg;13000000;2026-08-07T08:00:00.000Z;45311200;80;https://ted.europa.eu/bg/notice/-/detail/469184-2026
469332-2026;2026-07-07T22:00:00.000Z;Deutschland – Elektroinstallationsarbeiten – Neubau eines Multifunktionsgebäudes für Akademie für Sicherheit in Energiewende und Bevölkerungsschutz (WASEB), Inhauser Landstraße 20, 26388 Wilhelmshaven;Stadt Wilhelmshaven, FB 30 Rechtsamt, Zentrale Vergabestelle;Wilhelmshaven;571448.35;2026-08-20T07:00:00.000Z;45311200;95;https://ted.europa.eu/bg/notice/-/detail/469332-2026
469369-2026;2026-07-07T22:00:00.000Z;Deutschland – Installation von Heizungs-, Lüftungs- und Klimaanlagen – Oktaviostraße 143 - Gebäudeautomation;SBH | Schulbau Hamburg;Hamburg;13000000;2026-08-07T08:00:00.000Z;45331000;80;https://ted.europa.eu/bg/notice/-/detail/469369-2026
471665-2026;2026-07-07T22:00:00.000Z;Deutschland – Installation von Elektroanlagen – Iserbarg 2 - Elektro;SBH | Schulbau Hamburg;Hamburg;6411000;2026-08-11T08:00:00.000Z;45311000;95;https://ted.europa.eu/bg/notice/-/detail/471665-2026
468333-2026;2026-07-07T22:00:00.000Z;"Deutschland – Installation von Elektroanlagen – 2887 Carl-Kellner-Schule; Sanierung Trakt B; Elektroinstallationsarbeiten";Kreisausschuss des Lahn-Dill-Kreises 12.4 Zentrale Vergabe- und Submissionsstelle;Wetzlar;;2026-08-12T06:30:00.000Z;45311000;83;https://ted.europa.eu/bg/notice/-/detail/468333-2026
468551-2026;2026-07-07T22:00:00.000Z;Deutschland – Installation von elektrischen Leitungen – Sanierung Adolph-Holm Kindergarten - Elektroarbeiten und PV;Gemeinde Adendorf;Adendorf;;2026-08-11T09:00:00.000Z;45310000;83;https://ted.europa.eu/bg/notice/-/detail/468551-2026
468668-2026;2026-07-07T22:00:00.000Z;"Deutschland – Installation von Heizungs-, Lüftungs- und Klimaanlagen – Zentrales Gebäudemanagement Schwerin, Eigenbetrieb der Landeshauptstadt Schwerin - Neubau Hort ""Future Kids"" Mueßer Berg, Eulerstraße 3, 19063 Schwerin - Los 17 Heizung - Sanitärarbeiten";Zentrales Gebäudemanagement Schwerin, Eigenbetrieb der Landeshauptstadt Schwerin;Schwerin;;2026-08-07T08:00:00.000Z;45331000;68;https://ted.europa.eu/bg/notice/-/detail/468668-2026
468720-2026;2026-07-07T22:00:00.000Z;Deutschland – Installation von Elektroanlagen – Sanierung Freibad Niederkrüchten - Elektroarbeiten;Gemeinde Niederkrüchten;Viersen;;2026-08-10T08:00:00.000Z;45311000 45316000 45312310;83;https://ted.europa.eu/bg/notice/-/detail/468720-2026
468882-2026;2026-07-07T22:00:00.000Z;Deutschland – Installation von Elektroanlagen – Elektrotechnik;Bäder Halle GmbH;Halle (Saale);;2026-08-11T07:30:00.000Z;45311000 45314000 45312100 45312310;83;https://ted.europa.eu/bg/notice/-/detail/468882-2026
469298-2026;2026-07-07T22:00:00.000Z;Deutschland – Bau von Theatern – Lieferung und Montage einer Teleskoptribüne, ansteigendes Gestühl;Landeshauptstadt München, Baureferat;München;;2026-08-21T08:20:00.000Z;45311000;83;https://ted.europa.eu/bg/notice/-/detail/469298-2026
470480-2026;2026-07-07T22:00:00.000Z;Deutschland – Stahlbetonkonstruktionen – KLA Schutter - Erweiterung KLA - Los 2 MT-Ausrüstung;Gemeinde Friesenheim - Abwasserverband Friesenheim;Friesenheim;;2026-08-13T09:00:00.000Z;45310000;83;https://ted.europa.eu/bg/notice/-/detail/470480-2026
470988-2026;2026-07-07T22:00:00.000Z;Deutschland – Installation von Sanitäreinrichtungen – GMS Küps, Westtrakt Heizung/Sanitär/Lüftung;Markt Küps;Küps;;2026-08-13T09:00:00.000Z;45331000 45332400;83;https://ted.europa.eu/bg/notice/-/detail/470988-2026
471039-2026;2026-07-07T22:00:00.000Z;Deutschland – Bauarbeiten – VE7401 Sicherheitsgerichtete GA;Fraport AG;Frankfurt Main;;2026-08-20T21:59:00.000Z;45315000;83;https://ted.europa.eu/bg/notice/-/detail/471039-2026
471648-2026;2026-07-07T22:00:00.000Z;Deutschland – Bauarbeiten – VE7302 ELA Zentralen;Fraport AG;Frankfurt Main;;2026-08-20T21:59:00.000Z;45311000 45312000;83;https://ted.europa.eu/bg/notice/-/detail/471648-2026
471849-2026;2026-07-07T22:00:00.000Z;Deutschland – Installation von Elektroanlagen – GS Rosa Luxemburg, Trakehnerstr. 1, 06124 Halle (Saale), Gebäudeautomation;Stadt Halle (Saale), Fachbereich Recht, Team Vergabe Bauleistungen/Bauplanungen;Halle (Saale);;2026-08-07T08:00:00.000Z;45311000 45315100 45315700;68;https://ted.europa.eu/bg/notice/-/detail/471849-2026
472107-2026;2026-07-07T22:00:00.000Z;Deutschland – Installation von Elektroanlagen – Fassadensanierung Grundschule Hanftalstraße - 1. Bauabschnitt - Elektroarbeiten;Stadt Hennef (Sieg);Hennef;;2026-08-10T08:30:00.000Z;45311000;83;https://ted.europa.eu/bg/notice/-/detail/472107-2026
468347-2026;2026-07-07T22:00:00.000Z;Deutschland – Installation von Elektroanlagen – Lieferung und Montage elektrische Haltestellenausrüstung in Ludwigshafen;Rhein-Neckar-Verkehr GmbH;Mannheim;154601.66;;45311000 45311100 45317000 45314310 45317300;80;https://ted.europa.eu/bg/notice/-/detail/468347-2026
468413-2026;2026-07-07T22:00:00.000Z;Deutschland – Bauarbeiten für Schwimmbäder – Ersatzneubau Hallenbad Heißen - Elektrotechnik;Mülheim an der Ruhr - ImmobilienService;Mülheim an der Ruhr;1060380.32;;45311000;80;https://ted.europa.eu/bg/notice/-/detail/468413-2026
468680-2026;2026-07-07T22:00:00.000Z;Deutschland – Installation von Elektroanlagen – GS Rosa Luxemburg, Trakehnerstr. 1, 06124 Halle (Saale), Starkstromanlagen;Stadt Halle (Saale), Fachbereich Recht, Team Vergabe Bauleistungen/Bauplanungen;Halle (Saale);846567.62;;45311000 45315100 45315300 45315600 45316100;80;https://ted.europa.eu/bg/notice/-/detail/468680-2026
468742-2026;2026-07-07T22:00:00.000Z;Deutschland – Installation von Elektroanlagen – Ertüchtigung Flughafentunnel B312 - Technische Ausrüstung - LOS1 Elektrotechnik;Flughafen Stuttgart GmbH;Stuttgart;6776555;;45311000 45311100 45311200 45316000 45312100 45312310 45314300 45314310 45314320 45315100 45315300 45315500 45315600 45315700 45316200 45316210 45316211 45316212 45316213 45317200 45317300 45331200;80;https://ted.europa.eu/bg/notice/-/detail/468742-2026
469196-2026;2026-07-07T22:00:00.000Z;Deutschland – Elektroinstallationsarbeiten – Anne-Frank-Schule, Sanierung und Erweiterung - Gebäudeautomation, NT3;Stadt Freiburg Vergabemanagement;Freiburg im Breisgau;167254.05;;45311200;80;https://ted.europa.eu/bg/notice/-/detail/469196-2026
470060-2026;2026-07-07T22:00:00.000Z;Deutschland – Installateurarbeiten – Augustinermuseum, Augustinerplatz 1-3, 79108 Freiburg i.Br. - Gebäudeautomation NT5;Stadt Freiburg Vergabemanagement;Freiburg im Breisgau;217727.41;;45330000;80;https://ted.europa.eu/bg/notice/-/detail/470060-2026
470824-2026;2026-07-07T22:00:00.000Z;Deutschland – Installation von Elektroanlagen – Videomanagementsystem;Klinikum Main-Spessart;Lohr am Main;458601.25;;45311000 45310000;80;https://ted.europa.eu/bg/notice/-/detail/470824-2026
471424-2026;2026-07-07T22:00:00.000Z;Deutschland – Installation von kältetechnischen Anlagen – KH Merheim - Bettenhaussanierung Haus 20, A-Seite Kälteanagen - 2;Kliniken der Stadt Köln gGmbH;Köln;482865.29;;45331000 45331231;80;https://ted.europa.eu/bg/notice/-/detail/471424-2026
471509-2026;2026-07-07T22:00:00.000Z;Deutschland – Installation von Elektroanlagen – Elektroinstallation;Markt Reichenberg;Reichenberg;924312.63;;45311000;80;https://ted.europa.eu/bg/notice/-/detail/471509-2026
471981-2026;2026-07-07T22:00:00.000Z;Deutschland – Installateurarbeiten und Verlegung von Abwasserleitungen – Sanitärinstallation;Markt Reichenberg;Reichenberg;487391.79;;45332000 45332400;80;https://ted.europa.eu/bg/notice/-/detail/471981-2026
471325-2026;2026-07-07T22:00:00.000Z;Deutschland – Installation von Fernmeldeanlagen – Iserbarg 2 - Schwachstrom;SBH | Schulbau Hamburg;Hamburg;6411000;2026-08-11T08:00:00.000Z;45314000;75;https://ted.europa.eu/bg/notice/-/detail/471325-2026
468257-2026;2026-07-07T22:00:00.000Z;Deutschland – Installation von elektrischen Leitungen – NSW_404(2)_Elektrotechnik;Marzona Stiftung Neue Saalecker Werkstätten;Naumburg OT Saaleck;;;45310000 45315300;68;https://ted.europa.eu/bg/notice/-/detail/468257-2026
468330-2026;2026-07-07T22:00:00.000Z;"Deutschland – Elektroinstallationsarbeiten – Rudolstadt, Schloss Heidecksburg; SIP I Projekt: Nord- und Westflügel - Los 19 Elektroinstallationsarbeiten";Stiftung Thüringer Schlösser und Gärten;Rudolstadt;;2026-08-05T08:00:00.000Z;45311200;68;https://ted.europa.eu/bg/notice/-/detail/468330-2026
468677-2026;2026-07-07T22:00:00.000Z;Deutschland – Elektroinstallationsarbeiten – Grundernerung Videoüberwachung 2026 Stadtgebiet Stuttgart;Stuttgarter Straßenbahnen AG;Stuttgart;;;45311200;68;https://ted.europa.eu/bg/notice/-/detail/468677-2026
470752-2026;2026-07-07T22:00:00.000Z;Deutschland – Reparatur- und Wartungsdienste – Planmäßige Instandsetzung Einsatzgruppenversorger Kl. 702 FRANKFURT AM MAIN;Marinearsenal Rostock;Rostock;;;45311000 45312100;68;https://ted.europa.eu/bg/notice/-/detail/470752-2026
471186-2026;2026-07-07T22:00:00.000Z;Deutschland – Installation von Schaltanlagen – Gebäudeautomation 70-00001-3790-459 - PR1174987-3790-B;Fraunhofer-Gesellschaft zur Förderung der angewandten Forschung e.V. - Einkauf B12 - Vergabestelle Bau;München;;;45311200 45311000 45315700;68;https://ted.europa.eu/bg/notice/-/detail/471186-2026
468356-2026;2026-07-07T22:00:00.000Z;Deutschland – Installation von Sanitäreinrichtungen – Fassadensanierung Grundschule Hanftalstraße - 1. Bauabschnitt - Heizung- und Sanitärarbeiten;Stadt Hennef (Sieg);Hennef;;2026-08-11T08:30:00.000Z;45332400 45331100;63;https://ted.europa.eu/bg/notice/-/detail/468356-2026
468460-2026;2026-07-07T22:00:00.000Z;Deutschland – Bauarbeiten – VE7301 BMA GFA;Fraport AG;Frankfurt Main;;2026-08-20T21:59:00.000Z;45312100;63;https://ted.europa.eu/bg/notice/-/detail/468460-2026
468886-2026;2026-07-07T22:00:00.000Z;Deutschland – Bau von Fußgängerbrücken – Hochwasserschutz Eisenach MKIII BA 1.3 - Ersatzneubau Schlachthofbrücke über die Nesse;Thüringer Landesamt für Umwelt, Bergbau und Naturschutz;Jena;;2026-08-27T08:00:00.000Z;45316100;63;https://ted.europa.eu/bg/notice/-/detail/468886-2026
468910-2026;2026-07-07T22:00:00.000Z;Deutschland – Elektroinstallationsarbeiten – Modernisierung und Attraktivierung Kyffhäusertherme - Elektroarbeiten;Stadt Bad Frankenhausen;Bad Frankenhausen;;2026-07-23T08:00:00.000Z;45311200;63;https://ted.europa.eu/bg/notice/-/detail/468910-2026
470039-2026;2026-07-07T22:00:00.000Z;Deutschland – Niederspannungsarbeiten – Los T5.2 TGA - Ladetechnik zu dem Projekt Btf. Porz 2. Bauabschnitt;Kölner Verkehrs-Betriebe AG;Köln;;2026-01-26T09:00:00.000Z;45311000 45315600 45315700;63;https://ted.europa.eu/bg/notice/-/detail/470039-2026
470087-2026;2026-07-07T22:00:00.000Z;Deutschland – Elektrotechnikinstallation – KKE4410 Elektroarbeiten;Hamburger Friedhöfe AöR;Hamburg;;2026-08-10T09:00:00.000Z;45315100 45312100;63;https://ted.europa.eu/bg/notice/-/detail/470087-2026
471810-2026;2026-07-07T22:00:00.000Z;Deutschland – Installation von Lüftungsanlagen – Fassadensanierung Grundschule Hanftalstraße - 1. Bauabschnitt - Lüftungsarbeiten;Stadt Hennef (Sieg);Hennef;;2026-08-10T09:00:00.000Z;45331210;63;https://ted.europa.eu/bg/notice/-/detail/471810-2026
468763-2026;2026-07-07T22:00:00.000Z;Deutschland – Sanitäre Anlagen – GS Rosa Luxemburg, Trakehnerstr. 1, 06124 Halle (Saale), Sanitäranlagen, Dämmung und Feuerlöscher;Stadt Halle (Saale), Fachbereich Recht, Team Vergabe Bauleistungen/Bauplanungen;Halle (Saale);300896.07;;45332200 45332300 45332400;60;https://ted.europa.eu/bg/notice/-/detail/468763-2026
468831-2026;2026-07-07T22:00:00.000Z;Deutschland – Installation von Straßenbeleuchtungsanlagen – Beleuchtung IGA-Radweg;Stadt Bergkamen;Bergkamen;664864.56;;45316110;60;https://ted.europa.eu/bg/notice/-/detail/468831-2026
469101-2026;2026-07-07T22:00:00.000Z;Deutschland – Elektroinstallationsarbeiten – Automationsmanagement;Eigenbetrieb Kreiskliniken des Landkreises Darmstadt-Dieburg;Groß-Umstadt;35552.2;;45311200;60;https://ted.europa.eu/bg/notice/-/detail/469101-2026
469207-2026;2026-07-07T22:00:00.000Z;Deutschland – Bauarbeiten – Ersatzneubau Laufhalle OSP Robert-Koch-Straße, Manfred-Stern-Straße 7, 06110 Halle (Saale), Baustromanschluss;Stadt Halle (Saale), Fachbereich Recht, Team Vergabe Bauleistungen/Bauplanungen;Halle (Saale);31589.42;;45310000;60;https://ted.europa.eu/bg/notice/-/detail/469207-2026
469288-2026;2026-07-07T22:00:00.000Z;Deutschland – Installation von Brandmeldeanlagen – Brandmeldeanlage;Stadt Rothenburg ob der Tauber;Rothenburg ob der Tauber;87423.87;;45317000 45311000 45312100;60;https://ted.europa.eu/bg/notice/-/detail/469288-2026
469312-2026;2026-07-07T22:00:00.000Z;Deutschland – Installation von Lüftungsanlagen – Raumlufttechnik, Besucherzentrum Historische Mühle, Park Sanssouci, Schweizer Haus und Mühlenhauskomplex;Stiftung Preußische Schlösser und Gärten Berlin-Brandenburg;Potsdam;197581.81;;45331210 45331220;60;https://ted.europa.eu/bg/notice/-/detail/469312-2026
469405-2026;2026-07-07T22:00:00.000Z;Deutschland – Installation von Aufzügen – Giebel 46 Fördertechnik;Stadt Wuppertal;Wuppertal;227556.51;;45313100;60;https://ted.europa.eu/bg/notice/-/detail/469405-2026
469689-2026;2026-07-07T22:00:00.000Z;Deutschland – Bauarbeiten – Äußerer Blitzschutz BA2;Stadt Füssen;Füssen;49504.14;;45310000 45312000 45312310 45312311;60;https://ted.europa.eu/bg/notice/-/detail/469689-2026
470928-2026;2026-07-07T22:00:00.000Z;Deutschland – Installation von Zentralheizungen – Heizung;Markt Reichenberg;Reichenberg;344406.49;;45331100;60;https://ted.europa.eu/bg/notice/-/detail/470928-2026
471188-2026;2026-07-07T22:00:00.000Z;Deutschland – Installation von Lüftungs- und Klimaanlagen – Raumlufttechnische Anlagen;Kreisausschuss des Landkreises Darmstadt-Dieburg für den Eigenbetrieb Da-Di-Werk, Gebäudemanagement;Darmstadt;206755.04;;45331200;60;https://ted.europa.eu/bg/notice/-/detail/471188-2026
471662-2026;2026-07-07T22:00:00.000Z;Deutschland – Installation von Sanitäreinrichtungen – Grundschule Nenndorf, Um- und Anbau - Sanitär- und Heizungsanlagen in Aussenanlagen;Landkreis Harburg - Zentrale Vergabestelle für die Gemeinde Rosengarten;Winsen/Luhe;268048.5;;45332400 45331100;60;https://ted.europa.eu/bg/notice/-/detail/471662-2026
471727-2026;2026-07-07T22:00:00.000Z;Deutschland – Installation von Sanitäreinrichtungen – KKE 4110 Wasser- und Abwasseranlagen;Hamburger Friedhöfe AöR;Hamburg;285673.47;;45332400;60;https://ted.europa.eu/bg/notice/-/detail/471727-2026
471786-2026;2026-07-07T22:00:00.000Z;Deutschland – Installation von Lüftungsanlagen – Lüftungsinstallation;Markt Reichenberg;Reichenberg;540903.85;;45331210;60;https://ted.europa.eu/bg/notice/-/detail/471786-2026
468532-2026;2026-07-07T22:00:00.000Z;Deutschland – Abbrucharbeiten, Baureifmachung und Abräumung – NSW_503_Mauersanierung;Marzona Stiftung - Neue Saalecker Werkstätten;Naumburg OT Saaleck;;;45332400;48;https://ted.europa.eu/bg/notice/-/detail/468532-2026
468692-2026;2026-07-07T22:00:00.000Z;Deutschland – Installation von Lüftungs- und Klimaanlagen – Lüftungsinstallationsarbeiten;Bezirksamt Tempelhof-Schöneberg von Berlin;Berlin;;2026-08-05T08:00:00.000Z;45331200;48;https://ted.europa.eu/bg/notice/-/detail/468692-2026
469386-2026;2026-07-07T22:00:00.000Z;Deutschland – Installation von Aufzügen – Förderanlagen Schule Bernburger Straße;Landeshauptstadt Düsseldorf, Der Oberbürgermeister, Amt für Recht, Vergabe und Versicherungen, Zentrale Vergabestelle;Düsseldorf;;;45313100;48;https://ted.europa.eu/bg/notice/-/detail/469386-2026
470687-2026;2026-07-07T22:00:00.000Z;Deutschland – Wasserbauarbeiten – Neuerrichtung des Hochwasserpumpwerkes Speckebach;Lutherstadt Wittenberg - Der Oberbürgermeister;Lutherstadt Wittenberg;;2026-08-06T08:00:00.000Z;45317100;48;https://ted.europa.eu/bg/notice/-/detail/470687-2026
470736-2026;2026-07-07T22:00:00.000Z;Deutschland – Gleisbauarbeiten – S13 - Los 6.001- 3/4 gleisiger Ausbau Bonn-Oberkassel;DB Netz AG (Bukr 16);Frankfurt Main;;;45314300;48;https://ted.europa.eu/bg/notice/-/detail/470736-2026
472115-2026;2026-07-07T22:00:00.000Z;Deutschland – Betonarbeiten – Neubau Gymnasium II Strausberg, Los 03 - Erweiterter Rohbau;Landkreis Märkisch-Oderland / Amt für Digitalisierung, Organisation und Personal;Seelow;;;45332300;48;https://ted.europa.eu/bg/notice/-/detail/472115-2026
468338-2026;2026-07-07T22:00:00.000Z;Deutschland – Verkehrsfluss-Messsystem – Verkehrs - und Parkleitsystem Bielefeld - Verkehrsdatenerhebungssystem;Stadt Bielefeld - Amt für Zentrale Leistungen;Bielefeld;;2026-07-14T08:30:00.000Z;45316210;43;https://ted.europa.eu/bg/notice/-/detail/468338-2026
468718-2026;2026-07-07T22:00:00.000Z;Deutschland – Abbrucharbeiten, Baureifmachung und Abräumung – NSW_503(2)_Mauersanierung;Marzona Stiftung - Neue Saalecker Werkstätten;Naumburg OT Saaleck;;2026-07-27T08:00:00.000Z;45332400;43;https://ted.europa.eu/bg/notice/-/detail/468718-2026
471219-2026;2026-07-07T22:00:00.000Z;Deutschland – Installation von Rolltreppen – Rahmenvertrag Fahrtreppen;DB InfraGO AG – Geschäftsbereich Personenbahnhöfe (Bukr 11);Berlin;;2026-07-20T08:00:00.000Z;45313200;43;https://ted.europa.eu/bg/notice/-/detail/471219-2026
468469-2026;2026-07-07T22:00:00.000Z;Deutschland – Elektroinstallationsarbeiten für Transformatoren – DLR Standort Neustrelitz - Neubau begehbare Trafostation;Deutsches Zentrum für Luft- und Raumfahrt e.V.;Braunschweig;0;2026-08-03T07:30:00.000Z;45317200;40;https://ted.europa.eu/bg/notice/-/detail/468469-2026
468826-2026;2026-07-07T22:00:00.000Z;Deutschland – Installation von Beleuchtungsanlagen im Freien – Elektroinstallation in Außenanlagen;Bezirk Schwaben;86152;0.01;;45316100;40;https://ted.europa.eu/bg/notice/-/detail/468826-2026
469011-2026;2026-07-07T22:00:00.000Z;Deutschland – Installation von Aufzügen – Aufzugsanlage;Sprinkenhof GmbH;Hamburg;42630;;45313100;40;https://ted.europa.eu/bg/notice/-/detail/469011-2026
469989-2026;2026-07-07T22:00:00.000Z;Deutschland – Bauarbeiten für Eisenbahnlinien – SPGK_Bauleistungen Gößnitz - Crimmitschau;DB Netz AG (Bukr 16);Frankfurt Main;0;;45314300;40;https://ted.europa.eu/bg/notice/-/detail/469989-2026
470521-2026;2026-07-07T22:00:00.000Z;Deutschland – Mittelspannungsarbeiten – Trafostation 70-00371-3850-445 - PR1203756 -3850-B;Fraunhofer-Gesellschaft zur Förderung der angewandten Forschung e.V. - Einkauf B12 - Einkauf Bau;München;143696.76;;45315500;40;https://ted.europa.eu/bg/notice/-/detail/470521-2026
471273-2026;2026-07-07T22:00:00.000Z;Deutschland – Gleisbauarbeiten – S13 - Los 6.001- 3/4 gleisiger Ausbau Bonn-Oberkassel;DB Netz AG (Bukr 16);Frankfurt Main;0;;45314300;40;https://ted.europa.eu/bg/notice/-/detail/471273-2026
465529-2026;2026-07-06T22:00:00.000Z;Deutschland – Bauinstallationsarbeiten – 37_STF-LAN: FL 44 - Heizung Sanitär;Landeshauptstadt Dresden, GB Wirtschaft, Digitales, Personal und Sicherheit, Zentrales Vergabebüro;Dresden;219142.4;2026-08-10T13:00:00.000Z;45331000;95;https://ted.europa.eu/bg/notice/-/detail/465529-2026
465490-2026;2026-07-06T22:00:00.000Z;Deutschland – Bauleistungen im Hochbau – Neubau OGTS und Schulmensa - Heizungsinstallationsarbeiten;Gemeinde Memmelsdorf;Memmelsdorf;;2026-08-19T08:00:00.000Z;45331000;83;https://ted.europa.eu/bg/notice/-/detail/465490-2026
466185-2026;2026-07-06T22:00:00.000Z;Deutschland – Installation von Elektroanlagen – AES-SH -Starkstrom;Kreisausschuss Main-Taunus-Kreis, Hochbau- und Liegenschaftsamt;Hofheim am Taunus;;2026-08-11T08:00:00.000Z;45311000;83;https://ted.europa.eu/bg/notice/-/detail/466185-2026
467708-2026;2026-07-06T22:00:00.000Z;Deutschland – Elektroinstallationsarbeiten – Starkstromanlagen Neubau Bibliothek;Staatliches Bau- und Liegenschaftsamt Rostock;Rostock;;2026-09-04T21:59:00.000Z;45311200;83;https://ted.europa.eu/bg/notice/-/detail/467708-2026
467985-2026;2026-07-06T22:00:00.000Z;Deutschland – Installation von Heizungs-, Lüftungs- und Klimaanlagen – Neubau Sporthalle Asperg - Heizung;nps Bauprojektmanagement GmbH;Stuttgart;;2026-08-10T07:59:00.000Z;45331000;83;https://ted.europa.eu/bg/notice/-/detail/467985-2026
468211-2026;2026-07-06T22:00:00.000Z;Deutschland – Installation von Elektroanlagen – Neubau Sporthalle Asperg - elektrische Anlagen;nps Bauprojektmanagement GmbH;Stuttgart;;2026-08-10T07:59:00.000Z;45311000;83;https://ted.europa.eu/bg/notice/-/detail/468211-2026
465397-2026;2026-07-06T22:00:00.000Z;"Deutschland – Installation von Heizungs-, Lüftungs- und Klimaanlagen – Erweiterungsbau Seniorenpflegeheim ""St. Stephanus"" in Osterwieck Los 07 Lüftung";Diakonisches Werk im Kirchenkreis Halberstadt e.V.;38820;279312.39;;45331000;80;https://ted.europa.eu/bg/notice/-/detail/465397-2026
465725-2026;2026-07-06T22:00:00.000Z;Deutschland – Installation von Elektroanlagen – Kinderhaus Oberlenningen - LV 440 Elektroarbeiten - Starktstrom.- Fernmmeldeanlagen;Gemeinde Lenningen;Lenningen;589365;;45311000;80;https://ted.europa.eu/bg/notice/-/detail/465725-2026
466405-2026;2026-07-06T22:00:00.000Z;Deutschland – Installation von Elektroanlagen – ILV, Schloss-Schule, SBBZ, Umstellung Heizwerk (N) Erneuerung Heizzentrale und Errichtung Solarthermieanlage;Vermögen und Bau Baden-Württemberg, Amt Mannheim und Heidelberg Dienstsitz Mannheim;Mannheim;2121336.34;;45311000;80;https://ted.europa.eu/bg/notice/-/detail/466405-2026
466482-2026;2026-07-06T22:00:00.000Z;Deutschland – Installateurarbeiten – Heizanlagen und zentrale Wassererwärmungsanlagen, Heizungsechnik-Gebäude;Land Berlin – Sondervermögen Immobilien des Landes Berlin (SILB) c/o BIM Berliner Immobilienmanagement GmbH;Berlin;1372467.51;;45330000 45331000 45331100;80;https://ted.europa.eu/bg/notice/-/detail/466482-2026
468031-2026;2026-07-06T22:00:00.000Z;Deutschland – Installation von Heizungs-, Lüftungs- und Klimaanlagen – BKA W1 Rückbau KT , Heizungs-, Sanitär- und Kälteversorgung Geb. H;Bundesrepublik Deutschland, vertreten durch den Landesbetrieb Bau und Immobilien Hessen, Zentrale Vergabe;Bad Nauheim;1035536.63;;45331000;80;https://ted.europa.eu/bg/notice/-/detail/468031-2026
465305-2026;2026-07-06T22:00:00.000Z;"Deutschland – Bau von Abwasserbehandlungsanlagen – Münster, Forschungsfertigung Batteriezelle 2.BA Fab; Abwasserbehandlungsanlage";NRW.URBAN;Düsseldorf;;2026-08-06T08:00:00.000Z;45330000;68;https://ted.europa.eu/bg/notice/-/detail/465305-2026
465628-2026;2026-07-06T22:00:00.000Z;Deutschland – Installation von elektrischen Leitungen – Kabelanlagen und Montagearbeiten im ESTWA Niederlahnstein;DB InfraGO AG – Geschäftsbereich Fahrweg (Bukr 16);Frankfurt Main;;2026-08-06T12:00:00.000Z;45310000;68;https://ted.europa.eu/bg/notice/-/detail/465628-2026
466988-2026;2026-07-06T22:00:00.000Z;Deutschland – Elektrotechnikinstallation – Sanierung historisches Rathaus / hier: Mess-, Steuerungs- und Regelungstechnik (MSR);Kupferstadt Stolberg (Rhld.);Stolberg;;2026-08-06T07:00:00.000Z;45317000 45315100 45315700;68;https://ted.europa.eu/bg/notice/-/detail/466988-2026
467063-2026;2026-07-06T22:00:00.000Z;Deutschland – Installation von elektrischen Leitungen – Elektrische und Kommunikations-, sicherheits- und informationstechnische Anlagen;Sondervermögen Immobilien und Technik der Stadtgemeinde Bremen vertreten durch IB Stadt;Bremen;;2026-08-06T08:00:00.000Z;45310000;68;https://ted.europa.eu/bg/notice/-/detail/467063-2026
467223-2026;2026-07-06T22:00:00.000Z;Deutschland – Installation von elektrischen Leitungen – KKE 15 - ELT_Neubau;Land Hessen, vertreten durch den Landesbetrieb Bau und Immobilien Hessen, Zentrale Vergabe;Bad Nauheim;;;45310000;68;https://ted.europa.eu/bg/notice/-/detail/467223-2026
467624-2026;2026-07-06T22:00:00.000Z;Deutschland – Sonstige Elektroinstallationsarbeiten – KG480 / Gebäudeautomation - Kulturschule Gelsenkirchen, Am Schalker Verein 9+11, 45888 Gelsenkirchen;Stadt Gelsenkirchen;Gelsenkirchen;;2026-08-06T08:00:00.000Z;45317000 45311000 45317300;68;https://ted.europa.eu/bg/notice/-/detail/467624-2026
467986-2026;2026-07-06T22:00:00.000Z;Deutschland – Bauarbeiten – Umweltbundesamt - Dahlemer Dreieck - Netzersatzanlage nach DIN 18 382 nach DIN 18 382 - 87/2026;Bundesamt für Bauwesen und Raumordnung, in Vertretung der Bundesanstalt für Immobilienaufgaben;Berlin;;;45310000;68;https://ted.europa.eu/bg/notice/-/detail/467986-2026
465792-2026;2026-07-06T22:00:00.000Z;Deutschland – Elektrotechnikinstallation – Neubau Gesamtklinikum Heidekreis in Bad Fallingbostel - Stromversorgung MS, Trafos, GHVs;Heidekreis-Klinikum gGmbH;Walsrode;;2026-08-11T08:00:00.000Z;45315100;63;https://ted.europa.eu/bg/notice/-/detail/465792-2026
466139-2026;2026-07-06T22:00:00.000Z;Deutschland – Installation von Lüftungsanlagen – Neubau Sporthalle Asperg - Raumlufttechnische Anlagen;nps Bauprojektmanagement GmbH;Stuttgart;;2026-08-10T07:59:00.000Z;45331210;63;https://ted.europa.eu/bg/notice/-/detail/466139-2026
466592-2026;2026-07-06T22:00:00.000Z;Deutschland – Kabelinfrastruktur – Verlegung TK-Kabel mit Anpassung Kabelweg, BA 1, Streck 4000, km 209,1-km 214,3;DB InfraGO AG – Geschäftsbereich Fahrweg (Bukr 16);Frankfurt Main;;2026-09-18T11:00:00.000Z;45314300;63;https://ted.europa.eu/bg/notice/-/detail/466592-2026
466805-2026;2026-07-06T22:00:00.000Z;Deutschland – Elektroinstallationsarbeiten – VE BT11-4410-01 Elektrotechnik;KLINIKEN SÜDOSTBAYERN AG;Traunstein;;2026-07-24T08:30:00.000Z;45311200;63;https://ted.europa.eu/bg/notice/-/detail/466805-2026
467154-2026;2026-07-06T22:00:00.000Z;Deutschland – Installation von Lüftungsanlagen – Neubau Rettungswache Olvenstedt und Neubau Wohngruppe Olvenstedt, Birkenallee 41/43, 39130 Magdeburg - Los 4.02 - Lufttechnische Anlagen;Landeshauptstadt Magdeburg, Die Oberbürgermeisterin;Magdeburg;;2026-08-11T06:59:00.000Z;45331210;63;https://ted.europa.eu/bg/notice/-/detail/467154-2026
468240-2026;2026-07-06T22:00:00.000Z;Deutschland – Installation von Heizungs-, Lüftungs- und Klimaanlagen – VE BT11-4310-01 Lüftung;KLINIKEN SÜDOSTBAYERN AG;Traunstein;;2026-07-24T09:30:00.000Z;45331000;63;https://ted.europa.eu/bg/notice/-/detail/468240-2026
464992-2026;2026-07-06T22:00:00.000Z;Deutschland – Installation von elektrischen Leitungen – DLR Standort Neustrelitz - Neubau Netzersatzanlage 1000 kVA;Deutsches Zentrum für Luft- und Raumfahrt e.V.;Braunschweig;0;2026-08-03T07:15:00.000Z;45310000;60;https://ted.europa.eu/bg/notice/-/detail/464992-2026
465069-2026;2026-07-06T22:00:00.000Z;"Deutschland – Elektroinstallationsarbeiten für Stromverteilungsanlagen – BLB NRW / NL Dortmund / TU Dortmund (WE2037); Forschungsneubau CALEDO / Starkstromanlagen";Bau- und Liegenschaftsbetrieb NRW Dortmund;Dortmund;2718432.53;;45317300;60;https://ted.europa.eu/bg/notice/-/detail/465069-2026
465362-2026;2026-07-06T22:00:00.000Z;Deutschland – Installation von Lüftungs- und Klimaanlagen – KKE 4310 Luft- und kältetechnische Anlagen;Hamburger Friedhöfe AöR;Hamburg;368347.07;;45331200;60;https://ted.europa.eu/bg/notice/-/detail/465362-2026
465545-2026;2026-07-06T22:00:00.000Z;Deutschland – Installation von Lüftungsanlagen – 17595 4871 FR, Justizzentrum, Holzmarkt, 2. BA Sanierung 4430_Lufttechnische Anlagen;Vermögen und Bau Baden-Württemberg, Amt Freiburg;Freiburg;182219.04;;45331210;60;https://ted.europa.eu/bg/notice/-/detail/465545-2026
466179-2026;2026-07-06T22:00:00.000Z;Deutschland – Installation von Lüftungs- und Klimaanlagen – Polizeirevier Borna;Staatsbetrieb Sächsisches Immobilien- und Baumanagement NL Leipzig 1;Leipzig;794087.45;;45331200;60;https://ted.europa.eu/bg/notice/-/detail/466179-2026
466419-2026;2026-07-06T22:00:00.000Z;Deutschland – Bauleistungen im Hochbau – GS Pingsdorf - Anbau + Sanierung (Lüftungstechnik einschl. Wartung);Stadt Brühl - Der Bürgermeister;Brühl;444426;;45331210 45331220;60;https://ted.europa.eu/bg/notice/-/detail/466419-2026
466764-2026;2026-07-06T22:00:00.000Z;Deutschland – Installation von Aufzügen – BLB NRW Köln / Technische Hochschule Köln, Campus Deutz, Neubau Gebäude E + P2, Förderanlagen;Bau- und Liegenschaftsbetrieb NRW Köln;Köln;468842;;45313100;60;https://ted.europa.eu/bg/notice/-/detail/466764-2026
466892-2026;2026-07-06T22:00:00.000Z;Deutschland – Installation von Heizungs-, Lüftungs- und Klimaanlagen – Wärmeversorgungsanlagen einschl. Wartung, Michael-Poeschke-Schule, Erlangen;Stadt Erlangen - Amt 24;Erlangen;1;;45331000;60;https://ted.europa.eu/bg/notice/-/detail/466892-2026
467535-2026;2026-07-06T22:00:00.000Z;Deutschland – Installation von Zentralheizungen – KKE 4210 Wärmeversorgungsanlagen;Hamburger Friedhöfe AöR;Hamburg;857933.62;;45331100;60;https://ted.europa.eu/bg/notice/-/detail/467535-2026
468175-2026;2026-07-06T22:00:00.000Z;Deutschland – Installation von Heizungs-, Lüftungs- und Klimaanlagen – VE-4-030.1_Raumlufttechnische Anlagen;Land Hessen, vertreten durch den Landesbetrieb Bau und Immobilien Hessen, Zentrale Vergabe;Bad Nauheim;32735.7;;45331000;60;https://ted.europa.eu/bg/notice/-/detail/468175-2026
468204-2026;2026-07-06T22:00:00.000Z;Deutschland – Installation von kältetechnischen Anlagen – Küchentechnische Anlagen;Klinikum Main-Spessart;Lohr am Main;898347.66;;45331231;60;https://ted.europa.eu/bg/notice/-/detail/468204-2026
465299-2026;2026-07-06T22:00:00.000Z;Deutschland – Installation von Lüftungsanlagen – LVR Klinik Langenfeld Umbau und Sanierung einer Produktionsküche/Lüftungsdecke;LVR-Klinik Langenfeld;Langenfeld;;;45331210;48;https://ted.europa.eu/bg/notice/-/detail/465299-2026
466400-2026;2026-07-06T22:00:00.000Z;Deutschland – Installation von Gasanlagen – 2026-01 DVG Gaswarnanlage Bushalle (3);Duisburger Verkehrsgesellschaft AG;Duisburg;;2026-08-03T08:00:00.000Z;45333000;48;https://ted.europa.eu/bg/notice/-/detail/466400-2026
466829-2026;2026-07-06T22:00:00.000Z;Deutschland – Installation von Aufzügen – Bundesstadt Bonn: Hardtbergbad - Aufzug;Bundesstadt Bonn - Referat Vergabedienste;Bonn;;2026-08-04T08:30:00.000Z;45313100;48;https://ted.europa.eu/bg/notice/-/detail/466829-2026
467408-2026;2026-07-06T22:00:00.000Z;Deutschland – Installation von Aufzügen – Aufzugsanlagen nach DIN 18385 im Zuge des Projektes Neubau der Zooterrassen im Zoo Duisburg;Zoo Duisburg gGmbH;Duisburg;;;45313100 45313000;48;https://ted.europa.eu/bg/notice/-/detail/467408-2026
467974-2026;2026-07-06T22:00:00.000Z;Deutschland – Installation von Zentralheizungen – Heizungsanlagen;Bäder Halle GmbH;Halle (Saale);;2026-08-06T07:30:00.000Z;45331100;48;https://ted.europa.eu/bg/notice/-/detail/467974-2026
468147-2026;2026-07-06T22:00:00.000Z;Deutschland – Installation von Sanitäreinrichtungen – Errichtung eines klimaneutralen Verwaltungsgebäudes - Sanitär;Kreis Stormarn;Bad Oldesloe;;2026-08-06T06:30:00.000Z;45332400;48;https://ted.europa.eu/bg/notice/-/detail/468147-2026
466061-2026;2026-07-06T22:00:00.000Z;"Deutschland – Installation von Lüftungs- und Klimaanlagen – MPI für Terrestrische Mikrobiologie Marburg; Umbau BT B; RLT";Max-Planck-Gesellschaft Abt.III;München;;2026-07-21T08:00:00.000Z;45331200;43;https://ted.europa.eu/bg/notice/-/detail/466061-2026
466981-2026;2026-07-06T22:00:00.000Z;Deutschland – Installation von Sanitäreinrichtungen – VE BT11-4110-01 Sanitär;KLINIKEN SÜDOSTBAYERN AG;Traunstein;;2026-07-24T09:00:00.000Z;45332400;43;https://ted.europa.eu/bg/notice/-/detail/466981-2026
468039-2026;2026-07-06T22:00:00.000Z;Deutschland – Installation von Aufzügen – Rahmenvertrag Personenaufzüge;DB InfraGO AG – Geschäftsbereich Personenbahnhöfe (Bukr 11);Berlin;;2026-07-24T08:00:00.000Z;45313100;43;https://ted.europa.eu/bg/notice/-/detail/468039-2026
466613-2026;2026-07-06T22:00:00.000Z;Deutschland – Bauleistungen im Hochbau – GS Pingsdorf - Anbau + Sanierung (Augzugsanlage);Stadt Brühl - Der Bürgermeister;Brühl;86781;;45313100;40;https://ted.europa.eu/bg/notice/-/detail/466613-2026
467363-2026;2026-07-06T22:00:00.000Z;Deutschland – Elektroinstallationsarbeiten für Transformatoren – DLR Standort Neustrelitz - Neubau begehbare Trafostation;Deutsches Zentrum für Luft- und Raumfahrt e.V.;Braunschweig;0;2026-08-03T07:30:00.000Z;45317200;40;https://ted.europa.eu/bg/notice/-/detail/467363-2026
461560-2026;2026-07-05T22:00:00.000Z;Deutschland – Sanitäre Anlagen – Sanitäranlage;Chiemgau Invest;Traunstein;;2026-08-19T08:00:00.000Z;45332000 45332400 45332200;83;https://ted.europa.eu/bg/notice/-/detail/461560-2026
462970-2026;2026-07-05T22:00:00.000Z;Deutschland – Installation von Heizungs-, Lüftungs- und Klimaanlagen – Neubau der Ida-Ehre-Schule in D-23843 Bad Oldesloe, Wärmeversorgungsanlagen;Stadt Bad Oldesloe;Bad Oldesloe;;2026-08-10T07:00:00.000Z;45331000;83;https://ted.europa.eu/bg/notice/-/detail/462970-2026
462997-2026;2026-07-05T22:00:00.000Z;Deutschland – Installation von Elektroanlagen – 79737 Elektrotechnische Anlagen Trafo - Reha-Zentrum Ückeritz;DRV Bund Einkaufsmanagement Bauleistungen;Berlin;;2026-08-13T09:00:00.000Z;45311000 45311200 45311100;83;https://ted.europa.eu/bg/notice/-/detail/462997-2026
463508-2026;2026-07-05T22:00:00.000Z;Deutschland – Installateurarbeiten und Verlegung von Abwasserleitungen – Neubau der Ida-Ehre-Schule in D-23843 Bad Oldesloe, Abwasser-, Wasser- und Gasanlagen;Stadt Bad Oldesloe;Bad Oldesloe;;2026-08-13T09:00:00.000Z;45332000;83;https://ted.europa.eu/bg/notice/-/detail/463508-2026
461108-2026;2026-07-05T22:00:00.000Z;Deutschland – Bauarbeiten – Generalsanierung Kreiskrankenhaus Heppenheim - Abwasser-, Wasser-, Gasanlagen Bauteil G;Kreiskrankenhaus Bergstraße GmbH eine Einrichtung des Universitätsklinikums Heidelberg;Heppenheim;635964.93;;45332000 45333000;80;https://ted.europa.eu/bg/notice/-/detail/461108-2026
461425-2026;2026-07-05T22:00:00.000Z;Deutschland – Elektroinstallationsarbeiten – Stadthalle Zeulenroda-VE_402 ELT - ELT/FM;Stadt Zeulenroda-Triebes;Zeulenroda-Triebes;890828.95;;45311200 45314000;80;https://ted.europa.eu/bg/notice/-/detail/461425-2026
462129-2026;2026-07-05T22:00:00.000Z;Deutschland – Bauarbeiten für Wohnhäuser – Sanierung von Wohnungen hier: Vergebene Aufträge im 11.Quartal des DBS (April-Juni 2026);Bundesanstalt für Immobilienaufgaben;Bonn;921045.48;;45331000 45311200;80;https://ted.europa.eu/bg/notice/-/detail/462129-2026
462361-2026;2026-07-05T22:00:00.000Z;Deutschland – Bau von Bürogebäuden – Medientechnik – Erweiterung und Sanierung Kreishaus;Kreis Herzogtum Lauenburg;Ratzeburg;648312.43;;45311000;80;https://ted.europa.eu/bg/notice/-/detail/462361-2026
462468-2026;2026-07-05T22:00:00.000Z;Deutschland – Fertigungsarbeiten – Erneuerung Steuerung u. Antriebstechnik Bühnenmaschinerie 2026;Sprinkenhof GmbH;Hamburg;5491673;;45311000;80;https://ted.europa.eu/bg/notice/-/detail/462468-2026
462558-2026;2026-07-05T22:00:00.000Z;Deutschland – Installation von Heizungs-, Lüftungs- und Klimaanlagen – Raumlufttechnische Anlagen nach DIN 18379;Stadt Göttingen;Göttingen;197456.26;;45331000 45331210;80;https://ted.europa.eu/bg/notice/-/detail/462558-2026
462711-2026;2026-07-05T22:00:00.000Z;Deutschland – Installation von Heizungs-, Lüftungs- und Klimaanlagen – GV ST 26014 Heizungsarbeiten, Erweiterung und Umbau 3. Gesamtschule, Heyerweg 12, 41515 Grevenbroich;Stadt Grevenbroich;Grevenbroich;814263.53;;45331000;80;https://ted.europa.eu/bg/notice/-/detail/462711-2026
463090-2026;2026-07-05T22:00:00.000Z;Deutschland – Installation von Elektroanlagen – Elektroarbeiten - Gerhart-Hauptmann-Schule, Dreieich;Kreis Offenbach - FD Gebäudewirtschaft;Dietzenbach;791567.53;;45311000;80;https://ted.europa.eu/bg/notice/-/detail/463090-2026
463102-2026;2026-07-05T22:00:00.000Z;Deutschland – Bau von Trinkwasseraufbereitungsanlagen – Trinkwasseraufbereitungsanlage (TWA) Eiweiler, Teilmaßnahme: TWA;Talsperrenverband Nonnweiler;Nonnweiler;13800000;2026-08-03T08:00:00.000Z;45311200 45315100 45315500 45315600 45315700 45317100 45317300;80;https://ted.europa.eu/bg/notice/-/detail/463102-2026
463768-2026;2026-07-05T22:00:00.000Z;Deutschland – Heizungs- und sonstige Elektroinstallationen in Gebäuden – Kinderhaus Oberlenningen - LV 420 Wärmeversorgung;Gemeinde Lenningen;Lenningen;248932;;45315000;80;https://ted.europa.eu/bg/notice/-/detail/463768-2026
463876-2026;2026-07-05T22:00:00.000Z;Deutschland – Elektroinstallationsarbeiten – Elektroinstallation TBM 2 bis 4;Staatliches Bauamt Würzburg;Würzburg;408470.76;;45311200 45311000;80;https://ted.europa.eu/bg/notice/-/detail/463876-2026
464808-2026;2026-07-05T22:00:00.000Z;Deutschland – Elektroinstallationsarbeiten – SWU-EL | Avenio XL - Elekroinstallation;SWU Ulm/Neu-Ulm GmbH;Ulm;1396711.5;;45311200;80;https://ted.europa.eu/bg/notice/-/detail/464808-2026
462507-2026;2026-07-05T22:00:00.000Z;Deutschland – Installation von Aufzügen – Aufzugsarbeiten;Rennbahn Hoppegarten GmbH & Co. KG;Hoppegarten;284161.75;2026-08-12T12:00:00.000Z;45313100;75;https://ted.europa.eu/bg/notice/-/detail/462507-2026
460760-2026;2026-07-05T22:00:00.000Z;Deutschland – Installation von Heizungs-, Lüftungs- und Klimaanlagen – 22/05-0146 Wärmeversorgungs- und Kältetechnische Anlagen Nachtrag 2;"Klinikum Südstadt Rostock Hanse- und Universitätsstadt Rostock Die Oberbürgermeisterin Eigenbetrieb ""Klinikum Südstadt Rostock"" Akademisches Lehrkrankenhaus der Universität Rostock";Rostock;;;45331000;68;https://ted.europa.eu/bg/notice/-/detail/460760-2026
461853-2026;2026-07-05T22:00:00.000Z;Deutschland – Elektroinstallationsarbeiten für Stromverteilungsanlagen – Neubau einer Kindertagesstätte im Stadtgebiet Sandersdorf-Brehna, OT Roitzsch / Los 41 Errichtung einer Photovoltaikanlage;Stadt Sandersdorf-Brehna;Sandersdorf-Brehna;;;45311200 45317300 45315300;68;https://ted.europa.eu/bg/notice/-/detail/461853-2026
461869-2026;2026-07-05T22:00:00.000Z;Deutschland – Installation von Heizungs-, Lüftungs- und Klimaanlagen – Raumlufttechnische Anlagen;Technologierförderung Münster GmbH;Münster;;2026-08-03T08:00:00.000Z;45331000 45331200 45331210;68;https://ted.europa.eu/bg/notice/-/detail/461869-2026
462475-2026;2026-07-05T22:00:00.000Z;Deutschland – Gleichrichter – Neubau Gleichrichterunterwerk im Glückstein-Quartier (M016);Rhein-Neckar-Verkehr GmbH;Mannheim;;2026-08-04T08:00:00.000Z;45311000 45311200 45317000 45311100 45316000 45315300 45314300 45314310 45315700 45317300 45316200;68;https://ted.europa.eu/bg/notice/-/detail/462475-2026
462504-2026;2026-07-05T22:00:00.000Z;Deutschland – Reparatur und Wartung von elektrischen und mechanischen Einrichtungen in Gebäuden – 77522 Wartungsvertrag Förderanlagen DG Berlin H, BT B/D;DRV Bund Einkaufsmanagement Bauleistungen;Berlin;;;50710000;68;https://ted.europa.eu/bg/notice/-/detail/462504-2026
463013-2026;2026-07-05T22:00:00.000Z;Deutschland – Installation von Elektroanlagen – Sanierung Elektrotechnik Sporthalle Robert-Bosch-Gesamtschule;Stadt Hildesheim;Hildesheim;;;45311000;68;https://ted.europa.eu/bg/notice/-/detail/463013-2026
463265-2026;2026-07-05T22:00:00.000Z;Deutschland – Heizungs- und sonstige Elektroinstallationen in Gebäuden – BLH, MidSommerland, Niederspannungshauptverteilung;Bäderland Hamburg GmbH;Hamburg;;2026-08-04T09:00:00.000Z;45315000 45315100 45315600 45315700;68;https://ted.europa.eu/bg/notice/-/detail/463265-2026
463358-2026;2026-07-05T22:00:00.000Z;Deutschland – Installation von Elektroanlagen – Elektrische Kabel- und Leitungsanlagen in Gebäuden, mobile Netzersatzanlage;Land Berlin – Sondervermögen Immobilien des Landes Berlin (SILB) c/o BIM Berliner Immobilienmanagement GmbH;Berlin;;2026-08-06T06:50:00.000Z;45311000;68;https://ted.europa.eu/bg/notice/-/detail/463358-2026
463371-2026;2026-07-05T22:00:00.000Z;Deutschland – Installation von Elektroanlagen – Herstellung der Anlagentechnik für die Landstromanlage Unikai im Hafen Hamburg;Hamburg Port Authority AöR;Hamburg;;2026-08-04T08:00:00.000Z;45311000;68;https://ted.europa.eu/bg/notice/-/detail/463371-2026
463728-2026;2026-07-05T22:00:00.000Z;Deutschland – Installation von Heizungs-, Lüftungs- und Klimaanlagen – Neubau Verkehrsleitzentrale und Umbau FIT, raumlufttechnische Anlagen;Die Autobahn GmbH des Bundes - NL Südwest;Stuttgart;;;45331000;68;https://ted.europa.eu/bg/notice/-/detail/463728-2026
463904-2026;2026-07-05T22:00:00.000Z;Deutschland – Elektroinstallationsarbeiten – Fahrsignalanlage Ruhbank Fernsehturm;Stuttgarter Straßenbahnen AG;Stuttgart;;;45311200;68;https://ted.europa.eu/bg/notice/-/detail/463904-2026
464139-2026;2026-07-05T22:00:00.000Z;Deutschland – Installation von Heizungs-, Lüftungs- und Klimaanlagen – Klinikum Nürnberg Nord – Haus 47 Sanitär- und Heizungssanierung / Heizung und Sanitär BA3 + BA4;Klinikum Nürnberg;Nürnberg;;2026-08-03T08:00:00.000Z;45331000 45330000 45332000 45331100 45332400;68;https://ted.europa.eu/bg/notice/-/detail/464139-2026
464202-2026;2026-07-05T22:00:00.000Z;Deutschland – Elektroinstallationsarbeiten – Neubau Carl-Orff-Schule und Medienzentrum - Elektroarbeiten u. PV-Anlage;Landkreis Emsland;Meppen;;2026-08-04T08:00:00.000Z;45311200 45310000 45315100 45315300;68;https://ted.europa.eu/bg/notice/-/detail/464202-2026
464423-2026;2026-07-05T22:00:00.000Z;Deutschland – Installation von elektrischen Leitungen – Bauleistungen für die umfassende Sanierung der Grundschule Daleiden;Verbandsgemeindeverwaltung Arzfeld;Arzfeld;;2026-08-05T08:00:00.000Z;45310000;68;https://ted.europa.eu/bg/notice/-/detail/464423-2026
464487-2026;2026-07-05T22:00:00.000Z;Deutschland – Installation von Heizungs-, Lüftungs- und Klimaanlagen – Neubau Carl-Orff Schule inkl. Medienzentrum - Heizung & Sanitär;Landkreis Emsland;Meppen;;2026-08-04T08:30:00.000Z;45331000 45332400;68;https://ted.europa.eu/bg/notice/-/detail/464487-2026
462704-2026;2026-07-05T22:00:00.000Z;Deutschland – Installation von Aufzügen – Aufzug (KGB, KGD, KGE);Stiftung Katholische Universität Eichstätt-Ingolstadt;Eichstätt;;2026-08-12T10:00:00.000Z;45313100;63;https://ted.europa.eu/bg/notice/-/detail/462704-2026
463180-2026;2026-07-05T22:00:00.000Z;Deutschland – Installation von Elektroanlagen – Erweiterung Oswald-Berkhan-Schule - Starkstromanlagen_MS;Stadt Braunschweig Fachbereich Bauordnung und Zentrale Vergabestelle;Braunschweig;;2026-07-08T05:30:00.000Z;45311000;63;https://ted.europa.eu/bg/notice/-/detail/463180-2026
464480-2026;2026-07-05T22:00:00.000Z;Deutschland – Elektroinstallationsarbeiten – K / BLB NRW Köln / Universität Bonn, Akademisches Kunstmuseum, ELT Starkstromanlagen - ELT Starkstromanlagen;Bau- und Liegenschaftsbetrieb NRW Köln;Köln;;2026-07-08T08:00:00.000Z;45311200;63;https://ted.europa.eu/bg/notice/-/detail/464480-2026
460817-2026;2026-07-05T22:00:00.000Z;Deutschland – Elektroinstallationsarbeiten für Stromverteilungsanlagen – SWU-LIS2 | Ladeinfrastruktur LIS 2 Endhaltestellen;SWU Verkehr GmbH;Ulm;6724190.58;;45317300;60;https://ted.europa.eu/bg/notice/-/detail/460817-2026
461578-2026;2026-07-05T22:00:00.000Z;Deutschland – Elektrotechnikinstallation – Elektrotechnik (ELT) zur Brandschutzsanierung Klinikum Rastatt;Klinikum Mittelbaden gGmbH;Baden-Baden;0;;45310000 45315100;60;https://ted.europa.eu/bg/notice/-/detail/461578-2026
461606-2026;2026-07-05T22:00:00.000Z;Deutschland – Installation von Lüftungsanlagen – KH Merheim, Bettenhaussanierung Haus 20, A-Seite -- Raumlufttechnische Anlagen - 3;Kliniken der Stadt Köln gGmbH;Köln;1021644.16;;45331210 45331200;60;https://ted.europa.eu/bg/notice/-/detail/461606-2026
462765-2026;2026-07-05T22:00:00.000Z;Deutschland – Elektroinstallationsarbeiten für Stromverteilungsanlagen – SWU-LIS2 | Ladeinfrastruktur LIS 2 Busbetriebshof;SWU Verkehr GmbH;Ulm;2388866.46;;45317300;60;https://ted.europa.eu/bg/notice/-/detail/462765-2026
463908-2026;2026-07-05T22:00:00.000Z;Deutschland – Bauarbeiten für Kindergärten – Neubau Kindertagesstätte Oßweil - Lüftung;Stadt Ludwigsburg;Ludwigsburg;348962;;45331231;60;https://ted.europa.eu/bg/notice/-/detail/463908-2026
464131-2026;2026-07-05T22:00:00.000Z;Deutschland – Installation von Sanitäreinrichtungen – KH Merheim - Bettenhaussanierung Haus 20, A-Seite, Sanitärarbeiten-3;Kliniken der Stadt Köln gGmbH;Köln;2775425.68;;45332400;60;https://ted.europa.eu/bg/notice/-/detail/464131-2026
461477-2026;2026-07-05T22:00:00.000Z;Deutschland – Installation von Elektroanlagen – Neubau Rathaus Fahrenzhausen - LV 307 Medientechnik;Gemeinde Fahrenzhausen;Fahrenzhausen;100000;2026-07-23T08:00:00.000Z;45311000 45314000;55;https://ted.europa.eu/bg/notice/-/detail/461477-2026
460902-2026;2026-07-05T22:00:00.000Z;Deutschland – Verlegen von Abwasserleitungen – Universität Leipzig, Veterinärmedizin, Institut Pathologie, Grundsanierung;Staatsbetrieb Sächsisches Immobilien- und Baumanagement, Zentrale, Zentralstelle Vergabe- und Vertragsmanagement;Dresden;;2026-08-06T07:00:00.000Z;45332300;48;https://ted.europa.eu/bg/notice/-/detail/460902-2026
460927-2026;2026-07-05T22:00:00.000Z;Deutschland – Brandmeldeanlagen – MKW Großefehn Aurich: Lieferung einer Brandfrüherkennungsanlage und eines Löschmonitors;MKW - Materialkreislauf- und Kompostwirtschaft GmbH & Co. KG;Großefehn;;2026-08-04T09:00:00.000Z;45312100;48;https://ted.europa.eu/bg/notice/-/detail/460927-2026
461046-2026;2026-07-05T22:00:00.000Z;Deutschland – Installation von Aufzügen – Lieferung und Einbau eines Personenaufzugs für Sanierung und Umbau Rathaus;Stadt Blaustein;Blaustein;;2026-08-06T08:00:00.000Z;45313100;48;https://ted.europa.eu/bg/notice/-/detail/461046-2026
461089-2026;2026-07-05T22:00:00.000Z;Deutschland – Installation von Brandmeldeanlagen – Sanierung Sporthalle Robert-Bosch-Gesamtschule - Gefahrenmeldeanlage;Stadt Hildesheim;Hildesheim;;;45312100;48;https://ted.europa.eu/bg/notice/-/detail/461089-2026
461195-2026;2026-07-05T22:00:00.000Z;Deutschland – Installation von Aufzügen – Aufzugsanlagen für Sanierung und Umbau Rathaus;Stadt Blaustein;Blaustein;;;45313100;48;https://ted.europa.eu/bg/notice/-/detail/461195-2026
461479-2026;2026-07-05T22:00:00.000Z;Deutschland – Blitzschutzarbeiten – Generalsanierung Genovevaburg - Blitzschutz;Stadtverwaltung Mayen;Mayen;;2026-08-05T09:00:00.000Z;45312310;48;https://ted.europa.eu/bg/notice/-/detail/461479-2026
461834-2026;2026-07-05T22:00:00.000Z;Deutschland – Installation von Sanitäreinrichtungen – ETZ West SANITÄR;Land Hessen, vertreten durch den Landesbetrieb Bau und Immobilien Hessen, Zentrale Vergabe;Bad Nauheim;;;45332400;48;https://ted.europa.eu/bg/notice/-/detail/461834-2026
461868-2026;2026-07-05T22:00:00.000Z;Deutschland – Installation von Aufzügen und Rolltreppen – Austausch 36 Fahrtreppen;Kölner Verkehrs-Betriebe AG;Köln;;2026-08-03T08:00:00.000Z;45313000;48;https://ted.europa.eu/bg/notice/-/detail/461868-2026
461926-2026;2026-07-05T22:00:00.000Z;Deutschland – Installation von Lüftungs- und Klimaanlagen – Neubau Carl-Orff-Schule und Medienzentrum - Lüftungsarbeiten;Landkreis Emsland;Meppen;;2026-08-04T09:00:00.000Z;45331200 45331210;48;https://ted.europa.eu/bg/notice/-/detail/461926-2026
462002-2026;2026-07-05T22:00:00.000Z;Deutschland – Bauarbeiten für Universitätsgebäude – VE 406 Brandmeldeanlage;Freie Universität Berlin;Berlin;;2026-08-05T09:00:00.000Z;45312100;48;https://ted.europa.eu/bg/notice/-/detail/462002-2026
462430-2026;2026-07-05T22:00:00.000Z;Deutschland – Blitzschutzarbeiten – Stadt Damme: Neubau Kita Holter Kapelle - Blitzschutz- und Erdungsarbeiten;Landkreis Vechta;Vechta;;;45312310;48;https://ted.europa.eu/bg/notice/-/detail/462430-2026
462581-2026;2026-07-05T22:00:00.000Z;Deutschland – Installation von Aufzügen – Aufzug (H) - Erweiterung und Sanierung Kreishaus;Kreis Herzogtum Lauenburg;Ratzeburg;;2026-08-05T08:15:00.000Z;45313100;48;https://ted.europa.eu/bg/notice/-/detail/462581-2026
463211-2026;2026-07-05T22:00:00.000Z;Deutschland – Installation von Sanitäreinrichtungen – Sanitäranlagen Janucz-Korczak-Gesamtschule;Stadt Bottrop;Bottrop;;;45332400;48;https://ted.europa.eu/bg/notice/-/detail/463211-2026
463380-2026;2026-07-05T22:00:00.000Z;Deutschland – Installation von Aufzügen – Kloster Waldsassen - Sanierung und Neuausrichtung der Bibliothek Plattformlift;Zisterzienserinnnen-Abtei Waldsassen;Waldsassen;;2026-07-30T08:00:00.000Z;45313100;48;https://ted.europa.eu/bg/notice/-/detail/463380-2026
464576-2026;2026-07-05T22:00:00.000Z;Deutschland – Installation von Aufzügen – Fördertechnik - Aufzug 70-00231-2530-408 - PR1220437-2530-B;Fraunhofer-Gesellschaft zur Förderung der angewandten Forschung e.V. - Einkauf B12 - Vergabestelle Bau;München;;;45313100;48;https://ted.europa.eu/bg/notice/-/detail/464576-2026
464582-2026;2026-07-05T22:00:00.000Z;Deutschland – Ingenieur- und Hochbauarbeiten – Neubau einer Druckerhöhungsstation Kühlwasser;Infra-Zeitz Servicegesellschaft mbH;Elsteraue;;2026-08-04T08:00:00.000Z;45315400 45317200 45317100;48;https://ted.europa.eu/bg/notice/-/detail/464582-2026
461079-2026;2026-07-05T22:00:00.000Z;Deutschland – Bauarbeiten – Baumeister_ZINA Ulm;Universitätsklinikum Ulm Bereich IV 2 Vergabemanagement und Projekteinkauf Vergabestelle;Ulm;;2026-07-22T08:00:00.000Z;45312311;43;https://ted.europa.eu/bg/notice/-/detail/461079-2026
460939-2026;2026-07-05T22:00:00.000Z;Deutschland – Installation von Lüftungsanlagen – Lüftung (L) und Heizung, Sanitär (HS) zur Brandschutzsanierung Klinikum Rastatt;Klinikum Mittelbaden gGmbH;Baden-Baden;0;;45331210 45331100 45332400;40;https://ted.europa.eu/bg/notice/-/detail/460939-2026
461629-2026;2026-07-05T22:00:00.000Z;Deutschland – Installation von Lüftungs- und Klimaanlagen – Kinderhaus Oberlenningen - LV 430 Raumlufttechnische Anlagen;Gemeinde Lenningen;Lenningen;0;;45331200;40;https://ted.europa.eu/bg/notice/-/detail/461629-2026
462079-2026;2026-07-05T22:00:00.000Z;Deutschland – Bauarbeiten für Schwimmbäder – PV-Anlage / Regionalbad Anbau;Zweckverband Regionalbad Bingen-Ingelheim;Bingen am Rhein;118823.99;;45315300;40;https://ted.europa.eu/bg/notice/-/detail/462079-2026
462555-2026;2026-07-05T22:00:00.000Z;Deutschland – Installation von Lüftungsanlagen – Modernisierung U-Bhf (Station) und Raumlufttechnische Anlagen Aufzugsmaschinenraum (Aufzugsnachrüstung);Stadtwerke Verkehrsgesellschaft Frankfurt am Main mbH (VGF);Frankfurt am Main;92580.23;;45331210;40;https://ted.europa.eu/bg/notice/-/detail/462555-2026
463785-2026;2026-07-05T22:00:00.000Z;Deutschland – Installation von Sanitäreinrichtungen – Sanierung Mittelschule - Sanitärarbeiten - Sanitärtrennwände;Stadt Baiersdorf Bauamt;Baiersdorf;19217.31;;45332400;40;https://ted.europa.eu/bg/notice/-/detail/463785-2026
463854-2026;2026-07-05T22:00:00.000Z;Deutschland – Wasserinstallationsarbeiten – KKE 305.2 Wasserversorgungsanlagen;Universitätsklinikum Schleswig-Holstein AöR;Lübeck;107476.2;;45332200;40;https://ted.europa.eu/bg/notice/-/detail/463854-2026
460172-2026;2026-07-02T22:00:00.000Z;Deutschland – Elektroinstallationsarbeiten – Kreisverwaltung des Landkreises Darmstadt-Dieburg -Kreishaus Darmstadt, Trakt 1 + 2-;Kreisausschuss des Landkreises Darmstadt-Dieburg -FB 221 Technisches und strategisches Gebäudemanagement-;Darmstadt;1383293.95;2026-08-17T07:00:00.000Z;45311200;95;https://ted.europa.eu/bg/notice/-/detail/460172-2026
457826-2026;2026-07-02T22:00:00.000Z;"Deutschland – Sonstige Elektroinstallationsarbeiten – Neubau Bauhof Grimma; Gebäudeautomation";Stadtverwaltung Grimma;Grimma;;2026-08-11T11:00:00.000Z;45317000;83;https://ted.europa.eu/bg/notice/-/detail/457826-2026
460567-2026;2026-07-02T22:00:00.000Z;Deutschland – Bauarbeiten – Bundesministerium für Umwelt, Klimaschutz, Naturschutz und nukleare Sicherheit - Erweiterungsbau - Elektrische Anlagen - Vergabe 1370/2026;Bundesamt für Bauwesen und Raumordnung, in Vertretung der Bundesanstalt für Immobilienaufgaben;Berlin;;2026-08-21T07:30:00.000Z;45310000;83;https://ted.europa.eu/bg/notice/-/detail/460567-2026
457895-2026;2026-07-02T22:00:00.000Z;Deutschland – Reparatur und Wartung von elektrischen und mechanischen Einrichtungen in Gebäuden – Wartung von Gebäudeautomation (GA), Gebäudeleittechnik (GLT) und Mess- Steuerungs- und Regelungstechnik (MSR) für Liegenschaften in Wiesbaden;Land Hessen, vertreten durch den Landesbetrieb Bau und Immobilien Hessen, Zentrale Vergabe;Bad Nauheim;542702.65;;50710000;80;https://ted.europa.eu/bg/notice/-/detail/457895-2026
458810-2026;2026-07-02T22:00:00.000Z;Deutschland – Installation von Heizungs-, Lüftungs- und Klimaanlagen – Lüftungstechnik, Max Weber Schule;Stadt Freiburg i. Br. - Vergabemanagement;Freiburg im Breisgau;501540.91;;45331000;80;https://ted.europa.eu/bg/notice/-/detail/458810-2026
459560-2026;2026-07-02T22:00:00.000Z;Deutschland – Installation von Heizungs-, Lüftungs- und Klimaanlagen – Lüftungstechnik 70-00010-2460-43;Fraunhofer-Gesellschaft zur Förderung der angewandten Forschung e.V.;München;2284308.08;;45331000;80;https://ted.europa.eu/bg/notice/-/detail/459560-2026
459882-2026;2026-07-02T22:00:00.000Z;Deutschland – Installation von Heizungs-, Lüftungs- und Klimaanlagen – Auftragsänderung 5: Wiederherstellung und Erweiterung JSG, Lüftungsanlage;Stadt Schleiden;Schleiden;428031;;45331000;80;https://ted.europa.eu/bg/notice/-/detail/459882-2026
456834-2026;2026-07-02T22:00:00.000Z;Deutschland – Installation von elektrischen Leitungen – Sanierung Sport- und Kulturzentrum - Elektrische Anlagen;Gemeinde Sandhausen;Sandhausen;;;45310000;68;https://ted.europa.eu/bg/notice/-/detail/456834-2026
458009-2026;2026-07-02T22:00:00.000Z;"Deutschland – Installation von Heizungs-, Lüftungs- und Klimaanlagen – Zentrales Gebäudemanagement Schwerin, Eigenbetrieb der Landeshauptstadt Schwerin - Neubau Hort ""Future Kids"" Mueßer Berg, Eulerstraße 3, 19063 Schwerin - Los 18 Lüftungsarbeiten und Gebäudeautomation";Zentrales Gebäudemanagement Schwerin, Eigenbetrieb der Landeshauptstadt Schwerin;Schwerin;;2026-08-04T07:00:00.000Z;45331000;68;https://ted.europa.eu/bg/notice/-/detail/458009-2026
458316-2026;2026-07-02T22:00:00.000Z;Deutschland – Installation von Heizungs-, Lüftungs- und Klimaanlagen – Universität Leipzig, Veterinärmedizin, Institut Pathologie, Grundsanierung;Staatsbetrieb Sächsisches Immobilien- und Baumanagement, Zentrale, Zentralstelle Vergabe- und Vertragsmanagement;Dresden;;2026-08-06T07:00:00.000Z;45331000;68;https://ted.europa.eu/bg/notice/-/detail/458316-2026
458908-2026;2026-07-02T22:00:00.000Z;Deutschland – Elektroinstallationsarbeiten – Gebäudeautomation;Humboldt-Universität zu Berlin;Berlin;;2026-08-05T08:00:00.000Z;45311200;68;https://ted.europa.eu/bg/notice/-/detail/458908-2026
459983-2026;2026-07-02T22:00:00.000Z;Deutschland – Installation von Elektroanlagen – Universität Leipzig, Veterinärmedizin, Institut Pathologie, Grundsanierung;Staatsbetrieb Sächsisches Immobilien- und Baumanagement, Zentrale, Zentralstelle Vergabe- und Vertragsmanagement;Dresden;;2026-08-04T07:00:00.000Z;45311000;68;https://ted.europa.eu/bg/notice/-/detail/459983-2026
460067-2026;2026-07-02T22:00:00.000Z;Deutschland – Installation von Sanitäreinrichtungen – Polizeidirektion Leipzig/Polizeirevier Leipzig Zentrum - Neuunterbringung;Staatsbetrieb Sächsisches Immobilien- und Baumanagement, Zentrale, Zentralstelle Vergabe- und Vertragsmanagement;Dresden;;2026-08-03T07:00:00.000Z;45331000 45332400;68;https://ted.europa.eu/bg/notice/-/detail/460067-2026
460350-2026;2026-07-02T22:00:00.000Z;Deutschland – Elektroinstallationsarbeiten – Neubau für Kinderbetreuung Vogtsburg-Oberrotweil - Elektroinstallationen;Stadtverwaltung Vogtsburg i.K.;Vogtsburg im Kaiserstuhl;;2026-07-30T12:00:00.000Z;45311200;68;https://ted.europa.eu/bg/notice/-/detail/460350-2026
458166-2026;2026-07-02T22:00:00.000Z;Deutschland – Installation von Elektroanlagen – Los 33 Elektro / Nachrichtentechnik;Gemeinde Michendorf, Die Bürgermeisterin;Michendorf;;2026-07-27T08:00:00.000Z;45311000;63;https://ted.europa.eu/bg/notice/-/detail/458166-2026
457207-2026;2026-07-02T22:00:00.000Z;Deutschland – Installation von elektrischen Leitungen – DLR Standort Neustrelitz - Neubau Netzersatzanlage 1000 kVA;Deutsches Zentrum für Luft- und Raumfahrt e.V.;Braunschweig;0;2026-08-03T07:15:00.000Z;45310000;60;https://ted.europa.eu/bg/notice/-/detail/457207-2026
457478-2026;2026-07-02T22:00:00.000Z;Deutschland – Installation von Aufzügen – Ladenbeker Weg 13 - Aufzug;SBH | Schulbau Hamburg;Hamburg;9811000;2026-08-04T08:00:00.000Z;45313100;60;https://ted.europa.eu/bg/notice/-/detail/457478-2026
457866-2026;2026-07-02T22:00:00.000Z;"Deutschland – Installation von Heizungs-, Lüftungs- und Klimaanlagen – MPI für Terrestrische Mikrobiologie Marburg; Umbau BT B; Wärmeversorgung";Max-Planck-Gesellschaft Abt.III;München;1;;45331000;60;https://ted.europa.eu/bg/notice/-/detail/457866-2026
459446-2026;2026-07-02T22:00:00.000Z;Deutschland – Installation von Elektroanlagen – 0070 - Stadt Pocking - Generalsanierung und Erweiterung Mittelschule Pocking M2 - Elektro;Stadt Pocking;Pocking;0;;45311000;60;https://ted.europa.eu/bg/notice/-/detail/459446-2026
460136-2026;2026-07-02T22:00:00.000Z;Deutschland – Sanitäre Anlagen – Neubau Fahrradparkhaus am Hauptbahnhof in Heidelberg -Sanitär,Heizung,RLT-Anlagen-;Stadt Heidelberg;Heidelberg;137645.03;;45315000 45331210;60;https://ted.europa.eu/bg/notice/-/detail/460136-2026
456949-2026;2026-07-02T22:00:00.000Z;Deutschland – Installation von Sanitäreinrichtungen – Universität Leipzig, Veterinärmedizin, Institut Pathologie, Grundsanierung;Staatsbetrieb Sächsisches Immobilien- und Baumanagement, Zentrale, Zentralstelle Vergabe- und Vertragsmanagement;Dresden;;2026-08-06T07:00:00.000Z;45332400;48;https://ted.europa.eu/bg/notice/-/detail/456949-2026
457005-2026;2026-07-02T22:00:00.000Z;Deutschland – Installation von Sanitäreinrichtungen – Sanierung Sport- und Kulturzentrum - Wasser/Abwasseranlagen;Gemeinde Sandhausen;Sandhausen;;;45332400;48;https://ted.europa.eu/bg/notice/-/detail/457005-2026
457051-2026;2026-07-02T22:00:00.000Z;Deutschland – Installation von Aufzügen – Straße der Republik 2B, Wiesbaden;SEG Stadtentwicklungsgesellschaft Wiesbaden mbH;Wiesbaden;;2026-08-04T08:00:00.000Z;45313100;48;https://ted.europa.eu/bg/notice/-/detail/457051-2026
457320-2026;2026-07-02T22:00:00.000Z;Deutschland – Installation von Zentralheizungen – Rahmenvertrag (Zeitvertrag 2026-2028) Heizanlagen;Kreisausschuss des Lahn-Dill-Kreises 12.4 Zentrale Vergabe- und Submissionsstelle;Wetzlar;;;45331100;48;https://ted.europa.eu/bg/notice/-/detail/457320-2026
457475-2026;2026-07-02T22:00:00.000Z;Deutschland – Blitzschutzarbeiten – Sanierung Sport- und Kulturzentrum - Blitzschutz/Erdungsanlage;Gemeinde Sandhausen;Sandhausen;;;45312310;48;https://ted.europa.eu/bg/notice/-/detail/457475-2026
457661-2026;2026-07-02T22:00:00.000Z;Deutschland – Installation von Zentralheizungen – Sanierung Sport- und Kulturzentrum - Wärmeversorgung;Gemeinde Sandhausen;Sandhausen;;;45331100;48;https://ted.europa.eu/bg/notice/-/detail/457661-2026
459046-2026;2026-07-02T22:00:00.000Z;Deutschland – Mittelspannungsarbeiten – DBT - SHEZ Energiezentrale - Elektrische Anlagen nach DIN 18 382 - Leittechnik - 3 Lose - Vergabe 1470/2026;Bundesrepublik Deutschland, vertreten durch: Bundesamt für Bauwesen und Raumordnung;Berlin;;2026-07-31T07:30:00.000Z;45315500;48;https://ted.europa.eu/bg/notice/-/detail/459046-2026
459555-2026;2026-07-02T22:00:00.000Z;Deutschland – Installation von Sanitäreinrichtungen – Gas-, Wasser- und Entwässerungsanlagen innerhalb von Gebäuden_Sanitärarbeiten und Abbrucharbeiten HLS;Land Berlin – Sondervermögen Immobilien des Landes Berlin (SILB) c/o BIM Berliner Immobilienmanagement GmbH;Berlin;;;45332400;48;https://ted.europa.eu/bg/notice/-/detail/459555-2026
459642-2026;2026-07-02T22:00:00.000Z;Deutschland – Installation von Lüftungsanlagen – Sanierung Sport- und Kulturzentrum - Raumlufttechnische Anlagen;Gemeinde Sandhausen;Sandhausen;;;45331210;48;https://ted.europa.eu/bg/notice/-/detail/459642-2026
459848-2026;2026-07-02T22:00:00.000Z;Deutschland – Bauarbeiten – 26E0230 Gästehaus der Landesregierung, Bastei Renovierung Modernisierung Optimierung Dachdeckungsarbeiten;Landes Rheinland-Pfalz vertreten durch das Ministerium der Finanzen vertreten durch den Landesbetrieb Liegenschafts- und Baubetreuung Niederlassung Mainz;Mainz;;2026-08-03T08:00:00.000Z;45312310;48;https://ted.europa.eu/bg/notice/-/detail/459848-2026
460394-2026;2026-07-02T22:00:00.000Z;Deutschland – Installation von Gasanlagen – 2026-01 DVG Gaswarnanlage Bushalle (3);Duisburger Verkehrsgesellschaft AG;Duisburg;;2026-08-03T08:00:00.000Z;45333000;48;https://ted.europa.eu/bg/notice/-/detail/460394-2026
460521-2026;2026-07-02T22:00:00.000Z;Deutschland – Bau von Kliniken – Diakonissen Stiftungs Krankenhaus Speyer OP 7+8 Umbau und Erweiterung;Evangelische Diakonissenanstalt Speyer-Mannheim-Bad Dürkheim;Speyer;;2026-08-03T12:00:00.000Z;45312310;48;https://ted.europa.eu/bg/notice/-/detail/460521-2026
460566-2026;2026-07-02T22:00:00.000Z;Deutschland – Installation von Aufzügen – Sanierung Georg-Schneider-Haus - Aufzugsanlage;Große Kreisstadt Leutkirch im Allgäu;Leutkirch im Allgäu;;2026-08-04T08:30:00.000Z;45313100;48;https://ted.europa.eu/bg/notice/-/detail/460566-2026
457086-2026;2026-07-02T22:00:00.000Z;Deutschland – Stromversorgungsanlagen – Los 35 PV-Anlage;Gemeinde Michendorf, Die Bürgermeisterin;Michendorf;;2026-07-27T08:00:00.000Z;45315300;43;https://ted.europa.eu/bg/notice/-/detail/457086-2026
457743-2026;2026-07-02T22:00:00.000Z;Deutschland – Installation von Aufzügen – Los 34 Aufzug;Gemeinde Michendorf, Die Bürgermeisterin;Michendorf;;2026-07-27T08:00:00.000Z;45313100;43;https://ted.europa.eu/bg/notice/-/detail/457743-2026
459060-2026;2026-07-02T22:00:00.000Z;Deutschland – Installation von Lüftungsanlagen – Los 32 Lüftung / Gebäudeautomation;Gemeinde Michendorf, Die Bürgermeisterin;Michendorf;;2026-07-27T08:00:00.000Z;45331210;43;https://ted.europa.eu/bg/notice/-/detail/459060-2026
459916-2026;2026-07-02T22:00:00.000Z;Deutschland – Installation von Schaltanlagen – 0057 - Klinikum Memmingen, Neubau Klinikum - Gebäudeautomation;Klinikum Memmingen AöR;Memmingen;;2026-07-24T08:00:00.000Z;45315700;43;https://ted.europa.eu/bg/notice/-/detail/459916-2026
456932-2026;2026-07-02T22:00:00.000Z;Deutschland – Blitzschutzarbeiten – Rahmenvertrag (Zeitvertrag 2026-2028) Blitzschutzanlagen;Kreisausschuss des Lahn-Dill-Kreises 12.4 Zentrale Vergabe- und Submissionsstelle;Wetzlar;-1;;45312310;40;https://ted.europa.eu/bg/notice/-/detail/456932-2026
457652-2026;2026-07-02T22:00:00.000Z;Deutschland – Elektroinstallationsarbeiten für Transformatoren – DLR Standort Neustrelitz - Neubau begehbare Trafostation;Deutsches Zentrum für Luft- und Raumfahrt e.V.;Braunschweig;0;2026-08-03T07:30:00.000Z;45317200;40;https://ted.europa.eu/bg/notice/-/detail/457652-2026
458136-2026;2026-07-02T22:00:00.000Z;Deutschland – Verlegen von Kabeln – Lieferung und Verlegung Erdkabel;Kreisausschuss des Rheingau-Taunus-Kreises, Fachdienst IV.5;Bad Schwalbach;29457;;45314310;40;https://ted.europa.eu/bg/notice/-/detail/458136-2026
458145-2026;2026-07-02T22:00:00.000Z;Deutschland – Installation von Sanitäreinrichtungen – 0070 - Stadt Pocking - Generalsanierung und Erweiterung Mittelschule Pocking M2 - Sanitär;Stadt Pocking;Pocking;0;;45332400;40;https://ted.europa.eu/bg/notice/-/detail/458145-2026
458853-2026;2026-07-02T22:00:00.000Z;Deutschland – Installation von Lüftungsanlagen – 0070 - Stadt Pocking - Generalsanierung und Erweiterung Mittelschule Pocking M2 - Lüftung;Stadt Pocking;Pocking;0;;45331210;40;https://ted.europa.eu/bg/notice/-/detail/458853-2026
459072-2026;2026-07-02T22:00:00.000Z;Deutschland – Kabelinfrastruktur – ESTW Parkstein-Hütten Kabeltiefbau (KTB);DB InfraGO AG – Geschäftsbereich Fahrweg (Bukr 16);Frankfurt Main;0;;45314300;40;https://ted.europa.eu/bg/notice/-/detail/459072-2026
453605-2026;2026-07-01T22:00:00.000Z;Deutschland – Bauleistungen im Hochbau – Neubau OGTS und Schulmensa - Lüftungsinstallationsarbeiten;Gemeinde Memmelsdorf;Memmelsdorf;;2026-08-19T08:00:00.000Z;45331000 45331200 45331210;83;https://ted.europa.eu/bg/notice/-/detail/453605-2026
454746-2026;2026-07-01T22:00:00.000Z;Deutschland – Bauleistungen im Hochbau – Neubau OGTS und Schulmensa - Gebäudeautomation;Gemeinde Memmelsdorf;Memmelsdorf;;2026-08-19T08:00:00.000Z;45331000 45317000;83;https://ted.europa.eu/bg/notice/-/detail/454746-2026
453583-2026;2026-07-01T22:00:00.000Z;Deutschland – Installation von elektrischen Leitungen – GV ST 26010 Elektroarbeiten, Erweiterung und Umbau 3. Gesamtschule, Heyerweg 12, 41515 Grevenbroich;Stadt Grevenbroich;Grevenbroich;1197161.19;;45310000 45311000;80;https://ted.europa.eu/bg/notice/-/detail/453583-2026
454304-2026;2026-07-01T22:00:00.000Z;Deutschland – Elektroinstallationsarbeiten – BImA, BPol Bundespolizei Potsdam, Comp. Haus 8, 13, 14, Gebäudeautomation;Brandenburgischer Landesbetrieb für Liegenschaften und Bauen (BLB) - Zentrale Vergabestelle;Zossen;359514.91;;45311200 45311100;80;https://ted.europa.eu/bg/notice/-/detail/454304-2026
454753-2026;2026-07-01T22:00:00.000Z;Deutschland – Installation von Heizungs-, Lüftungs- und Klimaanlagen – Generalsanierung und Erweiterung Grundschule Oberfahlheim // Lüftung;Gemeinde Nersingen;Nersingen;234534;;45331000;80;https://ted.europa.eu/bg/notice/-/detail/454753-2026
454785-2026;2026-07-01T22:00:00.000Z;Deutschland – Bauarbeiten – 37_STF-RZD: Stadtteilfeuerwehr Reitzendorf- Neubau Gerätehaus - Los 44 Heizung Sanitär;Landeshauptstadt Dresden, GB Wirtschaft, Digitales, Personal und Sicherheit, Zentrales Vergabebüro;Dresden;298804.88;;45331000;80;https://ted.europa.eu/bg/notice/-/detail/454785-2026
454976-2026;2026-07-01T22:00:00.000Z;Deutschland – Installation von Heizungs-, Lüftungs- und Klimaanlagen – Generalsanierung und Erweiterung Grundschule Oberfahlheim // Heizung;Gemeinde Nersingen;Nersingen;217627;;45331000;80;https://ted.europa.eu/bg/notice/-/detail/454976-2026
455186-2026;2026-07-01T22:00:00.000Z;Deutschland – Installation von Heizungs-, Lüftungs- und Klimaanlagen – GV ST 26011 Lüftungsarbeiten, Erweiterung und Umbau 3. Gesamtschule, Heyerweg 12, 41515 Grevenbroich;Stadt Grevenbroich;Grevenbroich;513835.57;;45331000 45331200;80;https://ted.europa.eu/bg/notice/-/detail/455186-2026
455836-2026;2026-07-01T22:00:00.000Z;Deutschland – Elektroinstallationsarbeiten – BSÄ,PR,(N),Unterbringung Gebäudeautomation - KG480;Vermögen und Bau Baden-Württemberg, Amt Konstanz;Konstanz;397093.31;;45311200 45315700;80;https://ted.europa.eu/bg/notice/-/detail/455836-2026
456542-2026;2026-07-01T22:00:00.000Z;Deutschland – Elektroinstallationsarbeiten – Oberschleems 9 - Gebäudeautomation;SBH | Schulbau Hamburg;Hamburg;438546;;45311200;80;https://ted.europa.eu/bg/notice/-/detail/456542-2026
456744-2026;2026-07-01T22:00:00.000Z;Deutschland – Sonstige Elektroinstallationsarbeiten – KH Merheim, Bettenhaussanierung Haus 20, A-Seite - Gebäudeautomation-2 (MSR-2);Kliniken der Stadt Köln gGmbH;Köln;630000;2026-07-16T12:00:00.000Z;45317000;75;https://ted.europa.eu/bg/notice/-/detail/456744-2026
453198-2026;2026-07-01T22:00:00.000Z;"Deutschland – Elektroinstallationsarbeiten – Rudolstadt, Schloss Heidecksburg; SIP I Projekt: Nord- und Westflügel - Los 19 Elektroinstallationsarbeiten";Stiftung Thüringer Schlösser und Gärten;Rudolstadt;;2026-08-05T08:00:00.000Z;45311200;68;https://ted.europa.eu/bg/notice/-/detail/453198-2026
453225-2026;2026-07-01T22:00:00.000Z;Deutschland – Installation von Heizungs-, Lüftungs- und Klimaanlagen – Modernisierung und Attraktivierung Kyffhäusertherme - Lüftungstechnik;Stadt Bad Frankenhausen;Bad Frankenhausen;;;45331000;68;https://ted.europa.eu/bg/notice/-/detail/453225-2026
453228-2026;2026-07-01T22:00:00.000Z;Deutschland – Elektroinstallationsarbeiten – TGA Wittenburg;NEL Gastransport GmbH;Kassel;;2026-07-31T10:00:00.000Z;45311200;68;https://ted.europa.eu/bg/notice/-/detail/453228-2026
453293-2026;2026-07-01T22:00:00.000Z;Deutschland – Installation von Heizungs-, Lüftungs- und Klimaanlagen – Heizungsinstallation nach DIN 18380 - Neubau Sprachheilschule Maulburg;Landratsamt Lörrach, Personal und Organisation;Lörrach;;;45331000;68;https://ted.europa.eu/bg/notice/-/detail/453293-2026
453648-2026;2026-07-01T22:00:00.000Z;Deutschland – Installation von elektrischen Kabeln – Rahmenvertrag Kabelverlegung 2027-2034;Hamburger Hochbahn AG;Hamburg;;2026-08-03T16:00:00.000Z;45311100;68;https://ted.europa.eu/bg/notice/-/detail/453648-2026
453960-2026;2026-07-01T22:00:00.000Z;Deutschland – Heizungs- und sonstige Elektroinstallationen in Gebäuden – UHS - Generalsanierung Ludwig-Uhland Schule - Heizung + Winterbaubeheizung;Stadt Nürnberg vertreten durch WBG KOMMUNAL GmbH;Nürnberg;;2026-08-03T07:20:00.000Z;45315000 45331000 45331100;68;https://ted.europa.eu/bg/notice/-/detail/453960-2026
454876-2026;2026-07-01T22:00:00.000Z;Deutschland – Reparatur- und Wartungsdienste – Wartungsleistungen Hygieneinspektion UKG (NSP,KMT);Universitätsklinikum Aachen AöR;Aachen;;;50710000;68;https://ted.europa.eu/bg/notice/-/detail/454876-2026
455060-2026;2026-07-01T22:00:00.000Z;Deutschland – Installation von Heizungs-, Lüftungs- und Klimaanlagen – MVA Bielefeld-Herford GmbH: Technischen Gebäudeausrüstung (Los 7) für eine Klärschlammmonoverbrennungsanlage;MVA Bielefeld-Herford GmbH;Bielefeld;;;45331000 45331200;68;https://ted.europa.eu/bg/notice/-/detail/455060-2026
455318-2026;2026-07-01T22:00:00.000Z;Deutschland – Elektroinstallationsarbeiten – Stark- und Schwachstromtechnik;degewo Nord Wohnungsgesellschaft mbH;Berlin;;2026-08-04T08:00:00.000Z;45311200;68;https://ted.europa.eu/bg/notice/-/detail/455318-2026
456406-2026;2026-07-01T22:00:00.000Z;Deutschland – Elektroinstallationsarbeiten – Elektroarbeiten Jeckel-Areal;Stadt Rottenburg am Neckar;Rottenburg am Neckar;;;45311200;68;https://ted.europa.eu/bg/notice/-/detail/456406-2026
454031-2026;2026-07-01T22:00:00.000Z;Deutschland – Bauleistungen im Hochbau – Neubau OGTS und Schulmensa - Sanitärinstallationsarbeiten;Gemeinde Memmelsdorf;Memmelsdorf;;2026-08-19T08:00:00.000Z;45332200 45332400;63;https://ted.europa.eu/bg/notice/-/detail/454031-2026
454280-2026;2026-07-01T22:00:00.000Z;Deutschland – Bau von Grundschulen – Elektroinstallationsarbeiten;Landeshauptstadt München, Baureferat;München;;2026-07-14T11:40:00.000Z;45311200;63;https://ted.europa.eu/bg/notice/-/detail/454280-2026
455478-2026;2026-07-01T22:00:00.000Z;Deutschland – Bauleistungen im Hochbau – Neubau OGTS und Schulmensa - Küchentechnik;Gemeinde Memmelsdorf;Memmelsdorf;;2026-08-19T08:00:00.000Z;45331230 45331231;63;https://ted.europa.eu/bg/notice/-/detail/455478-2026
452964-2026;2026-07-01T22:00:00.000Z;Deutschland – Installateurarbeiten und Verlegung von Abwasserleitungen – 2026-08 Erweiterung Grundschule Simbach a. Inn - Sanitär;Stadt Simbach a. Inn;Simbach a. Inn;0;;45332000 45330000;60;https://ted.europa.eu/bg/notice/-/detail/452964-2026
453971-2026;2026-07-01T22:00:00.000Z;Deutschland – Installateurarbeiten – 2026-06 Erweiterung Grundschule Simbach a. Inn - Heizung;Stadt Simbach a. Inn;Simbach a. Inn;0;;45330000;60;https://ted.europa.eu/bg/notice/-/detail/453971-2026
454071-2026;2026-07-01T22:00:00.000Z;Deutschland – Installation von Sanitäreinrichtungen – GV ST 26013 Sanitärarbeiten, Erweiterung und Umbau 3. Gesamtschule, Heyerweg 12, 41515 Grevenbroich;Stadt Grevenbroich;Grevenbroich;815150;;45332400;60;https://ted.europa.eu/bg/notice/-/detail/454071-2026
454707-2026;2026-07-01T22:00:00.000Z;Deutschland – Installation von Zentralheizungen – iHAST Los 3;Stadtwerke Weimar GmbH;Weimar;291000;;45331100;60;https://ted.europa.eu/bg/notice/-/detail/454707-2026
455183-2026;2026-07-01T22:00:00.000Z;Deutschland – Komplett- oder Teilbauleistungen im Hochbau sowie Tiefbauarbeiten – Ausbau der passiven Breitband-Netz-Infrastruktur in den unterversorgten Gebieten des Landkreises Friesland - Bauleistungen;Breitbandfördergesellschaft Friesland mbH;Jever;9460258;;45314000;60;https://ted.europa.eu/bg/notice/-/detail/455183-2026
455393-2026;2026-07-01T22:00:00.000Z;Deutschland – Elektroinstallationsarbeiten – Generalsanierung und Erweiterung Grundschule Oberfahlheim // MSR-Technik;Gemeinde Nersingen;Nersingen;70915;;45311200;60;https://ted.europa.eu/bg/notice/-/detail/455393-2026
456487-2026;2026-07-01T22:00:00.000Z;Deutschland – Elektrotechnikinstallation – Elektrotechnik;Sprinkenhof GmbH;Hamburg;212675.67;;45315100;60;https://ted.europa.eu/bg/notice/-/detail/456487-2026
456734-2026;2026-07-01T22:00:00.000Z;Deutschland – Elektroinstallationsarbeiten – Generalsanierung und Erweiterung Grundschule Oberfahlheim // Elektroarbeiten, Blitzschutz, BMA;Gemeinde Nersingen;Nersingen;0;;45311200;60;https://ted.europa.eu/bg/notice/-/detail/456734-2026
452978-2026;2026-07-01T22:00:00.000Z;Deutschland – Verlegen von Kabeln – EPV: Fertigung, Lieferung, Legung und Montage von betriebsfertigen 110kV-Kabelsystemen der Stromnetz Berlin GmbH;Stromnetz Berlin GmbH;Berlin;1;2026-08-19T09:00:00.000Z;45314310;55;https://ted.europa.eu/bg/notice/-/detail/452978-2026
456554-2026;2026-07-01T22:00:00.000Z;Deutschland – Installation von Elektroanlagen – Neubau Rathaus Fahrenzhausen - LV 307 Medientechnik;Gemeinde Fahrenzhausen;Fahrenzhausen;100000;2026-07-23T08:00:00.000Z;45311000 45314000;55;https://ted.europa.eu/bg/notice/-/detail/456554-2026
452881-2026;2026-07-01T22:00:00.000Z;Deutschland – Bauarbeiten – SG Zeven - KuBiZ Zeven - Brand- und Einbruchmeldeanlage;Samtgemeinde Zeven;Zeven;;2026-08-03T08:00:00.000Z;45312100 45312200;48;https://ted.europa.eu/bg/notice/-/detail/452881-2026
454066-2026;2026-07-01T22:00:00.000Z;Deutschland – Bauarbeiten für Schwimmbäder – Sorpesee GmbH - Energetische Sanierung Hallenbad Sundern | Elektrotechnik;Sorpesee GmbH;Sundern-Langscheid;;2026-08-03T09:00:00.000Z;45315100;48;https://ted.europa.eu/bg/notice/-/detail/454066-2026
455810-2026;2026-07-01T22:00:00.000Z;Deutschland – Elektrotechnikinstallation – Schulzentrum Broich, Elektro- u. Sicherheitstechnik (hier: NT 37, NT 36 noch in Prüfung);Mülheim an der Ruhr - ImmobilienService;Mülheim an der Ruhr;;;45315100;48;https://ted.europa.eu/bg/notice/-/detail/455810-2026
455839-2026;2026-07-01T22:00:00.000Z;Deutschland – Installation von Aufzügen – Aufzugsanlage 70-00002-2780-411 - PR1246841-2780-B;Fraunhofer-Gesellschaft zur Förderung der angewandten Forschung e.V. - Einkauf B12 - Vergabestelle Bau;München;;2026-07-31T08:00:00.000Z;45313100;48;https://ted.europa.eu/bg/notice/-/detail/455839-2026
456315-2026;2026-07-01T22:00:00.000Z;Deutschland – Installation von Schaltanlagen – Lieferung und Montage von zwei 110 kV Kabelschaltfeldern AIS einschließlich Betriebsgebäude im UW IZ-W;Stadtwerke Steinburg GmbH;Itzehoe;;2026-08-03T10:00:00.000Z;45315700;48;https://ted.europa.eu/bg/notice/-/detail/456315-2026
456400-2026;2026-07-01T22:00:00.000Z;Deutschland – Installation von Aufzügen – Staatsbetrieb Sächs.Informatik Dienste, Errichtung Funktionsgebäude;Staatsbetrieb Sächsisches Immobilien- und Baumanagement, Zentrale, Zentralstelle Vergabe- und Vertragsmanagement;Dresden;;;45313100;48;https://ted.europa.eu/bg/notice/-/detail/456400-2026
456415-2026;2026-07-01T22:00:00.000Z;Deutschland – Installation von Lüftungsanlagen – Lüftungsinstallation nach DIN 18379 - Neubau Sprachheilschule Maulburg;Landratsamt Lörrach, Stabsstelle Recht - Vergabestelle -;Lörrach;;;45331210;48;https://ted.europa.eu/bg/notice/-/detail/456415-2026
452974-2026;2026-07-01T22:00:00.000Z;Deutschland – Installation von Fernmeldeanlagen – Stromversorgungserneuerung - 11 Stk. Kompaktstromversorgungsanlagen;DB InfraGO AG – Geschäftsbereich Fahrweg (Bukr 16);Frankfurt Main;0;;45314000;40;https://ted.europa.eu/bg/notice/-/detail/452974-2026
453126-2026;2026-07-01T22:00:00.000Z;Deutschland – Bauarbeiten für Abwasserbeseitigungsanlagen – Kläranlage Heepen Faulbehälter II+III - Austausch Rohrleitungen;Stadt Bielefeld - Amt für Zentrale Leistungen;Bielefeld;99500;;45332200;40;https://ted.europa.eu/bg/notice/-/detail/453126-2026
454943-2026;2026-07-01T22:00:00.000Z;Deutschland – Installation von Aufzügen – 26E20030 - Polizeiinspektion Cuxhaven (BHZ II), Z-BU Sanierung Bestandsgebäude, Erneuerung einer Aufzugsanlage_Vergebener Auftrag;Land Niedersachsen vertreten durch das Staatliche Baumanagement Niedersachsen;Cuxhaven;108746.72;;45313100;40;https://ted.europa.eu/bg/notice/-/detail/454943-2026
455871-2026;2026-07-01T22:00:00.000Z;"Deutschland – Kabelinfrastruktur – Neubau ESTW-A Rüdesheim; Kabeltiefbau";DB InfraGO AG – Geschäftsbereich Fahrweg (Bukr 16);Frankfurt Main;0;;45314300;40;https://ted.europa.eu/bg/notice/-/detail/455871-2026
456310-2026;2026-07-01T22:00:00.000Z;Deutschland – Installation von Schaltanlagen – UW Hamburg-Harburg Sek-Technik Erneuerung;DB Energie GmbH (Bukr 31);Frankfurt Main;0;;45315700;40;https://ted.europa.eu/bg/notice/-/detail/456310-2026
456553-2026;2026-07-01T22:00:00.000Z;Deutschland – Installation von Aufzügen – VE 400 Förderanlagen;Stadt Bayreuth Hochbauamt;Bayreuth;52052;;45313100 45313000;40;https://ted.europa.eu/bg/notice/-/detail/456553-2026
449602-2026;2026-06-30T22:00:00.000Z;Deutschland – Bau von Sporthallen – 2024-08 Sporthalle Hasenberg, 2408-16 Elektro- und Kommunikationsanlagen;Stadt Lauenburg/Elbe - Der Bürgermeister;Lauenburg/Elbe;;2026-08-11T08:00:00.000Z;45311200 45316000 45317300 45314000;83;https://ted.europa.eu/bg/notice/-/detail/449602-2026
451414-2026;2026-06-30T22:00:00.000Z;Deutschland – Elektroinstallationsarbeiten – GOK, Sanierung technische Infrastruktur;Staatsbetrieb Sächsisches Immobilien- und Baumanagement, Zentrale, Zentralstelle Vergabe- und Vertragsmanagement;Dresden;;2026-08-18T07:00:00.000Z;45311200;83;https://ted.europa.eu/bg/notice/-/detail/451414-2026
451436-2026;2026-06-30T22:00:00.000Z;Deutschland – Installation von Heizungs-, Lüftungs- und Klimaanlagen – GS Lüne, Umbau und Sanierung der Bestandsgebäude, BA 2;Hansestadt Lüneburg;Lüneburg;;2026-08-18T07:15:00.000Z;45331000;83;https://ted.europa.eu/bg/notice/-/detail/451436-2026
449211-2026;2026-06-30T22:00:00.000Z;Deutschland – Installation von Heizungs-, Lüftungs- und Klimaanlagen – UHS - Generalsanierung Ludwig-Uhland Schule - Lüftung;Stadt Nürnberg vertreten durch WBG KOMMUNAL GmbH;Nürnberg;873460;;45331000 45331210;80;https://ted.europa.eu/bg/notice/-/detail/449211-2026
449572-2026;2026-06-30T22:00:00.000Z;Deutschland – Gebäude von besonderer historischer oder architektonischer Bedeutung – 60*.02553 | Los 502 Tiefbauarbeiten – Vorgezogene Medienerschließung;Klassik Stiftung Weimar Stiftung des öffentlichen Rechts;Weimar;537341.9;;45310000;80;https://ted.europa.eu/bg/notice/-/detail/449572-2026
450144-2026;2026-06-30T22:00:00.000Z;Deutschland – Bauarbeiten – Neubau eines Pflegeheimes, Hoyersburger Straße 60, 29410 Salzwedel;Zentrum für Soziale Psychiatrie Salzwedel;Salzwedel;1167747;;45315000 45332200 45331210;80;https://ted.europa.eu/bg/notice/-/detail/450144-2026
450157-2026;2026-06-30T22:00:00.000Z;Deutschland – Bauarbeiten für Universitätsgebäude – VE 403 Starkstromanlagen;Freie Universität Berlin;Berlin;1648213.47;;45311000;80;https://ted.europa.eu/bg/notice/-/detail/450157-2026
450175-2026;2026-06-30T22:00:00.000Z;Deutschland – Installateurarbeiten – GS Steinhude: An-/Umbau zur Ganztagsschule - Heizungstechnik, Bauteil C;Stadt Wunstorf;Wunstorf;312300.01;;45330000 45331000 45331100;80;https://ted.europa.eu/bg/notice/-/detail/450175-2026
450449-2026;2026-06-30T22:00:00.000Z;Deutschland – Installation von Elektroanlagen – Sanierung Rathaus mit Kulturzentraum: Bühnenbeleuchtung;Stadt Bocholt;Bocholt;946203.56;;45311000;80;https://ted.europa.eu/bg/notice/-/detail/450449-2026
450936-2026;2026-06-30T22:00:00.000Z;Deutschland – Installation von Heizungs-, Lüftungs- und Klimaanlagen – Ersatzneubau der Sporthalle in Warberg in Süpplingen in der Samtgemende Nord-Elm - Heizungstechnik;Samtgemeinde Nord-Elm;Süpplingen;469138.1;;45331000;80;https://ted.europa.eu/bg/notice/-/detail/450936-2026
451124-2026;2026-06-30T22:00:00.000Z;Deutschland – Installation von elektrischen Kabeln – TUD Sanierung Beyer-Bau;Staatsbetrieb Sächsisches Immobilien- und Baumanagement;Dresden;3299102.52;;45311100;80;https://ted.europa.eu/bg/notice/-/detail/451124-2026
451821-2026;2026-06-30T22:00:00.000Z;Deutschland – Installation von Elektroanlagen – Umbau EG in IMC Turm 2 - Elektroinstallationen;BG Kliniken Ludwigshafen und Tübingen gGmbH;Ludwigshafen;840068.95;;45311000 45311200 45317000;80;https://ted.europa.eu/bg/notice/-/detail/451821-2026
452314-2026;2026-06-30T22:00:00.000Z;Deutschland – Sonstige Elektroinstallationsarbeiten – KH Merheim, Bettenhaussanierung Haus 20, A-Seite - Gebäudeautomation (MSR);Kliniken der Stadt Köln gGmbH;Köln;630000;;45317000;80;https://ted.europa.eu/bg/notice/-/detail/452314-2026
452614-2026;2026-06-30T22:00:00.000Z;Deutschland – Installation von Heizungs-, Lüftungs- und Klimaanlagen – Amtsgericht Heilbronn, Sanierung und Umstrukturierung Heiz-und Kühldeckenarbeiten;Vermögen und Bau Baden-Württemberg, Amt Heilbronn;Heilbronn;299012.92;;45331000;80;https://ted.europa.eu/bg/notice/-/detail/452614-2026
452087-2026;2026-06-30T22:00:00.000Z;Deutschland – Elektrotechnikinstallation – Reutlingen, Hochschule, Gebäude 22, Ersatzbau der Fakultät für Angewandte Chemie Elektro, Stark- und Schwachstromanlagen;Vermögen und Bau Baden-Württemberg, Amt Tübingen;Tübingen;3873415.14;2026-08-18T07:00:00.000Z;45315100;75;https://ted.europa.eu/bg/notice/-/detail/452087-2026
452468-2026;2026-06-30T22:00:00.000Z;"Deutschland – Bauarbeiten für Rohrleitungen, Fernmelde- und Stromleitungen, für Autobahnen, Straßen, Flugplätze und Eisenbahnen; Nivellierungsarbeiten – Rahmenvertrag über die Herstellung von Hausanschlüssen im Enzkreis im Rahmen der Nachverdichtung";Zweckverband Breitbandversorgung im Enzkreis;Pforzheim;10164290;2026-08-18T09:00:00.000Z;45314310;75;https://ted.europa.eu/bg/notice/-/detail/452468-2026
449549-2026;2026-06-30T22:00:00.000Z;Deutschland – Elektroinstallationsarbeiten – Stadt Königswinter - Abbruch/Neubau Turnhalle Oberdollendorf mit OGS-Erweiterung | Elektroarbeiten;Stadt Königswinter;Königswinter;;2026-07-30T09:00:00.000Z;45311200;68;https://ted.europa.eu/bg/notice/-/detail/449549-2026
450052-2026;2026-06-30T22:00:00.000Z;Deutschland – Installation von elektrischen Leitungen – Telefonica-Anlagen - Elektroversorgung;Berliner Verkehrsbetriebe, Bereich Einkauf/ Materialwirtschaft;Berlin;;2026-08-06T11:00:00.000Z;45310000;68;https://ted.europa.eu/bg/notice/-/detail/450052-2026
450436-2026;2026-06-30T22:00:00.000Z;"Deutschland – Akkumulatoren und Batterien – Schlüsselfertige Errichtung und Betrieb eines Batteriespeichersystems ""Alter Postweg "" Buxtehude";Stadtwerke Winsen (Luhe) GmbH;Winsen (Luhe);;2026-07-30T07:50:00.000Z;45311000 45315300;68;https://ted.europa.eu/bg/notice/-/detail/450436-2026
450481-2026;2026-06-30T22:00:00.000Z;Deutschland – Installateurarbeiten – 2025-0453, Heizungs- und Sanitärinstallation (HLS), GGS Opladen, Hans-Schlehahn-Str. 6, 51379 Leverkusen;Stadt Leverkusen - Fachbereich Recht und Vergabestelle;Leverkusen;;2026-08-03T08:00:00.000Z;45330000;68;https://ted.europa.eu/bg/notice/-/detail/450481-2026
450085-2026;2026-06-30T22:00:00.000Z;Deutschland – Installation von Lüftungsanlagen – Rahmenvertrag Schalldämmlüfter bei Lärmsanierungs- und Lärmvorsorgemaßnahmen;DB InfraGO AG – Geschäftsbereich Fahrweg (Bukr 16);Frankfurt Main;;2026-08-11T11:30:00.000Z;45331210;63;https://ted.europa.eu/bg/notice/-/detail/450085-2026
451933-2026;2026-06-30T22:00:00.000Z;Deutschland – Installation von Heizungs-, Lüftungs- und Klimaanlagen – HLS-Anlagen;Sprinkenhof GmbH;Hamburg;;2026-07-13T10:00:00.000Z;45331000 45332400;63;https://ted.europa.eu/bg/notice/-/detail/451933-2026
452520-2026;2026-06-30T22:00:00.000Z;Deutschland – Installation von Schaltanlagen – GS Lüne, Umbau und Sanierung der Bestandsgebäude, BA 2;Hansestadt Lüneburg;Lüneburg;;2026-08-18T07:30:00.000Z;45315700;63;https://ted.europa.eu/bg/notice/-/detail/452520-2026
449279-2026;2026-06-30T22:00:00.000Z;Deutschland – Installation von Fernmeldeanlagen – Bildungscampus Naumburg, Schönburger Straße, 06618 Naumburg, Los 4-06n: Fernmelde- und informationstechnische Anlagen;Burgenlandkreis;Naumburg (Saale);651941.02;;45314000 45312100 45312200;60;https://ted.europa.eu/bg/notice/-/detail/449279-2026
449304-2026;2026-06-30T22:00:00.000Z;Deutschland – Installateurarbeiten – GS Steinhude - An-/Umbau zur Ganztagsschule - Sanitärstechnik, Bauteil C;Stadt Wunstorf;Wunstorf;76216.67;;45330000 45331000 45331100;60;https://ted.europa.eu/bg/notice/-/detail/449304-2026
450002-2026;2026-06-30T22:00:00.000Z;Deutschland – Installation von Heizungs-, Lüftungs- und Klimaanlagen – Umbau zu einem Kinder-/Jugendhaus und einem Kinderhort, Untere Talgasse 8, 90403 Nürnberg, Heizungsverteilung;Stadt Nürnberg Hochbauamt;Nürnberg;61624;;45331000;60;https://ted.europa.eu/bg/notice/-/detail/450002-2026
450024-2026;2026-06-30T22:00:00.000Z;Deutschland – Installation von Gasanlagen – Umbau EG in IMC Turm 2 - Medizinische Gase;BG Kliniken Ludwigshafen und Tübingen gGmbH;Ludwigshafen;97704.87;;45330000 45333000;60;https://ted.europa.eu/bg/notice/-/detail/450024-2026
450513-2026;2026-06-30T22:00:00.000Z;Deutschland – Elektrotechnikinstallation – KKE 4810 Gebäudeautomation;Hamburger Friedhöfe AöR;Hamburg;240449.06;;45315100;60;https://ted.europa.eu/bg/notice/-/detail/450513-2026
450694-2026;2026-06-30T22:00:00.000Z;Deutschland – Installation von Fernmeldeanlagen – Elektro-, Starkstrom-, Fernmelde- und Informationstechnische Anlagen;Land Berlin, vertreten durch das Bezirksamt Treptow-Köpenick von Berlin;Berlin;2283852.84;;45314000;60;https://ted.europa.eu/bg/notice/-/detail/450694-2026
451183-2026;2026-06-30T22:00:00.000Z;Deutschland – Elektrotechnikinstallation – uPva München Brandschutz: 4. Bauabschnitt Isartor u. Rosenheimer Platz;DB Station&Service AG (Bukr 11);Berlin;2358623.16;;45315100 45314310 45317300;60;https://ted.europa.eu/bg/notice/-/detail/451183-2026
451624-2026;2026-06-30T22:00:00.000Z;Deutschland – Installation von Lüftungs- und Klimaanlagen – Neubau Gesamtschule Altenessen-Süd, Erbslöhstr. 3, 45326 Essen, Lüftungsanlagenbau.;Stadt Essen - Immobilienwirtschaft;Essen;4661574.17;;45331200;60;https://ted.europa.eu/bg/notice/-/detail/451624-2026
451646-2026;2026-06-30T22:00:00.000Z;Deutschland – Installation von Heizungs-, Lüftungs- und Klimaanlagen – Umbau zu einem Kinder-/Jugendhaus und einem Kinderhort, Untere Talgasse 8, 90403 Nürnberg, Lüftung;Stadt Nürnberg Hochbauamt;Nürnberg;137712;;45331000;60;https://ted.europa.eu/bg/notice/-/detail/451646-2026
449268-2026;2026-06-30T22:00:00.000Z;Deutschland – Installation von Aufzügen – Generalübernehmerleistungen für die Planung und Errichtung eines Kantinenaufzugs, ECA-2026-047;Bundesdruckerei GmbH;Berlin;;2026-07-30T08:00:00.000Z;45313100;48;https://ted.europa.eu/bg/notice/-/detail/449268-2026
449704-2026;2026-06-30T22:00:00.000Z;Deutschland – Wasserinstallationsarbeiten – wärme- und kältetechnische Anlagen 70-00231-2530-410 - PR1184561-2530-B;Fraunhofer-Gesellschaft zur Förderung der angewandten Forschung e.V. - Einkauf B12 - Vergabestelle Bau;München;;;45332200 45332300 45332400;48;https://ted.europa.eu/bg/notice/-/detail/449704-2026
449980-2026;2026-06-30T22:00:00.000Z;Deutschland – Installation von Zentralheizungen – Wärmeerzeugungsanlagen, Heizungsanlage - Erweiterung der OGS Fahlerweg in Langenfeld;Stadt Langenfeld Rhld. - ZVS;Langenfeld;;2026-07-31T08:00:00.000Z;45331100;48;https://ted.europa.eu/bg/notice/-/detail/449980-2026
450892-2026;2026-06-30T22:00:00.000Z;Deutschland – Stromversorgungsanlagen – 118 KliPrien_ RoMed Klinik Prien a.C. - Erneuerung Funktionsbau_ 4420 Eigenstromversorgungsanlagen;Kliniken der Stadt und des Lkr. Rosenheim GmbH;Rosenheim;;;45315300;48;https://ted.europa.eu/bg/notice/-/detail/450892-2026
451161-2026;2026-06-30T22:00:00.000Z;"Deutschland – Installation von Aufzügen – Neubau Wohnbebauung und Kinderhaus; Gewerk: Aufzugsanlage";Wohnbau Pfullingen;Pfullingen;;;45313100;48;https://ted.europa.eu/bg/notice/-/detail/451161-2026
451405-2026;2026-06-30T22:00:00.000Z;Deutschland – Installation von Lüftungsanlagen – Oberschule Zum Wäldchen 4, Modernisierung + Neubau, Los 402 Lüftungsinstallation;Stadt Leipzig;Leipzig;;;45331210;48;https://ted.europa.eu/bg/notice/-/detail/451405-2026
451433-2026;2026-06-30T22:00:00.000Z;Deutschland – Installation von Lüftungsanlagen – Neubau Straßenmeisterei - Abgasabsauganlage;Landkreis Calw, Gebäudemanagement und Liegenschaften;Calw;;;45331210;48;https://ted.europa.eu/bg/notice/-/detail/451433-2026
451710-2026;2026-06-30T22:00:00.000Z;Deutschland – Installation von Aufzügen – Neubau Panoramabad Wartberg - Aufzugsanlagen;Stadt Pforzheim - Zentrale Vergabestelle;Pforzheim;;;45313100;48;https://ted.europa.eu/bg/notice/-/detail/451710-2026
451966-2026;2026-06-30T22:00:00.000Z;Deutschland – Installation von Aufzügen – Förderanlagen;Stadt Augsburg;Augsburg;;;45313100;48;https://ted.europa.eu/bg/notice/-/detail/451966-2026
452449-2026;2026-06-30T22:00:00.000Z;Deutschland – Installation von Lüftungsanlagen – raumlufttechnische Anlagen 70-00231-2530-411 - PR1184514-2530-B;Fraunhofer-Gesellschaft zur Förderung der angewandten Forschung e.V. - Einkauf B12 - Vergabestelle Bau;München;;;45331210 45331221;48;https://ted.europa.eu/bg/notice/-/detail/452449-2026
452664-2026;2026-06-30T22:00:00.000Z;Deutschland – Elektrotechnikinstallation – 16FEI23001 Erneuerung VST Duisburg, Erneuerung 50 Hz-Anlagen;Vergabekammer des Bundes beim Bundeskartellamt​;Bonn;;;45315100;48;https://ted.europa.eu/bg/notice/-/detail/452664-2026
449568-2026;2026-06-30T22:00:00.000Z;Deutschland – Installation von Aufzügen – Aufzugsanlage;Staatliches Bauamt Würzburg;Würzburg;;2026-07-17T08:00:00.000Z;45313100;43;https://ted.europa.eu/bg/notice/-/detail/449568-2026
449450-2026;2026-06-30T22:00:00.000Z;Deutschland – Installation von Lüftungsanlagen – Energetische Sanierung Konradin-Grundschule und Erweiterung um 4 Klassenräume, Barbarossastraße 29 - 31, 87600 Kaufbeuren;Stadt Kaufbeuren;Kaufbeuren;41733.92;;45331210;40;https://ted.europa.eu/bg/notice/-/detail/449450-2026
450252-2026;2026-06-30T22:00:00.000Z;Deutschland – Installation von Lüftungsanlagen – SV-CNI-260325-001 - U-Bahnhof Poccistraße, Lüftung und Kälte;Stadtwerke München GmbH;München;0;;45331210;40;https://ted.europa.eu/bg/notice/-/detail/450252-2026
451929-2026;2026-06-30T22:00:00.000Z;Deutschland – Elektroinstallationsarbeiten für Transformatoren – SV-JWA-260205-002 - TW - RV Retrofit NTS 2026, Elektroanlagenbau;SWM Infrastruktur GmbH & Co. KG;München;0;;45317200 45315500;40;https://ted.europa.eu/bg/notice/-/detail/451929-2026
451936-2026;2026-06-30T22:00:00.000Z;"Deutschland – Kabelinfrastruktur – Neubau ESTW-A Rüdesheim; Kabeltiefbau";DB InfraGO AG – Geschäftsbereich Fahrweg (Bukr 16);Frankfurt Main;0;;45314300;40;https://ted.europa.eu/bg/notice/-/detail/451936-2026
445757-2026;2026-06-29T22:00:00.000Z;Deutschland – Installation von Heizungs-, Lüftungs- und Klimaanlagen – Ersatzneubau der Sporthalle in Warberg in Süpplingen in der Samtgemende Nord-Elm - Lüftungstechnik;Samtgemeinde Nord-Elm;Süpplingen;379351.13;;45331000;80;https://ted.europa.eu/bg/notice/-/detail/445757-2026
445889-2026;2026-06-29T22:00:00.000Z;Deutschland – Installation von Lüftungsanlagen – 2025-0469 Lüftungsarbeiten (HLS) inkl. Wartungsvertrag über 4 Jahre (Neuausschreibung der Vergabe-Nr. 2025-0055 bzw. 2024-0410), Sanierung Festhalle - Festhalle Opladen, Opladener Platz 5a, 51379 Leverkusen;Stadt Leverkusen - Fachbereich Recht und Vergabestelle;Leverkusen;570257.29;;45331000 45331210 45331200;80;https://ted.europa.eu/bg/notice/-/detail/445889-2026
446278-2026;2026-06-29T22:00:00.000Z;Deutschland – Bauarbeiten – LK Aurich - Heizungsarbeiten - Conerus-Schule (BBS) Norden;Landkreis Aurich - Technisches Gebäudemanagement;Aurich (Ostfriesland);239845.68;;45315000;80;https://ted.europa.eu/bg/notice/-/detail/446278-2026
446318-2026;2026-06-29T22:00:00.000Z;Deutschland – Bauarbeiten – LK Aurich - Elektroarbeiten - Conerus-Schule (BBS) Norden;Landkreis Aurich - Technisches Gebäudemanagement;Aurich (Ostfriesland);695982.78;;45310000;80;https://ted.europa.eu/bg/notice/-/detail/446318-2026
447472-2026;2026-06-29T22:00:00.000Z;Deutschland – Elektrotechnikinstallation – Neubau Schule a.d. Ruhr, Mintarder Weg 43, 45219 Essen, Elektroarbeiten;Stadt Essen - Immobilienwirtschaft;Essen;1341579.4;;45316000 45315100;80;https://ted.europa.eu/bg/notice/-/detail/447472-2026
447668-2026;2026-06-29T22:00:00.000Z;Deutschland – Installation von Elektroanlagen – Friedrich-von-Bodelschwingh-Schule, Wiesbaden / Brandschutzsanierung;Landeshauptstadt Wiesbaden - Der Magistrat - Hochbauamt;Wiesbaden;548899.73;;45311000;80;https://ted.europa.eu/bg/notice/-/detail/447668-2026
448628-2026;2026-06-29T22:00:00.000Z;Deutschland – Installation von Heizungs-, Lüftungs- und Klimaanlagen – Heidelberg, Universitätsklinikum, Sanierung und Nachnutzung Rechtsmedizin / HeiCINN Heiz- und Klimakaltwasseranlagen DIN 18380;Vermögen und Bau Baden-Württemberg, Amt Mannheim und Heidelberg Dienstsitz Heidelberg;Heidelberg;2163948.9;2026-08-03T21:59:00.000Z;45331000;80;https://ted.europa.eu/bg/notice/-/detail/448628-2026
448759-2026;2026-06-29T22:00:00.000Z;Deutschland – Installation von Heizungs-, Lüftungs- und Klimaanlagen – G46 HLSK;Staatliches Bauamt Traunstein;Traunstein;575633.03;;45331000;80;https://ted.europa.eu/bg/notice/-/detail/448759-2026
449114-2026;2026-06-29T22:00:00.000Z;Deutschland – Installateurarbeiten und Verlegung von Abwasserleitungen – Feuerwehrtechnische Zentrale Ebergötzen, Neubau - VE 402 Sanitärtechnische Anlagen nach DIN 18381;Landkreis Göttingen;Göttingen;616608.54;;45332000 45332200 45332300 45332400;80;https://ted.europa.eu/bg/notice/-/detail/449114-2026
445790-2026;2026-06-29T22:00:00.000Z;Deutschland – Sanitäre Anlagen – Sanitärarbeiten;Landeshauptstadt München, Baureferat;München;;2026-07-31T08:30:00.000Z;45332000;68;https://ted.europa.eu/bg/notice/-/detail/445790-2026
445863-2026;2026-06-29T22:00:00.000Z;Deutschland – Installation von Sanitäreinrichtungen – Sanitär- und Heizungsarbeiten,Mittelpunkt-Grundschule Hungen;Landkreis Gießen - Der Kreisausschuss -;Gießen;;2026-08-03T08:00:00.000Z;45331000 45332400;68;https://ted.europa.eu/bg/notice/-/detail/445863-2026
446136-2026;2026-06-29T22:00:00.000Z;Deutschland – Stromversorgungsanlagen – Sächsischer Landtag, Sanierung und Erweiterung;Staatsbetrieb Sächsisches Immobilien- und Baumanagement, Zentrale, Zentralstelle Vergabe- und Vertragsmanagement;Dresden;;2026-07-31T07:00:00.000Z;45311000 45315300;68;https://ted.europa.eu/bg/notice/-/detail/446136-2026
446571-2026;2026-06-29T22:00:00.000Z;Deutschland – Installation von Lüftungsanlagen – Sanierung Eisberghalle - Sanitärinstallation;Stadt Nagold, Vergabestelle;Nagold;;2026-07-30T08:00:00.000Z;45331000 45331210;68;https://ted.europa.eu/bg/notice/-/detail/446571-2026
446984-2026;2026-06-29T22:00:00.000Z;Deutschland – Installation von Heizungs-, Lüftungs- und Klimaanlagen – Lufthygienische Prüfstandskonstruktion;Fraunhofer Institut für Bauphysik (IBP);Valley;;;45331000;68;https://ted.europa.eu/bg/notice/-/detail/446984-2026
448238-2026;2026-06-29T22:00:00.000Z;Deutschland – Elektroinstallationsarbeiten – Neubau Mastfunkanlage Hasselburger Mühle (FBQ);DB InfraGO AG – Geschäftsbereich Fahrweg (Bukr 16);Frankfurt Main;;2026-08-04T07:00:00.000Z;45311200;68;https://ted.europa.eu/bg/notice/-/detail/448238-2026
448239-2026;2026-06-29T22:00:00.000Z;Deutschland – Installateurarbeiten und Verlegung von Abwasserleitungen – Sanitärtechnische Anlagen, Bezirkssportanlage Süd_Umkleide, Bremen;Immobilien Bremen - Eigenbetrieb der Stadtgemeinde Bremen;Bremen;;;45332000;68;https://ted.europa.eu/bg/notice/-/detail/448239-2026
448267-2026;2026-06-29T22:00:00.000Z;Deutschland – Installation von Lüftungsanlagen – Sanierung Eisberghalle - Lüftungsinstallation;Stadt Nagold,Vergabestelle;Nagold;;2026-07-30T08:30:00.000Z;45331000 45331210;68;https://ted.europa.eu/bg/notice/-/detail/448267-2026
449110-2026;2026-06-29T22:00:00.000Z;Deutschland – Bauarbeiten – B440 Gebäudeautomation, Haus des Wissens, Willy-Brandt-Platz 1-3;Stadt Bochum, Referat Zentrale Vergabestelle;Bochum;;2026-07-30T08:00:00.000Z;45311200;68;https://ted.europa.eu/bg/notice/-/detail/449110-2026
447329-2026;2026-06-29T22:00:00.000Z;Deutschland – Installation von Elektroanlagen – Elektrische Anlagen;Technologierförderung Münster GmbH;Münster;;2026-07-27T09:00:00.000Z;45311000 45311200 45317000 45315100;63;https://ted.europa.eu/bg/notice/-/detail/447329-2026
448162-2026;2026-06-29T22:00:00.000Z;Deutschland – Installation von Elektroanlagen – HLS;STADT UND LAND Wohnbauten-Gesellschaft mbH;Berlin;;2026-07-27T08:00:00.000Z;45311000;63;https://ted.europa.eu/bg/notice/-/detail/448162-2026
448632-2026;2026-06-29T22:00:00.000Z;Deutschland – Installation von Elektroanlagen – Bühnenbeleuchtung;Sprinkenhof GmbH;Hamburg;;2026-07-27T09:00:00.000Z;45311000 45314300;63;https://ted.europa.eu/bg/notice/-/detail/448632-2026
449201-2026;2026-06-29T22:00:00.000Z;Deutschland – Installation von Elektroanlagen – Elekroarbeiten;STADT UND LAND Wohnbauten-Gesellschaft mbH;Berlin;;2026-07-27T08:00:00.000Z;45311000;63;https://ted.europa.eu/bg/notice/-/detail/449201-2026
446332-2026;2026-06-29T22:00:00.000Z;Deutschland – Sanitäre Anlagen – BLB NRW Köln / Technische Hochschule Köln, Campus Deutz, Neubau Gebäude B, Sanitärtechnische Anlagen;Bau- und Liegenschaftsbetrieb NRW Köln;Köln;519866.86;;45332400;60;https://ted.europa.eu/bg/notice/-/detail/446332-2026
446564-2026;2026-06-29T22:00:00.000Z;Deutschland – Installation von Lüftungs- und Klimaanlagen – Lüftungsarbeiten BT B und C;OPG Offenbacher Projektentwicklungsgesellschaft mbH im Namen und auf Rechnung des Magistrates der Stadt Offenbach am Main;Offenbach am Main;168046.31;;45331200;60;https://ted.europa.eu/bg/notice/-/detail/446564-2026
446689-2026;2026-06-29T22:00:00.000Z;Deutschland – Elektroinstallationsarbeiten – Ernst-Bergeest-Weg 54 - Gebäudeautomation;GMH | Gebäudemanagement Hamburg GmbH;Hamburg;61135;;45311200;60;https://ted.europa.eu/bg/notice/-/detail/446689-2026
447077-2026;2026-06-29T22:00:00.000Z;Deutschland – Installation von Zentralheizungen – Heizungsarbeiten 2. BA;Landeshauptstadt München, Baureferat;München;1050111.02;;45331100;60;https://ted.europa.eu/bg/notice/-/detail/447077-2026
448054-2026;2026-06-29T22:00:00.000Z;Deutschland – Installateurarbeiten – Energetische Sanierung Konradin-Grundschule und Erweiterung um 4 Klassenräume, Barbarossastraße 29 - 31, 87600 Kaufbeuren;Stadt Kaufbeuren;Kaufbeuren;24531.3;;45330000 45331000;60;https://ted.europa.eu/bg/notice/-/detail/448054-2026
448218-2026;2026-06-29T22:00:00.000Z;Deutschland – Installation von kältetechnischen Anlagen – Württ. Landesbibliothek, Umstrukturierung/ Sanierung Bestand/ 3. BA KG 434 Kältetechnische Anlagen;Vermögen und Bau Baden-Württemberg, Amt Stuttgart;Stuttgart;800000;2026-07-07T07:00:00.000Z;45331231;55;https://ted.europa.eu/bg/notice/-/detail/448218-2026
446198-2026;2026-06-29T22:00:00.000Z;Deutschland – Installation von Turbinen – Revisionsleistungen an AEG-Generator und AEG-Kanis Turbine;AGR Abfallentsorgungs-Gesellschaft Ruhrgebiet mbH;Herten;;2026-07-30T09:00:00.000Z;45315200;48;https://ted.europa.eu/bg/notice/-/detail/446198-2026
447178-2026;2026-06-29T22:00:00.000Z;Deutschland – Installation von Zentralheizungen – 62-2026-348-EA - Wärmeversorgungsanlage DIN 18380;Stadt Regensburg;Regensburg;;2026-07-30T07:00:00.000Z;45331100;48;https://ted.europa.eu/bg/notice/-/detail/447178-2026
447580-2026;2026-06-29T22:00:00.000Z;Deutschland – Bauarbeiten für Autobahnen – A45 - TB Blasbach - Verkehrssicherung I;Die Autobahn GmbH des Bundes - NL Westfalen;Hamm;;2026-07-29T07:00:00.000Z;45316213;43;https://ted.europa.eu/bg/notice/-/detail/447580-2026
448696-2026;2026-06-29T22:00:00.000Z;Deutschland – Installation von Zentralheizungen – Hofburgschule Alten-Buseck - Heizung- und Sanitärinstallation;Landkreis Gießen - Der Kreisausschuss -;Gießen;;2026-07-30T08:00:00.000Z;45331100 45332200 45332300 45332400;48;https://ted.europa.eu/bg/notice/-/detail/448696-2026
449018-2026;2026-06-29T22:00:00.000Z;Deutschland – Installation von Lüftungsanlagen – Hofburgschule Alten-Buseck - Lüftungsinstallation;Landkreis Gießen - Der Kreisausschuss -;Gießen;;2026-07-30T08:00:00.000Z;45331210;48;https://ted.europa.eu/bg/notice/-/detail/449018-2026
446118-2026;2026-06-29T22:00:00.000Z;Deutschland – Installation von Schaltanlagen – UW Altengamme - Erweiterung der 10-kV- und 110-kV Schaltanlage;Hamburger Energienetze GmbH;Hamburg;0;2026-07-31T12:00:00.000Z;45315700 45315500 45317200 45317300;40;https://ted.europa.eu/bg/notice/-/detail/446118-2026
446556-2026;2026-06-29T22:00:00.000Z;Deutschland – Installation von Aufzügen – KG460 Förderanlagen - Aufzug;Staatliches Bau- und Liegenschaftsamt Schwerin;Schwerin;82952;;45313100;40;https://ted.europa.eu/bg/notice/-/detail/446556-2026
447438-2026;2026-06-29T22:00:00.000Z;Deutschland – Installation von Alarmanlagen und Antennen – Grundschule Nenndorf, Um- und Anbau - Hausalarmanlage;Landkreis Harburg - Zentrale Vergabestelle für die Gemeinde Rosengarten;Winsen/Luhe;86261.19;;45312000;40;https://ted.europa.eu/bg/notice/-/detail/447438-2026
447931-2026;2026-06-29T22:00:00.000Z;Deutschland – Bauarbeiten – LK Aurich - Sanitärarbeiten - Conerus-Schule (BBS) Norden;Landkreis Aurich - Technisches Gebäudemanagement;Aurich (Ostfriesland);136410.96;;45332400;40;https://ted.europa.eu/bg/notice/-/detail/447931-2026
448372-2026;2026-06-29T22:00:00.000Z;Deutschland – Installation von Sanitäreinrichtungen – OBS (Sanitärarbeiten)-UW;Stadt Braunschweig Fachbereich Bauordnung und Zentrale Vergabestelle;Braunschweig;0;;45332400;40;https://ted.europa.eu/bg/notice/-/detail/448372-2026
448951-2026;2026-06-29T22:00:00.000Z;Deutschland – Installation von Brandmeldeanlagen – Notleitstelle Kafkastraße, U-Bahn Nürnberg: Vergabepaket 41 - Brandmeldeleitsystem;Stadt Nürnberg, U-Bahnbauamt;Nürnberg;111412.22;;45312100;40;https://ted.europa.eu/bg/notice/-/detail/448951-2026
441971-2026;2026-06-28T22:00:00.000Z;Deutschland – Installation von Brandmeldeanlagen – Friedrich-von-Bodelschwingh-Schule, Wiesbaden / Brandschutzsanierung;Landeshauptstadt Wiesbaden - Der Magistrat - Hochbauamt;Wiesbaden;324398.22;;45311000 45312100;80;https://ted.europa.eu/bg/notice/-/detail/441971-2026
442120-2026;2026-06-28T22:00:00.000Z;Deutschland – Heizungs- und sonstige Elektroinstallationen in Gebäuden – BLB NRW NL Köln / Technische Hochschule Köln, Campus Deutz, Neubau Gebäude B, Heizungs- und Kälteanlage;Bau- und Liegenschaftsbetrieb NRW Köln;Köln;585586.25;;45315000 45331000 45331231;80;https://ted.europa.eu/bg/notice/-/detail/442120-2026
442344-2026;2026-06-28T22:00:00.000Z;Deutschland – Bauarbeiten – Neubau Kita Kruft;Verbandsgemeinde Pellenz;Plaidt;339541;;45311200;80;https://ted.europa.eu/bg/notice/-/detail/442344-2026
442712-2026;2026-06-28T22:00:00.000Z;Deutschland – Installation von Elektroanlagen – Neubau Versorgungstechnikgebäude VTII;Helmholtz-Zentrum Berlin für Materialien und Energie GmbH (HZB);Berlin;998101.1;;45311000;80;https://ted.europa.eu/bg/notice/-/detail/442712-2026
442993-2026;2026-06-28T22:00:00.000Z;Deutschland – Installation von Elektroanlagen – SWU-VLI | Verkehr Ladeinfrastruktur;SWU Verkehr GmbH;Ulm;3063266.87;;45311000;80;https://ted.europa.eu/bg/notice/-/detail/442993-2026
443100-2026;2026-06-28T22:00:00.000Z;Deutschland – Elektroinstallationsarbeiten – Sanierung Hallenbad Eiserfeld LOS1 Elektroinstallation LOS2 Alarmierungsanlage LOS3 Blitzschutzanlage;Universitätsstadt Siegen;Siegen;620227.15;;45311200 45311100 45312310 45312100;80;https://ted.europa.eu/bg/notice/-/detail/443100-2026
443973-2026;2026-06-28T22:00:00.000Z;Deutschland – Installation von Heizungs-, Lüftungs- und Klimaanlagen – Heizung, Kälte BA2;Berufsförderungswerk München gemeinnützige GmbH;Kirchseeon;351991;;45331000;80;https://ted.europa.eu/bg/notice/-/detail/443973-2026
444809-2026;2026-06-28T22:00:00.000Z;Deutschland – Elektroinstallationsarbeiten – Starkstromanlagen;Kulturstiftung Dessau-Wörlitz;Dessau-Roßlau;153810.31;;45311200;80;https://ted.europa.eu/bg/notice/-/detail/444809-2026
444842-2026;2026-06-28T22:00:00.000Z;Deutschland – Installation von Lüftungsanlagen – Lüftungstechnische Anlagen - Gesamtschule Münster-West -Erweiterungsneubau- TP1;Stadt Münster - Zentrale Rechtsdienstleistungen und Vergabemanagement;Münster;495860.27;;45330000 45331000 45331210;80;https://ted.europa.eu/bg/notice/-/detail/444842-2026
445510-2026;2026-06-28T22:00:00.000Z;Deutschland – Bau von Sporthallen – Bodenbelagsarbeiten, Sportboden, Sporthalle;Landeshauptstadt München, Baureferat;München;278446.92;;45331000;80;https://ted.europa.eu/bg/notice/-/detail/445510-2026
445533-2026;2026-06-28T22:00:00.000Z;Deutschland – Bauarbeiten – Generationenbrücke in Reit im Winkl - Nutzungsänderung zu einer 4-Gruppigen Kindertagesstätte und Einbau von 6-9 Wohneinheiten für Senioren mit einem Begegnungsort -- 44000 Elektroinstallationsarbeiten;Gemeinde Reit im Winkl;Reit im Winkl;1000000;2026-07-27T08:00:00.000Z;45311000 45311200 45317000 45310000 45312310 45312100;75;https://ted.europa.eu/bg/notice/-/detail/445533-2026
442453-2026;2026-06-28T22:00:00.000Z;Deutschland – Installation von Heizungs-, Lüftungs- und Klimaanlagen – Kältetechnik - Sanierung Zentralküche;Universitätsklinikum Düsseldorf;Düsseldorf;;2026-07-28T09:00:00.000Z;45331000 45331220 45331230;68;https://ted.europa.eu/bg/notice/-/detail/442453-2026
442547-2026;2026-06-28T22:00:00.000Z;Deutschland – Installation von Heizungs-, Lüftungs- und Klimaanlagen – Sanierung Mensa der offenen Schule Waldau in Kassel, Gewerk MSR, Gebäudeautomation;Stadt Kassel Immobilien GmbH & Co. KG;Kassel;;2026-07-30T08:00:00.000Z;45331000;68;https://ted.europa.eu/bg/notice/-/detail/442547-2026
442725-2026;2026-06-28T22:00:00.000Z;Deutschland – Elektroinstallationsarbeiten – Vilbeler Straße 38, Feuerwehr Ober-Erlenbach - Elektroarbeiten;Stadt Bad Homburg v. d. Höhe - Der Magistrat, Fachbereich Recht - Vergabestelle -;Bad Homburg v. d. Höhe;;2026-07-30T10:00:00.000Z;45311200 45310000;68;https://ted.europa.eu/bg/notice/-/detail/442725-2026
442757-2026;2026-06-28T22:00:00.000Z;Deutschland – Installation von Elektroanlagen – Stadtwerke Barsinghausen: Neubau des Wasserwerks Eckerde - VE 5 Netzersatzanlage (LV10);Stadtwerke Barsinghausen GmbH;Barsinghausen;;2026-08-03T08:00:00.000Z;45311000 45311200;68;https://ted.europa.eu/bg/notice/-/detail/442757-2026
442991-2026;2026-06-28T22:00:00.000Z;Deutschland – Installateurarbeiten – Sanitaerarbeiten;Staatliches Bauamt Aschaffenburg;Aschaffenburg;;2026-07-30T08:45:00.000Z;45330000;68;https://ted.europa.eu/bg/notice/-/detail/442991-2026
443187-2026;2026-06-28T22:00:00.000Z;Deutschland – Installation von Elektroanlagen – Landkreis Ludwigslust-Parchim - Neubau Feuerwehr-Service-Zentrum in Neustadt-Glewe - Los 403 - Stark- und Schwachstrom;Landkreis Ludwigslust-Parchim - Der Landrat;Parchim;;2026-07-28T07:30:00.000Z;45311000 45311200;68;https://ted.europa.eu/bg/notice/-/detail/443187-2026
443651-2026;2026-06-28T22:00:00.000Z;Deutschland – Elektroinstallationsarbeiten – Neubau Kindertagesstätte in der Rotbuchenstraße, Neumarkt i.d.OPf. - Elektroinstallation;Stadt Neumarkt i.d.OPf.;Neumarkt i.d.OPf.;;2026-07-28T08:00:00.000Z;45311200;68;https://ted.europa.eu/bg/notice/-/detail/443651-2026
443902-2026;2026-06-28T22:00:00.000Z;Deutschland – Installation von elektrischen Leitungen – ELT Anlagen 73-00390-3390-13a - PR1047703-3390-B;Fraunhofer-Gesellschaft zur Förderung der angewandten Forschung e.V. - Einkauf B12 - Vergabestelle Bau;München;;2026-07-31T08:00:00.000Z;45310000;68;https://ted.europa.eu/bg/notice/-/detail/443902-2026
444039-2026;2026-06-28T22:00:00.000Z;Deutschland – Installation von elektrischen Leitungen – Vilbeler Straße 38, Feuerwehr Ober-Erlenbach - Netzersatzanlage, Lieferung u. Inbetriebnahme;Stadt Bad Homburg v. d. Höhe - Der Magistrat, Fachbereich Recht - Vergabestelle -;Bad Homburg v. d. Höhe;;2026-07-30T10:00:00.000Z;45310000 45317200;68;https://ted.europa.eu/bg/notice/-/detail/444039-2026
444532-2026;2026-06-28T22:00:00.000Z;Deutschland – Sonstige Elektroinstallationsarbeiten – Stadtwerke Barsinghausen: Neubau des Wasserwerks Eckerde - VE 6 Energiezentrale (LV20);Stadtwerke Barsinghausen GmbH;Barsinghausen;;2026-08-03T08:00:00.000Z;45317000 45311000 45315600;68;https://ted.europa.eu/bg/notice/-/detail/444532-2026
444545-2026;2026-06-28T22:00:00.000Z;Deutschland – Installation von elektrischen Leitungen – KKE 15 - ELT_Neubau;Land Hessen, vertreten durch den Landesbetrieb Bau und Immobilien Hessen, Zentrale Vergabe;Bad Nauheim;;;45310000;68;https://ted.europa.eu/bg/notice/-/detail/444545-2026
444647-2026;2026-06-28T22:00:00.000Z;Deutschland – Reparatur und Wartung von elektrischen und mechanischen Einrichtungen in Gebäuden – Rahmenvertrag Instandhaltung RWA und Feststellanlagen;Flughafen Köln/Bonn GmbH;Köln;;2026-07-28T09:00:00.000Z;50710000;68;https://ted.europa.eu/bg/notice/-/detail/444647-2026
444874-2026;2026-06-28T22:00:00.000Z;Deutschland – Elektroinstallationsarbeiten – Neubau Mastfunkanlage Hasselburger Mühle (FBQ);DB InfraGO AG – Geschäftsbereich Fahrweg (Bukr 16);Frankfurt Main;;2026-08-04T07:00:00.000Z;45311200;68;https://ted.europa.eu/bg/notice/-/detail/444874-2026
445144-2026;2026-06-28T22:00:00.000Z;Deutschland – Friedhof – Elektroinstallationsarbeiten, Brandmeldeanlage;Landeshauptstadt München, Baureferat;München;;2026-07-30T07:40:00.000Z;45310000 45312100;68;https://ted.europa.eu/bg/notice/-/detail/445144-2026
445430-2026;2026-06-28T22:00:00.000Z;"Deutschland – Bau von Theatern – Los 73 - Schwachstromtechnik; Landestheater Altenburg, Theaterplatz 19, 04600 Altenburg, Sanierung Kronenboden";Landkreis Altenburger Land;Altenburg;;2026-07-28T08:00:00.000Z;45311000;68;https://ted.europa.eu/bg/notice/-/detail/445430-2026
441993-2026;2026-06-28T22:00:00.000Z;Deutschland – Installation von Sanitäreinrichtungen – GS Lüne, Umbau und Sanierung der Bestandsgebäude, BA 2;Hansestadt Lüneburg;Lüneburg;;2026-08-18T07:00:00.000Z;45332400;63;https://ted.europa.eu/bg/notice/-/detail/441993-2026
442103-2026;2026-06-28T22:00:00.000Z;Deutschland – Installation von elektrischen Leitungen – Lieferung und Montage elektrotechnischer Anlagen für die Erweiterung OGS Stürzelberg in Dormagen;Stadt Dormagen, vertreten durch den Eigenbetrieb Dormagen;Dormagen;;2026-07-27T10:00:00.000Z;45310000 45314000 45312310 45312200;63;https://ted.europa.eu/bg/notice/-/detail/442103-2026
442679-2026;2026-06-28T22:00:00.000Z;Deutschland – Elektroinstallationsarbeiten – GOK, Sanierung technische Infrastruktur;Staatsbetrieb Sächsisches Immobilien- und Baumanagement, Zentrale, Zentralstelle Vergabe- und Vertragsmanagement;Dresden;;2026-07-28T07:00:00.000Z;45311200;63;https://ted.europa.eu/bg/notice/-/detail/442679-2026
443704-2026;2026-06-28T22:00:00.000Z;Deutschland – Bauleistungen im Hochbau – 928_2026_SN_Plinganserstr_ELT_Tiefgarage_mahe;Münchner Wohnen GmbH;München;;2026-07-27T08:00:00.000Z;45311200;63;https://ted.europa.eu/bg/notice/-/detail/443704-2026
443932-2026;2026-06-28T22:00:00.000Z;Deutschland – Installation von Heizungs-, Lüftungs- und Klimaanlagen – Wärmeversorgungs- und Kälteanlagen;Technologierförderung Münster GmbH;Münster;;2026-07-27T08:00:00.000Z;45331000 45331100 45331200;63;https://ted.europa.eu/bg/notice/-/detail/443932-2026
444013-2026;2026-06-28T22:00:00.000Z;Deutschland – Installation von Lüftungsanlagen – Raumlufttechnische Anlagen, Klimatechnik;Staatliches Bau- und Liegenschaftsamt Rostock;Rostock;;2026-09-04T21:59:00.000Z;45331210 45331220;63;https://ted.europa.eu/bg/notice/-/detail/444013-2026
444139-2026;2026-06-28T22:00:00.000Z;Deutschland – Installateurarbeiten und Verlegung von Abwasserleitungen – Sanitärarbeiten;OPG Offenbacher Projektentwicklungsgesellschaft mbH im Namen und Rechnung des Magistrates der Stadt Offenbach am Main;Offenbach am Main;;2026-07-27T11:00:00.000Z;45332000;63;https://ted.europa.eu/bg/notice/-/detail/444139-2026
444174-2026;2026-06-28T22:00:00.000Z;Deutschland – Installation von Elektroanlagen – Elektroanlagen;Sprinkenhof GmbH;Hamburg;;2026-07-24T10:00:00.000Z;45311000;63;https://ted.europa.eu/bg/notice/-/detail/444174-2026
445187-2026;2026-06-28T22:00:00.000Z;Deutschland – Installation von elektrischen Leitungen – 26S30260 - Marinestützpunkt Wilhelmshaven - Elektro-, FM- und IT-Installation;Bundesrepublik Deutschland vertreten durch das Staatliche Baumanagement Niedersachsen;Bad Iburg;;2026-07-27T07:00:00.000Z;45310000;63;https://ted.europa.eu/bg/notice/-/detail/445187-2026
445291-2026;2026-06-28T22:00:00.000Z;"Deutschland – Elektroinstallationsarbeiten – Verbandsgemeinde Ruwer; Neubau der Grundschule in Osburg";Verbandsgemeindeverwaltung Ruwer;Waldrach;;2026-07-01T10:00:00.000Z;45311200;63;https://ted.europa.eu/bg/notice/-/detail/445291-2026
442955-2026;2026-06-28T22:00:00.000Z;Deutschland – Stromversorgungsanlagen – Netzersatzaggregate;Staatliches Bauamt Erlangen-Nürnberg, Technische Geschäftsleitung, SG Bau;Erlangen;1952983.89;2026-08-04T07:04:00.000Z;45315300;60;https://ted.europa.eu/bg/notice/-/detail/442955-2026
443013-2026;2026-06-28T22:00:00.000Z;Deutschland – Bauarbeiten für Fernstraßen und Straßen – Errichtung eines Feuerwehrhauses in innovativer Holzbauweise;Gemeinde Wentorf bei Hamburg, Die Bürgermeisterin (Kreis Herzogtum Lauenburg);Wentorf bei Hamburg;136339.6;;45310000;60;https://ted.europa.eu/bg/notice/-/detail/443013-2026
443998-2026;2026-06-28T22:00:00.000Z;Deutschland – Installation von Heizungs-, Lüftungs- und Klimaanlagen – 0070 - Stadt Pocking - Generalsanierung und Erweiterung Mittelschule Pocking M2 - Heizung;Stadt Pocking;Pocking;0;;45331000;60;https://ted.europa.eu/bg/notice/-/detail/443998-2026
444871-2026;2026-06-28T22:00:00.000Z;Deutschland – Installation von Lüftungsanlagen – BLB NRW Köln / Technische Hochschule Köln, Campus Deutz, Neubau Gebäude B, Lüftungsanlagen;Bau- und Liegenschaftsbetrieb NRW Köln;Köln;1138669.71;;45331210;60;https://ted.europa.eu/bg/notice/-/detail/444871-2026
442244-2026;2026-06-28T22:00:00.000Z;Deutschland – Installation von Sanitäreinrichtungen – KBS Campus, hier: Sanitärinstallation;Deutsche Rentenversicherung Knappschaft-Bahn-See;Bochum;;;45332400;48;https://ted.europa.eu/bg/notice/-/detail/442244-2026
442337-2026;2026-06-28T22:00:00.000Z;Deutschland – Installation von Lüftungsanlagen – Lueftungsarbeiten;Staatliches Bauamt Aschaffenburg;Aschaffenburg;;2026-07-30T08:30:00.000Z;45331210;48;https://ted.europa.eu/bg/notice/-/detail/442337-2026
442429-2026;2026-06-28T22:00:00.000Z;Deutschland – Installation von Lüftungs- und Klimaanlagen – Lüftungsanlagen, Raumlufttechnische anlagen;Landeshauptstadt München, Baureferat;München;;2026-07-28T09:10:00.000Z;45331200 45331210;48;https://ted.europa.eu/bg/notice/-/detail/442429-2026
442832-2026;2026-06-28T22:00:00.000Z;Deutschland – Installation von Kesseln – Erneuerung Heizzentrale;Vergabestelle Landeshauptstadt Stuttgart;Stuttgart;;2026-07-28T08:00:00.000Z;45331110 45331100;48;https://ted.europa.eu/bg/notice/-/detail/442832-2026
443017-2026;2026-06-28T22:00:00.000Z;Deutschland – Installation von Lüftungsanlagen – Abgasabsaugungsanlage Feuerwache Kirchhellen;Stadt Bottrop;Bottrop;;2026-08-06T08:00:00.000Z;45331210;48;https://ted.europa.eu/bg/notice/-/detail/443017-2026
443325-2026;2026-06-28T22:00:00.000Z;Deutschland – Mittelspannungsarbeiten – Errichtung einer Trafokompaktstation für die Mittelspannungsversorgung des Bildungscampuses Ludwigshöhviertel;Wissenschaftsstadt Darmstadt vertr. durch Darmstädter Stadtentwicklungs GmbH & Co.KG (DSE);Darmstadt;;2026-07-29T07:00:00.000Z;45315500 45317200;48;https://ted.europa.eu/bg/notice/-/detail/443325-2026
444280-2026;2026-06-28T22:00:00.000Z;Deutschland – Wasserinstallationsarbeiten – Sanierung Mensa der offenen Schule Waldau in Kassel, Gewerk Sanitär;Stadt Kassel Immobilien GmbH & Co. KG;Kassel;;2026-07-30T08:00:00.000Z;45332200 45332300;48;https://ted.europa.eu/bg/notice/-/detail/444280-2026
444590-2026;2026-06-28T22:00:00.000Z;Deutschland – Installation von Schaltanlagen – Neubau Cuno-Raabe-Schule Fulda - Gebäudeautomation;Vergabestelle der Stadt Fulda;Fulda;;2026-07-30T09:00:00.000Z;45315700;48;https://ted.europa.eu/bg/notice/-/detail/444590-2026
444708-2026;2026-06-28T22:00:00.000Z;Deutschland – Bau von Sporthallen – 2024-08 Sporthalle Hasenberg, 2408-15 Raumlufttechnische Anlagen;Stadt Lauenburg/Elbe - Der Bürgermeister;Lauenburg/Elbe;;2026-08-04T08:20:00.000Z;45331210;48;https://ted.europa.eu/bg/notice/-/detail/444708-2026
444991-2026;2026-06-28T22:00:00.000Z;Deutschland – Installation von Zentralheizungen – Sanierung Mensa der offenen Schule Waldau in Kassel, Gewerk Heizung;Stadt Kassel Immobilien GmbH & Co. KG;Kassel;;2026-07-30T08:00:00.000Z;45331100;48;https://ted.europa.eu/bg/notice/-/detail/444991-2026
445137-2026;2026-06-28T22:00:00.000Z;Deutschland – Installation von Aufzügen – Landkreis Ludwigslust-Parchim - Erweiterungsbau für das Gymnasiales Schulzentrum in 19243 Wittenburg - Los 46 - Aufzugsanlage;Landkreis Ludwigslust-Parchim - Der Landrat;Parchim;;2026-07-28T08:00:00.000Z;45313100 45313000;48;https://ted.europa.eu/bg/notice/-/detail/445137-2026
445274-2026;2026-06-28T22:00:00.000Z;Deutschland – Wasserinstallationsarbeiten – 62-2026-347-EA - Sanitäranlage DIN18381, Bauteil BC;Stadt Regensburg;Regensburg;;2026-07-28T08:00:00.000Z;45332200 45332300 45332400;48;https://ted.europa.eu/bg/notice/-/detail/445274-2026
445332-2026;2026-06-28T22:00:00.000Z;Deutschland – Installation von Lüftungs- und Klimaanlagen – Sanierung Mensa der offenen Schule Waldau in Kassel, Gewerk Lüftung und Kälte;Stadt Kassel Immobilien GmbH & Co. KG;Kassel;;2026-07-30T08:00:00.000Z;45331200;48;https://ted.europa.eu/bg/notice/-/detail/445332-2026
445520-2026;2026-06-28T22:00:00.000Z;Deutschland – Installation von Lüftungsanlagen – Amt Stralendorf - Neubau Erweiterungsbau II gymnasiales Schulzentrum in 19073 Stralendorf - Los 31 Lüftung;Amt Stralendorf - Der Amtsvorsteher;Stralendorf;;;45331210 45331200;48;https://ted.europa.eu/bg/notice/-/detail/445520-2026
445728-2026;2026-06-28T22:00:00.000Z;Deutschland – Abdichtungs- und Dämmarbeiten – Dampftechnik - Sanierung Zentralküche;Universitätsklinikum Düsseldorf;Düsseldorf;;2026-07-28T09:30:00.000Z;45331100 45332200;48;https://ted.europa.eu/bg/notice/-/detail/445728-2026
442473-2026;2026-06-28T22:00:00.000Z;Deutschland, Belgien – Transport zu Wasser und zugehörige Dienste – On-/offshore Cable Jointing Services & Offshore Cable Repair Logistic Services;50Hertz Transmission GmbH: Vertragsschließende Einheit / Auftraggeber (Contracting Entity) für Lots 1–5;Berlin;752000000;2026-07-20T08:00:00.000Z;45314300;45;https://ted.europa.eu/bg/notice/-/detail/442473-2026
442159-2026;2026-06-28T22:00:00.000Z;Deutschland – Installation von Aufzügen – Neubau Feuerwehrgerätehaus Mitte - Aufzugsanlage;Gemeinde Hüllhorst über Kreis Minden-Lübbecke;Minden;;2026-07-06T06:00:00.000Z;45313100;43;https://ted.europa.eu/bg/notice/-/detail/442159-2026
444166-2026;2026-06-28T22:00:00.000Z;Deutschland – Installation von Lüftungsanlagen – Lieferung und Montage lüftungstechnischer Anlagen für die Erweiterung OGS Stürzelberg in Dormagen;Stadt Dormagen, vertreten durch den Eigenbetrieb Dormagen;Dormagen;;2026-07-27T10:00:00.000Z;45331210;43;https://ted.europa.eu/bg/notice/-/detail/444166-2026
444422-2026;2026-06-28T22:00:00.000Z;Deutschland – Bau von Theatern – Fördertechnik: Kulissenpodium;Nationaltheater Mannheim;Mannheim;;2026-07-14T10:30:00.000Z;45315100;43;https://ted.europa.eu/bg/notice/-/detail/444422-2026
444440-2026;2026-06-28T22:00:00.000Z;Deutschland – Bauarbeiten für Schwimmbäder – Wärmeversorgungsanlagen / Energiekonzept Hallenbad und Freibad Leichlingen;Leichlinger Bäderbetriebs- und Beteiligungs-GmbH;Leichlingen;;2026-07-07T07:59:00.000Z;45331100;43;https://ted.europa.eu/bg/notice/-/detail/444440-2026
444491-2026;2026-06-28T22:00:00.000Z;Deutschland – Bauinstallationsarbeiten – EVC HotSpots - Ausführung Montage LWL Netz;Elektroenergieversorgung Cottbus GmbH;Cottbus;;2026-07-27T14:00:00.000Z;45314300 45314310;43;https://ted.europa.eu/bg/notice/-/detail/444491-2026
443461-2026;2026-06-28T22:00:00.000Z;Deutschland – Installation von Alarmanlagen und Antennen – Fernmelde- und Informationstechnische Anlagen;Kulturstiftung Dessau-Wörlitz;Dessau-Roßlau;88860.96;;45312000;40;https://ted.europa.eu/bg/notice/-/detail/443461-2026
444429-2026;2026-06-28T22:00:00.000Z;Deutschland – Installation von Aufzügen – GGSD, Schulneubau in Coburg - Aufzugsanlage;Gemeinnützige Gesellschaft für soziale Dienste -DAA- mbH;Nürnberg;39475;;45313100;40;https://ted.europa.eu/bg/notice/-/detail/444429-2026
